entry_id,lit_id,site_id,site_name,title,year,author,doi,document_type,purpose,data_collection,modeling,adaptive_management,sediment_characteristic,sediment_source,covered_topics_ecohydrology,covered_topics_ecohydraulics,covered_topics_ecological_systems,covered_topics_future_conditions,risk_and_uncertainty,special_cases,geography,sustainable_sediment_management,land_use,channel_type
E00001,L0001,tuttle-creek,Tuttle Creek,Characterizing and Mapping Sediment Erodibility of Tuttle Creek Lake in Northeast Kansas,2016,"Bloedel, PM",https://krex.k-state.edu/server/api/core/bitstreams/4cdcf3f4-91f4-4782-9117-98d48f867272/content,Thesis,Analysis,Sediment,Laboratory Analysis,Watershed Planning,Cohesive,"Reservoir Pool,Bank Erosion",Not Applicable,Not Applicable,Not Applicable,Not Applicable,Not Applicable,Not Applicable,,Not Applicable,Not Applicable,
E00002,L0002,tuttle-creek,Tuttle Creek,Monitoring Geomorphology to Inform Ecological Outcomes Downstream of Reservoirs Affected by Sediment Release,2024,"Harris, AE, Hernandez-Abrams, DD",http://dx.doi.org/10.21079/11681/48470,ERDC TN,"Analysis,Planning","Bathymetry,Sediment,Ecological","Hydraulic Modeling,Sediment Transport Modeling",Operations,"Cohesive,Sand,Gravel,Suspended",Reservoir Release,Yes,Yes,Not Applicable,Not Applicable,Not Applicable,Not Applicable,,Sediment Release,Not Applicable,
E00003,L0003,tuttle-creek,Tuttle Creek,"Suspended-sediment loads, reservoir sediment trap efficiency, and upstream and downstream channel stability for Kanopolis and Tuttle Creek Lakes, Kansas",2008,"Juracek, KE",USGS SIR 2011-5187,Government Report,Analysis,"Sediment,Bathymetry",Regression,Watershed Planning,Suspended,"Headcut,Suspended",Not Applicable,Not Applicable,Not Applicable,Not Applicable,Not Applicable,Not Applicable,,Not Applicable,Not Applicable,
E00004,L0004,tuttle-creek,Tuttle Creek,Effect of Water-Injection Dredging (WID) Operations on Water Quality Downstream from Tuttle Creek Reservoir,2024,Kansas Water Science Center,https://www.usgs.gov/centers/kansas-water-science-center/science/effect-water-injection-dredging-wid-operations-water,USGS Report,"Planning,Analysis,Reporting","Water Quality,Sediment",Regression,Operations,Suspended,Reservoir Release,Not Applicable,Not Applicable,Not Applicable,Not Applicable,Not Applicable,Not Applicable,,Sediment Release,Not Applicable,
E00005,L0005,tuttle-creek,Tuttle Creek,"Analysis of a Hydrosuction Sediment Removal System for Tuttle Creek Lake, Kansas",2019,"Shelley, J",ERDC/TN RSM-19-5,ERDC TN,Operations,Not Applicable,Hydraulic Equations,Operations,Suspended,Reservoir Release,Not Applicable,Not Applicable,Not Applicable,Not Applicable,Not Applicable,Not Applicable,,Sediment Release,Not Applicable,
E00006,L0006,tuttle-creek,Tuttle Creek,Reservoir Sediment Management Workshop for Tuttle Creek Lake and Perry Lake Reservoirs in the Kansas River Basin,2015,"Shelley, J",ERDC/CHL CHETN-XIV-43,ERDC TN,Planning,Public Participation,Not Applicable,"Operations,Maintenance",Not Applicable,Reservoir Release,Not Applicable,Not Applicable,Not Applicable,Not Applicable,Not Applicable,Not Applicable,,Sediment Release,Not Applicable,
E00007,L0007,cochiti,Cochiti,Cochiti Baseline Study: A Data Compendium,2013,USACE,https://www.spa.usace.army.mil/Portals/16/docs/civilworks/Cochiti%20Baseline%20Summary.pdf,USACE Report,Reporting,"Bathymetry,Sediment,Ecological",Sediment Transport Modeling,Watershed Planning,"Cohesive,Sand",Not Applicable,Not Applicable,Yes,Yes,Not Applicable,Not Applicable,Not Applicable,,Not Applicable,Not Applicable,
E00008,L0008,ohio-river,Ohio River,"Numerical Sedimentation Study of Shoaling on the Ohio River near Mound City, Illinois",2015,"Abraham, D, Clifton, N, Vessels, B (USACE-ERDC-CHL)",https://usace.contentdm.oclc.org/digital/collection/p266001coll1/id/3911/,ERDC TN,Analysis,"Bathymetry,Sediment","Hydraulic Modeling,Sediment Transport Modeling",Economics,"Sand,Suspended",Suspended,Not Applicable,Not Applicable,Not Applicable,Yes,Not Applicable,Not Applicable,"Ohio River, Mound City, IL",Not Applicable,Not Applicable,
E00009,L0009,bonnet-carre-spillway,Bonnet Carré Spillway,Mississippi River channel response to the Bonnet Carré Spillway opening in the 2011 flood and its implications for the design and operation of river diversions,2013,"Allison, MA, Vosburg, BM, Ramirez, MT, Meselhe, EA",http://dx.doi.org/10.1016/j.jhydrol.2012.11.011,Journal Article,Reporting,"Bathymetry,Water Quality,Sediment,Hydraulics",Regression,"Flood risk,watershed planning,Maintenance,Operations","Cohesive,Sand,Suspended",Suspended,Not Applicable,Not Applicable,Not Applicable,Yes,Flood,Not Applicable,Lower Mississippi River,Flood diversion,Wetlands,
E00010,L0010,mud-mountain-dam,Mud Mountain Dam,Calibrating a Sediment Transport Model through a Gravel-Sand Transition: Avoiding Equifinality Errors in HEC-RAS Models of the Puyallup and White Rivers,2017,"Gibson, S, Comport, B, Corum, Z",https://doi.org/10.1061/9780784480625.017,Conference Paper,Analysis,"Bathymetry,Water Quality,Sediment",Sediment Transport Modeling,Flood risk,"Gravel,Sand",Suspended,Not Applicable,Not Applicable,Not Applicable,Yes,Flood,Not Applicable,"Washington, USA",Not Applicable,Not Applicable,
E00011,L0011,madeira-river,Madeira River,Two pool-to-pool spacing periods on large sand-bed rivers: Mega-pools on the Madeira and Mississippi,2019,"Gibson, S, Osorio, A, Creech,C, Amorim, R, Dircksen, M, Dahl, T, Koohafkan, M",https://doi.org/10.1016/j.geomorph.2018.12.021,Journal Article,Analysis,"Bathymetry,Hydraulics","Hydraulic Modeling,Frequency Analysis",Not Applicable,Sand,"Suspended,Erosion",Not Applicable,Not Applicable,Not Applicable,Yes,Not Applicable,Not Applicable,,Land Management,Not Applicable,
E00012,L0011,mississippi-river,Mississippi River,Two pool-to-pool spacing periods on large sand-bed rivers: Mega-pools on the Madeira and Mississippi,2019,"Gibson, S, Osorio, A, Creech,C, Amorim, R, Dircksen, M, Dahl, T, Koohafkan, M",https://doi.org/10.1016/j.geomorph.2018.12.021,Journal Article,Analysis,"Bathymetry,Hydraulics","Hydraulic Modeling,Frequency Analysis",Not Applicable,Sand,"Suspended,Erosion",Not Applicable,Not Applicable,Not Applicable,Yes,Not Applicable,Not Applicable,,Land Management,Not Applicable,
E00013,L0012,dahla-dam,Dahla Dam,Negotiating Hydraulic Uncertainty in Long Term Reservoir Sediment Models: Simulating Argandab Reservoir Deposition with HEC-RAS,2015,"Gibson, S, Pridal, D",https:/www.sedhyd.org/past/Proceedings%20(1).pdf,Conference Paper,"Planning,Analysis","Bathymetry,Sediment,Hydraulics",Sediment Transport Modeling,"Maintenance,Operations",Sand,Suspended,Not Applicable,Not Applicable,Not Applicable,Yes,Not Applicable,Not Applicable,Afghanistan,Deposition Control,Not Applicable,
E00014,L0013,big-rapids-dam,Big Rapids Dam,Environmental Effects of the Big Rapids Dam Remnant Removal,2003,"Healy, DF, Rheaume, SJ, Simpson, JA",https://doi.org/10.3133/wri034136,Government Report,"Reporting,Analysis","Bathymetry,Water Quality,Sediment","Frequency Analysis,Regression",Maintenance,"Suspended,Bedload","Bank erosion,Reservoir release",Not Applicable,Not Applicable,Not Applicable,Not Applicable,Not Applicable,Not Applicable,Michigan,"Sediment release,dam removal,Depostion control",Not Applicable,
E00015,L0014,arroyo-seco,Arroyo Seco,In situ measurements of post-fire debris flows in southern California: Comparisons of the timing and magnitude of 24 debris-flow events with rainfall and soil moisture conditions,2011,"Kean, JW, Staley, DM, Cannon, SH",https://doi.org/10.1029/2011JF002005,Journal Article,"Operations,Analysis","Bathymetry,Sediment,Hydraulics","Hydraulic Equations,Frequency Analysis,Regression","Watershed Planning,Operations","Gravel,Sand,Suspended,Rock",Debris,Not Applicable,Not Applicable,Not Applicable,Not Applicable,Flood,"Debris flow,Wildfire",Southern California,Land Management,Not Applicable,
E00016,L0014,jesusita,Jesusita,In situ measurements of post-fire debris flows in southern California: Comparisons of the timing and magnitude of 24 debris-flow events with rainfall and soil moisture conditions,2011,"Kean, JW, Staley, DM, Cannon, SH",https://doi.org/10.1029/2011JF002005,Journal Article,"Operations,Analysis","Bathymetry,Sediment,Hydraulics","Hydraulic Equations,Frequency Analysis,Regression","Watershed Planning,Operations","Gravel,Sand,Suspended,Rock",Debris,Not Applicable,Not Applicable,Not Applicable,Not Applicable,Flood,"Debris flow,Wildfire",Southern California,Land Management,Not Applicable,
E00017,L0014,dunsmore-2,Dunsmore 2,In situ measurements of post-fire debris flows in southern California: Comparisons of the timing and magnitude of 24 debris-flow events with rainfall and soil moisture conditions,2011,"Kean, JW, Staley, DM, Cannon, SH",https://doi.org/10.1029/2011JF002005,Journal Article,"Operations,Analysis","Bathymetry,Sediment,Hydraulics","Hydraulic Equations,Frequency Analysis,Regression","Watershed Planning,Operations","Gravel,Sand,Suspended,Rock",Debris,Not Applicable,Not Applicable,Not Applicable,Not Applicable,Flood,"Debris flow,Wildfire",Southern California,Land Management,Not Applicable,
E00018,L0014,dunsmore-1,Dunsmore 1,In situ measurements of post-fire debris flows in southern California: Comparisons of the timing and magnitude of 24 debris-flow events with rainfall and soil moisture conditions,2011,"Kean, JW, Staley, DM, Cannon, SH",https://doi.org/10.1029/2011JF002005,Journal Article,"Operations,Analysis","Bathymetry,Sediment,Hydraulics","Hydraulic Equations,Frequency Analysis,Regression","Watershed Planning,Operations","Gravel,Sand,Suspended,Rock",Debris,Not Applicable,Not Applicable,Not Applicable,Not Applicable,Flood,"Debris flow,Wildfire",Southern California,Land Management,Not Applicable,
E00019,L0014,big-tujunga,Big Tujunga,In situ measurements of post-fire debris flows in southern California: Comparisons of the timing and magnitude of 24 debris-flow events with rainfall and soil moisture conditions,2011,"Kean, JW, Staley, DM, Cannon, SH",https://doi.org/10.1029/2011JF002005,Journal Article,"Operations,Analysis","Bathymetry,Sediment,Hydraulics","Hydraulic Equations,Frequency Analysis,Regression","Watershed Planning,Operations","Gravel,Sand,Suspended,Rock",Debris,Not Applicable,Not Applicable,Not Applicable,Not Applicable,Flood,"Debris flow,Wildfire",Southern California,Land Management,Not Applicable,
E00020,L0015,andrews-creek,Andrews Creek,Evaluating Pre- and Post-Fire Peak Discharge Predictions across Western U.S. Watersheds,2014,"Kinoshita, AM, Hogue, TS, Napper, C",https://doi.org/10.1111/jawr.12226,Journal Article,Analysis,Hydraulics,"Hydraulic Modeling,Frequency Analysis","Flood risk,Watershed planning",Not Applicable,Not Applicable,Not Applicable,Not Applicable,Not Applicable,Yes,Flood,Wildfire,Western USA,Not Applicable,Not Applicable,
E00021,L0015,arroyo-seco,Arroyo Seco,Evaluating Pre- and Post-Fire Peak Discharge Predictions across Western U.S. Watersheds,2014,"Kinoshita, AM, Hogue, TS, Napper, C",https://doi.org/10.1111/jawr.12226,Journal Article,Analysis,Hydraulics,"Hydraulic Modeling,Frequency Analysis","Flood risk,Watershed planning",Not Applicable,Not Applicable,Not Applicable,Not Applicable,Not Applicable,Yes,Flood,Wildfire,Western USA,Not Applicable,Not Applicable,
E00022,L0015,devil-canyon,Devil Canyon,Evaluating Pre- and Post-Fire Peak Discharge Predictions across Western U.S. Watersheds,2014,"Kinoshita, AM, Hogue, TS, Napper, C",https://doi.org/10.1111/jawr.12226,Journal Article,Analysis,Hydraulics,"Hydraulic Modeling,Frequency Analysis","Flood risk,Watershed planning",Not Applicable,Not Applicable,Not Applicable,Not Applicable,Not Applicable,Yes,Flood,Wildfire,Western USA,Not Applicable,Not Applicable,
E00023,L0015,frye-creek,Frye Creek,Evaluating Pre- and Post-Fire Peak Discharge Predictions across Western U.S. Watersheds,2014,"Kinoshita, AM, Hogue, TS, Napper, C",https://doi.org/10.1111/jawr.12226,Journal Article,Analysis,Hydraulics,"Hydraulic Modeling,Frequency Analysis","Flood risk,Watershed planning",Not Applicable,Not Applicable,Not Applicable,Not Applicable,Not Applicable,Yes,Flood,Wildfire,Western USA,Not Applicable,Not Applicable,
E00024,L0015,bull-3,Bull #3,Evaluating Pre- and Post-Fire Peak Discharge Predictions across Western U.S. Watersheds,2014,"Kinoshita, AM, Hogue, TS, Napper, C",https://doi.org/10.1111/jawr.12226,Journal Article,Analysis,Hydraulics,"Hydraulic Modeling,Frequency Analysis","Flood risk,Watershed planning",Not Applicable,Not Applicable,Not Applicable,Not Applicable,Not Applicable,Yes,Flood,Wildfire,Western USA,Not Applicable,Not Applicable,
E00025,L0015,rock-creek,Rock Creek,Evaluating Pre- and Post-Fire Peak Discharge Predictions across Western U.S. Watersheds,2014,"Kinoshita, AM, Hogue, TS, Napper, C",https://doi.org/10.1111/jawr.12226,Journal Article,Analysis,Hydraulics,"Hydraulic Modeling,Frequency Analysis","Flood risk,Watershed planning",Not Applicable,Not Applicable,Not Applicable,Not Applicable,Not Applicable,Yes,Flood,Wildfire,Western USA,Not Applicable,Not Applicable,
E00026,L0015,fridley,Fridley,Evaluating Pre- and Post-Fire Peak Discharge Predictions across Western U.S. Watersheds,2014,"Kinoshita, AM, Hogue, TS, Napper, C",https://doi.org/10.1111/jawr.12226,Journal Article,Analysis,Hydraulics,"Hydraulic Modeling,Frequency Analysis","Flood risk,Watershed planning",Not Applicable,Not Applicable,Not Applicable,Not Applicable,Not Applicable,Yes,Flood,Wildfire,Western USA,Not Applicable,Not Applicable,
E00027,L0015,hayman,Hayman,Evaluating Pre- and Post-Fire Peak Discharge Predictions across Western U.S. Watersheds,2014,"Kinoshita, AM, Hogue, TS, Napper, C",https://doi.org/10.1111/jawr.12226,Journal Article,Analysis,Hydraulics,"Hydraulic Modeling,Frequency Analysis","Flood risk,Watershed planning",Not Applicable,Not Applicable,Not Applicable,Not Applicable,Not Applicable,Yes,Flood,Wildfire,Western USA,Not Applicable,Not Applicable,
E00028,L0016,puerto-rico,Puerto Rico,"A Rainfall Intensity-Duration Threshold for Landslides in a Humid-Tropical Environment, Puerto Rico",1993,"Larsen, M, Simon, A",https://doi.org/10.2307/521049,Journal Article,Analysis,"Bathymetry,Hydraulics",Regression,Watershed planning,"Cohesive,Gravel,Sand",Debris,Not Applicable,Not Applicable,Not Applicable,Not Applicable,Flood,Debris flow,Puerto Rico,Land Management,"Forestry,Upland",
E00029,L0017,conemaugh-river-lake,Conemaugh River Lake,"The growing reservoir sedimentation problem in the U.S. Army Engineer District, Pittsburgh: Preparing for the 21st century",1999,"Loehlein, WC",https://doi.org/10.1061/40430(1999)104,Conference Paper,Operations,"Bathymetry,Sediment",Not Applicable,"Flood risk,Operations",Not Applicable,Erosion,Not Applicable,Not Applicable,Not Applicable,Not Applicable,Flood,Not Applicable,Pennsylvania,Deposition Control,Not Applicable,
E00030,L0017,loyalhanna-lake,Loyalhanna Lake,"The growing reservoir sedimentation problem in the U.S. Army Engineer District, Pittsburgh: Preparing for the 21st century",1999,"Loehlein, WC",https://doi.org/10.1061/40430(1999)104,Conference Paper,Operations,"Bathymetry,Sediment",Not Applicable,"Flood risk,Operations",Not Applicable,Erosion,Not Applicable,Not Applicable,Not Applicable,Not Applicable,Flood,Not Applicable,Pennsylvania,Deposition Control,Not Applicable,
E00031,L0017,crooked-creek-lake,Crooked Creek Lake,"The growing reservoir sedimentation problem in the U.S. Army Engineer District, Pittsburgh: Preparing for the 21st century",1999,"Loehlein, WC",https://doi.org/10.1061/40430(1999)104,Conference Paper,Operations,"Bathymetry,Sediment",Not Applicable,"Flood risk,Operations",Not Applicable,Erosion,Not Applicable,Not Applicable,Not Applicable,Not Applicable,Flood,Not Applicable,Pennsylvania,Deposition Control,Not Applicable,
E00032,L0017,tionesta-lake,Tionesta Lake,"The growing reservoir sedimentation problem in the U.S. Army Engineer District, Pittsburgh: Preparing for the 21st century",1999,"Loehlein, WC",https://doi.org/10.1061/40430(1999)104,Conference Paper,Operations,"Bathymetry,Sediment",Not Applicable,"Flood risk,Operations",Not Applicable,Erosion,Not Applicable,Not Applicable,Not Applicable,Not Applicable,Flood,Not Applicable,Pennsylvania,Deposition Control,Not Applicable,
E00033,L0018,,East Coast,Sources and sinks of river sediment in the Atlantic Drainage of the United States.,1982,"Meade, RH",https://doi.org/10.1086/628677,Journal Article,Analysis,"Bathymetry,Water quality,Sediment,Hydraulics","Frequency Analysis,Regression",Watershed Planning,Suspended,"Suspended,Erosion",Not Applicable,Not Applicable,Not Applicable,Not Applicable,Not Applicable,Not Applicable,Eastern USA,"Land Management,Deposition control",Lowland,
E00034,L0018,,USA,Sources and sinks of river sediment in the Atlantic Drainage of the United States.,1982,"Meade, RH",https://doi.org/10.1086/628677,Journal Article,Analysis,"Bathymetry,Water quality,Sediment,Hydraulics","Frequency Analysis,Regression",Watershed Planning,Suspended,"Suspended,Erosion",Not Applicable,Not Applicable,Not Applicable,Not Applicable,Not Applicable,Not Applicable,Eastern USA,"Land Management,Deposition control",Lowland,
E00035,L0019,clearwater-national-forest,Clearwater National Forest,Landside occurrence in the western and central northern Rocky Mountain physiographic provinces in Idaho.,1978,"Megahan, WF, Day, NF, Bliss, TM",https://geodata.geology.utah.gov/pages/download.php?direct=1&noattach=true&ref=4784&ext=pdf&k=,Conference Paper,Analysis,Hydraulics,"Frequency Analysis,Regression","Economics,Watershed planning",Not Applicable,"Debris,Erosion",Yes,Yes,Not Applicable,Not Applicable,Flood,Debris flow,Idaho,Land Management,"Upland,Forestry",
E00036,L0019,middle-fork-payette-river,Middle Fork Payette River,Landside occurrence in the western and central northern Rocky Mountain physiographic provinces in Idaho.,1978,"Megahan, WF, Day, NF, Bliss, TM",https://geodata.geology.utah.gov/pages/download.php?direct=1&noattach=true&ref=4784&ext=pdf&k=,Conference Paper,Analysis,Hydraulics,"Frequency Analysis,Regression","Economics,Watershed planning",Not Applicable,"Debris,Erosion",Yes,Yes,Not Applicable,Not Applicable,Flood,Debris flow,Idaho,Land Management,"Upland,Forestry",
E00037,L0020,aswan-high-dam,Aswan High Dam,Predicting the deposition in the Aswan High Dam Reservoir using a 2-D model,2013,"Moussa, AMA",https://doi.org/10.1016/j.asej.2012.08.004,Journal Article,"Planning,Design,Analysis","Bathymetry,Sediment","Hydraulic Modeling,Sediment Transport Modeling,Frequency Analysis,Regression","Watershed Planning,Maintenance,Operations","Suspended,Bedload","Suspended,Erosion",Not Applicable,Not Applicable,Not Applicable,Yes,Not Applicable,Not Applicable,Egypt,Deposition control,Not Applicable,
E00038,L0021,lower-fox-river,Lower Fox River,"Comparison of Two Techniques to Measure Sediment Erodibility in the Fox River, Wisconsin",2007,"Ravens, T",https://doi.org/10.1061/(ASCE)0733-9429(2007)133:1(111),Journal Article,Analysis,"Bathymetry,Water Quality,Sediment","Laboratory Analysis,Sediment Transport Modeling",Not Applicable,"Cohesive,Suspended","Suspended,Erosion",Not Applicable,Not Applicable,Not Applicable,Not Applicable,Not Applicable,Not Applicable,Wisconsin,Not Applicable,Not Applicable,
E00039,L0022,great-lakes,Great Lakes,Sediment Budget Development for the Great Lakes Region,2010,"Riedel, M, Selegean J, Dahl, T",https://www.researchgate.net/profile/Mark-Riedel/publication/228481087_SEDIMENT_BUDGET_DEVELOPMENT_FOR_THE_GREAT_LAKES_REGION/links/5b54c75c45851507a7bdc43d/SEDIMENT-BUDGET-DEVELOPMENT-FOR-THE-GREAT-LAKES-REGION.pdf,Conference Paper,"Planning,Operations,Maintenance,Reporting,Analysis",Sediment,Sediment Transport Modeling,"Watershed Planning,Maintenance,Operations","Cohesive,Suspended,Bedload",Suspended,Not Applicable,Not Applicable,Not Applicable,Not Applicable,Not Applicable,Not Applicable,"Great Lakes, USA","Land Management,Deposition control",Multi-use,
E00040,L0023,mill-creek-channel,Mill Creek Channel,"Mill Creek Channel, Walla Walla, Washington : hydraulic model investigation",1986,"Robinson, DW, Copeland, RR",https://hdl.handle.net/11681/13139,ERDC TN,"Operations,Analysis","Bathymetry,Sediment,Hydraulics","Hydraulic Modeling,Laboratory Analysis","Flood risk,Operations","Gravel,Sand","Erosion,Plunge Pool",Yes,Yes,Not Applicable,Not Applicable,Flood,Not Applicable,Washington/Oregon USA,Flood diversion,Urban,
E00041,L0024,mercier-dam,Mercier Dam,"Effects of simulated water level management on shore erosion rates. Case study: Baskatong Reservoir, Québec, Canada",2001,"Saint-Laurent, D, Touileb, BN, Saucet, JP, Whalen, A, Gagnon, B, Nzakimuena, T",https://doi.org/10.1139/l01-018,Journal Article,"Planning,Analysis","Bathymetry,Sediment,Hydraulics","Sediment Transport Modeling,Frequency Analysis",Watershed Planning,"Gravel,Sand,Suspended","Bank erosion,Suspended",Not Applicable,Not Applicable,Not Applicable,Not Applicable,Not Applicable,Ice,"Quebec, CaNot Applicableda","Land Management,Deposition control",Not Applicable,
E00042,L0025,conowingo-dam,Conowingo Dam,Evaluation of Uncertainties in Conowingo Reservoir Sediment Transport Modeling,2012,"Scott, S",https://dnr.maryland.gov/waters/bay/Documents/LSRWA/SteveScott_ModelingUncertaintyReport_Final_101612.pdf,USACE Report,"Operations,Analysis","Bathymetry,Sediment,Hydraulics","Hydraulic Modeling,Sediment Transport Modeling",Operations,"Suspended,Bedload",Suspended,Not Applicable,Not Applicable,Not Applicable,Not Applicable,Not Applicable,Not Applicable,"Maryland, USA",Deposition Control,Not Applicable,
E00043,L0026,west-bay-sediment-diversion-wbsd,West Bay Sediment Diversion (WBSD),West Bay Sediment Diversion Effects,2013,"Sharp JA, Little CD, Brown GL, Pratt TC, Heath RE, Hubbard LC, Pinkard F, Martin K, Clifton ND, Perkey DW, Ganesh N",https://hdl.handle.net/11681/7733,ERDC TN,"Operations,Analysis","Bathymetry,Sediment,Hydraulics","Hydraulic Modeling,Sediment Transport Modeling",Operations,"Sand,Suspended,Bedload",Suspended,Not Applicable,Not Applicable,Not Applicable,Yes,Flood,Not Applicable,"LouisianNot Applicable, USA",Flood diversion,Wetlands,
E00044,L0027,h-j-andrews-experimental-forest,H.J. Andrews Experimental Forest,"Impacts of clear-cutting and road construction on soil erosion by landslides in the western Cascade Range, Oregon",1975,"Swanson, FJ, Dyrness, CT",https://doi.org/10.1130/0091-7613(1975)3%3C393:IOCARC%3E2.0.CO;2,Journal Article,Analysis,Sediment,Frequency Analysis,Watershed Planning,Not Applicable,Not Applicable,Not Applicable,Not Applicable,Not Applicable,Not Applicable,Not Applicable,Debris flow,Oregon,Land Management,Forestry,
E00045,L0028,the-great-basin,The Great Basin,"Floods of December 1964 and January 1965 in the Far Western States."" Part 2: Streamflow and Sediment Data",1970,"Waananen, AO, Harris, DD, Williams, RC",https://doi.org/10.3133/wsp1866B,Government Report,Reporting,Hydraulics,Not Applicable,"Flood risk,Watershed Planning",Suspended,Suspended,Not Applicable,Not Applicable,Not Applicable,Not Applicable,Flood,Not Applicable,Northwest USA,Deposition Control,Not Applicable,
E00046,L0028,san-joaquin-river-and-sacramento-river-basins,San Joaquin River and Sacramento River basins,"Floods of December 1964 and January 1965 in the Far Western States."" Part 2: Streamflow and Sediment Data",1970,"Waananen, AO, Harris, DD, Williams, RC",https://doi.org/10.3133/wsp1866B,Government Report,Reporting,Hydraulics,Not Applicable,"Flood risk,Watershed Planning",Suspended,Suspended,Not Applicable,Not Applicable,Not Applicable,Not Applicable,Flood,Not Applicable,Northwest USA,Deposition Control,Not Applicable,
E00047,L0028,north-coastal-california,North-coastal California,"Floods of December 1964 and January 1965 in the Far Western States."" Part 2: Streamflow and Sediment Data",1970,"Waananen, AO, Harris, DD, Williams, RC",https://doi.org/10.3133/wsp1866B,Government Report,Reporting,Hydraulics,Not Applicable,"Flood risk,Watershed Planning",Suspended,Suspended,Not Applicable,Not Applicable,Not Applicable,Not Applicable,Flood,Not Applicable,Northwest USA,Deposition Control,Not Applicable,
E00048,L0028,upper-columbia-river-and-snake-river-basins,Upper Columbia River and Snake River basins,"Floods of December 1964 and January 1965 in the Far Western States."" Part 2: Streamflow and Sediment Data",1970,"Waananen, AO, Harris, DD, Williams, RC",https://doi.org/10.3133/wsp1866B,Government Report,Reporting,Hydraulics,Not Applicable,"Flood risk,Watershed Planning",Suspended,Suspended,Not Applicable,Not Applicable,Not Applicable,Not Applicable,Flood,Not Applicable,Northwest USA,Deposition Control,Not Applicable,
E00049,L0028,lower-columbia-river-basin,Lower Columbia River basin,"Floods of December 1964 and January 1965 in the Far Western States."" Part 2: Streamflow and Sediment Data",1970,"Waananen, AO, Harris, DD, Williams, RC",https://doi.org/10.3133/wsp1866B,Government Report,Reporting,Hydraulics,Not Applicable,"Flood risk,Watershed Planning",Suspended,Suspended,Not Applicable,Not Applicable,Not Applicable,Not Applicable,Flood,Not Applicable,Northwest USA,Deposition Control,Not Applicable,
E00050,L0028,willamette-river-basin,Willamette River basin,"Floods of December 1964 and January 1965 in the Far Western States."" Part 2: Streamflow and Sediment Data",1970,"Waananen, AO, Harris, DD, Williams, RC",https://doi.org/10.3133/wsp1866B,Government Report,Reporting,Hydraulics,Not Applicable,"Flood risk,Watershed Planning",Suspended,Suspended,Not Applicable,Not Applicable,Not Applicable,Not Applicable,Flood,Not Applicable,Northwest USA,Deposition Control,Not Applicable,
E00051,L0028,coastal-oregon,Coastal Oregon,"Floods of December 1964 and January 1965 in the Far Western States."" Part 2: Streamflow and Sediment Data",1970,"Waananen, AO, Harris, DD, Williams, RC",https://doi.org/10.3133/wsp1866B,Government Report,Reporting,Hydraulics,Not Applicable,"Flood risk,Watershed Planning",Suspended,Suspended,Not Applicable,Not Applicable,Not Applicable,Not Applicable,Flood,Not Applicable,Northwest USA,Deposition Control,Not Applicable,
E00052,L0029,grand-canyon,Grand Canyon,Techniques for Estimating Sediment Yield of Ungaged Tributaries on the Southern Colorado Plateau,2001,"Webb, RH, Griffiths, PG, Hartley, DR",https://pubs.usgs.gov/misc/FISC_1947-2006/pdf/1st-7thFISCs-CD/7thFISC/7Fisc-V1/7FISC1-1.pdf#page=27,Conference Paper,Analysis,Sediment,Regression,Watershed Planning,Suspended,"Suspended,Erosion",Not Applicable,Not Applicable,Not Applicable,Not Applicable,Flood,Not Applicable,ArizoNot Applicable,Not Applicable,Not Applicable,
E00053,L0030,fall-creek-dam,Fall Creek Dam,"Reservoir Evolution, Downstream Sediment Transport, Downstream Channel Change, and Synthesis of Geomorphic Responses of Fall Creek and Middle Fork Willamette River to Water Years 2012–18 Streambed Drawdowns at Fall Creek Lake, Oregon",2023,"Mackenzie K. Keith, J. Rose Wallick, Liam N. Schenk, Laurel E. Stratton Garvin, Gabriel W. Gordon, and Heather M. Bragg",https://doi.org/10.3133/sir20235135,USGS Report,"Reporting,Analysis","Bathymetry,Water Quality,Sediment,Ecological,Hydraulics","Laboratory Analysis,Sediment Transport Modeling,Regression",Operations,"Suspended,Bedload",Reservoir Release,Not Applicable,Yes,Yes,Not Applicable,Not Applicable,,Oregon,Not Applicable,,Regulated river
E00054,L0031,fall-creek-dam,Fall Creek Dam,"Sediment transport, turbidity, and dissolved oxygen responses to annual streambed drawdowns for downstream fish passage in a flood control reservoir",2021,"Liam N. Schenk, Heather M. Bragg",10.1016/j.jenvman.2021.113068,Journal Article,"Reporting,Analysis","Water Quality,Sediment,Hydraulics","Laboratory Analysis,Regression",Operations,Suspended,Reservoir Release,Not Applicable,Not Applicable,Yes,Not Applicable,Not Applicable,,Oregon,Not Applicable,,
E00055,L0032,,Mt St Helens Sediment Retention Structure,"Final Environmental Assessment, Sediment Retention Structure (SRS) Spillway Raise Project, Mount St. Helens Sediment Management for Flood Risk Reduction",2012,,,USACE Report,"Design,Analysis","Bathymetry,Sediment,Hydraulics","Laboratory Analysis,Sediment Transport Modeling,Regression","Maintenance,Operations","Suspended,Bedload",Mt St Helens landslide,Not Applicable,Not Applicable,Not Applicable,Not Applicable,Flood,,Washington,Not Applicable,,
E00056,L0033,,Cougar Dam,"Influence of Cougar Reservoir drawdown on sediment and DDT transport and deposition in the McKenzie River basin, Oregon, water years 2002–04",2007,Anderson,https://doi.org/10.3133/sir20075164,USGS Report,"Reporting,Analysis","Water Quality,Sediment,Hydraulics","Laboratory Analysis,Sediment Transport Modeling,Regression",Not Applicable,Suspended,Reservoir Release,Not Applicable,Not Applicable,Yes,Not Applicable,Not Applicable,,Oregon,Not Applicable,,
E00057,L0034,,Detroit Dam,"Modeling hydrodynamics, water temperature, and suspended sediment in Detroit Lake, Oregon",2007,"Sullivan, A.B., Rounds, S.A., Sobieszczyk, S., and Bragg, H.M.,",https://doi.org/10.3133/sir20075008,USGS Report,"Reporting,Analysis","Water Quality,Sediment,Hydraulics","Laboratory Analysis,Sediment Transport Modeling,Regression",Watershed MaNot Applicablegement,Suspended,Reservoir Release,Not Applicable,Not Applicable,Not Applicable,Not Applicable,Not Applicable,,Oregon,Not Applicable,,
E00058,L0035,john-redmond-dam,John Redmond Dam,"Final Programmatic Environmental Impact Statement Prepared for the Removal and Disposal of Sediment and Restoration of Water Storage at John Redmond Reservoir, Kansas",2014,Kansas Water Office,https://www.swt.usace.army.mil/Portals/41/docs/library/john_redmond/fpeis_remove_dispose_sediment_jrr_ks.pdf,Government Report,"Reporting,Analysis","Water Quality,Sediment,Ecological,Public Participation",Not Applicable,"Economics,Watershed planning","Gravel,Suspenced,Sand",Reservoir pool,Yes,Yes,Yes,Yes,Not Applicable,Not Applicable,Eastern Kansas,"Sediment release,Beneficial use of dredged material",Not Applicable,Alluvial fan
E00059,L0035,,Neosho River,"Final Programmatic Environmental Impact Statement Prepared for the Removal and Disposal of Sediment and Restoration of Water Storage at John Redmond Reservoir, Kansas",2014,Kansas Water Office,https://www.swt.usace.army.mil/Portals/41/docs/library/john_redmond/fpeis_remove_dispose_sediment_jrr_ks.pdf,Government Report,"Reporting,Analysis","Water Quality,Sediment,Ecological,Public Participation",Not Applicable,"Economics,Watershed planning","Gravel,Suspenced,Sand",Reservoir pool,Yes,Yes,Yes,Yes,Not Applicable,Not Applicable,Eastern Kansas,"Sediment release,Beneficial use of dredged material",Not Applicable,Alluvial fan
E00060,L0036,prado-dam,Prado Dam,Engineer's Report for Prado Basin Sediment Management Demonstration Project,2015,Orange County Water District,https://www.ocwd.com/wp-content/uploads/wic13cpradosmdpengineersreportjanuary2015.pdf,Government Report,"Planning,Reporting","Bathymetry,Sediment,Ecological",Not Applicable,"Flood risk,Economics,Watershed planning,Maintenance","Silt,Clay",Reservoir release,Yes,Yes,Yes,Yes,Flood,Not Applicable,Southern California,"Sediment release,dam removal,Depostion control",Forestry,Alluvial fan
E00061,L0037,matilija-dam,Matilija Dam,"Matilija Dam Removal, Sediment Transport, and Robles Diversion Mitigation Project, Dam Removal Concepts Evaluation Report",2016,Ventura County Watershed Protection District,https://matilijadam.venturacounty.gov/documents/2016-03%20Matilija%20Task%201.3%20Concepts%20Evaluation%20Report.pdf,Government Report,"Design,Analysis","Bathymetry,Sediment,Ecological",Not Applicable,"Flood risk,Economics,Maintenance","Gravel,Sand,Suspended",Reservoir release,Yes,Yes,Yes,Yes,Flood,Not Applicable,Southern California,"Sediment release,dam removal,Depostion control",Not Applicable,"Mountain torrents,Alluvial fans"
E00062,L0038,yellow-river,Yellow River,Changes in streamflow and sediment discharge and the response to human activities in the middle reaches of the Yellow River,2011,"Gao, P, Mu, X-M, Wang, F, Li, R",https://doi.org/10.5194/hess-15-1-2011,Journal Article,Analysis,"Sediment,Hydraulics","Frequency Analysis,Regression",Watershed Planning,"Suspended,Silt",Suspended,Not Applicable,Not Applicable,Not Applicable,Not Applicable,Not Applicable,Not Applicable,"Ordos Plateau, ChiNot Applicable","Sediment release,Land Management",Upland,"Mountain torrents,Alluvial fans,Deltas"
E00063,L0038,,middle reach,Changes in streamflow and sediment discharge and the response to human activities in the middle reaches of the Yellow River,2011,"Gao, P, Mu, X-M, Wang, F, Li, R",https://doi.org/10.5194/hess-15-1-2011,Journal Article,Analysis,"Sediment,Hydraulics","Frequency Analysis,Regression",Watershed Planning,"Suspended,Silt",Suspended,Not Applicable,Not Applicable,Not Applicable,Not Applicable,Not Applicable,Not Applicable,"Ordos Plateau, ChiNot Applicable","Sediment release,Land Management",Upland,"Mountain torrents,Alluvial fans,Deltas"
E00064,L0039,hoover-dam,Hoover Dam,The passage of turbid water through Lake Mead,1938,"Grover, NC, Howard, CS",https://doi.org/10.1061/TACEAT.0004942,Journal Article,"Operations,Maintenance,Reporting,Analysis","Water Quality,Hydraulics",Frequency Analysis,"Maintenance,Operations","Suspended,Silt",Suspended,Not Applicable,Not Applicable,Not Applicable,Not Applicable,Not Applicable,Not Applicable,"ArizoNot Applicable,Nevada",Sediment release,Multi-use,"Mountain torrents,Alluvial fans"
E00065,L0040,old-river-control-structure,Old River Control Structure,Field Measurement of Hydrodynamics and Sediment Transport of the Mississippi River at Old River,1991,"Hall, BR, Fagerburg, TL",https://www.worldcat.org/title/23942043,Conference Paper,Analysis,"Water Quality,Sediment,Hydraulics",Regression,Operations,"Suspended,Sand,Silt,Clay",Suspended,Not Applicable,Not Applicable,Not Applicable,Not Applicable,Flood,Not Applicable,"LouisiaNot Applicable,Mississippi","Flood diversion,Deposition control",Wetlands,Deltas
E00066,L0041,,midwestern USA stream beds,Erodibility of cohesive streambeds in the loess area of the midwestern USA,2001,"Hanson, GJ, Simon, A",https://doi.org/10.1002/hyp.149,Journal Article,Analysis,"Bathymetry,Hydraulics","Hydraulic Equations,Laboratory Analysis,Regression",Watershed planning,"Cohesive,Silt","Erosion,Plunge Pool",Not Applicable,Not Applicable,Not Applicable,Not Applicable,Not Applicable,Not Applicable,"Nebraska,Mississippi",Land Management,Not Applicable,Cohesive channels
E00067,L0041,yalobusha-river,Yalobusha River,Erodibility of cohesive streambeds in the loess area of the midwestern USA,2001,"Hanson, GJ, Simon, A",https://doi.org/10.1002/hyp.149,Journal Article,Analysis,"Bathymetry,Hydraulics","Hydraulic Equations,Laboratory Analysis,Regression",Watershed planning,"Cohesive,Silt","Erosion,Plunge Pool",Not Applicable,Not Applicable,Not Applicable,Not Applicable,Not Applicable,Not Applicable,"Nebraska,Mississippi",Land Management,Not Applicable,Cohesive channels
E00068,L0042,roxburgh-dam,Roxburgh Dam,Sedimentation in New Zealand Hydroelectric Schemes,1984,"Jowett, I",https://doi.org/10.1080/02508068408686533,Journal Article,"Planning,Design,Operations,Maintenance",Sediment,Not Applicable,"Economics,Maintenance,Operations","Gravel,Sand","Reservoir pool,Reservoir release,Erosion",Not Applicable,Not Applicable,Not Applicable,Not Applicable,Not Applicable,Not Applicable,New Zealand,"Sediment release,Deposition control",Not Applicable,Mountain torrents
E00069,L0042,matahina-power-station,Matahina Power Station,Sedimentation in New Zealand Hydroelectric Schemes,1984,"Jowett, I",https://doi.org/10.1080/02508068408686533,Journal Article,"Planning,Design,Operations,Maintenance",Sediment,Not Applicable,"Economics,Maintenance,Operations","Gravel,Sand","Reservoir pool,Reservoir release,Erosion",Not Applicable,Not Applicable,Not Applicable,Not Applicable,Not Applicable,Not Applicable,New Zealand,"Sediment release,Deposition control",Not Applicable,Mountain torrents
E00070,L0042,waitaki-dam,Waitaki Dam,Sedimentation in New Zealand Hydroelectric Schemes,1984,"Jowett, I",https://doi.org/10.1080/02508068408686533,Journal Article,"Planning,Design,Operations,Maintenance",Sediment,Not Applicable,"Economics,Maintenance,Operations","Gravel,Sand","Reservoir pool,Reservoir release,Erosion",Not Applicable,Not Applicable,Not Applicable,Not Applicable,Not Applicable,Not Applicable,New Zealand,"Sediment release,Deposition control",Not Applicable,Mountain torrents
E00071,L0042,morton-dam,Morton Dam,Sedimentation in New Zealand Hydroelectric Schemes,1984,"Jowett, I",https://doi.org/10.1080/02508068408686533,Journal Article,"Planning,Design,Operations,Maintenance",Sediment,Not Applicable,"Economics,Maintenance,Operations","Gravel,Sand","Reservoir pool,Reservoir release,Erosion",Not Applicable,Not Applicable,Not Applicable,Not Applicable,Not Applicable,Not Applicable,New Zealand,"Sediment release,Deposition control",Not Applicable,Mountain torrents
E00072,L0043,,Tuttle Creek Dam,"Sediment deposition and occurrence of selected nutrients and other chemical constituents in bottom sediment, Tuttle Creek Lake, Northeast Kansas, 1962-1999",2002,"Juracek, KE, Mau, DP",https://doi.org/10.3133/wri024048,Government Report,"Reporting,Analysis","Bathymetry,Water quality,Sediment",Not Applicable,Not Applicable,"Gravel,Sand,Silt,Clay",Reservoir pool,Not Applicable,Not Applicable,Not Applicable,Not Applicable,Not Applicable,Not Applicable,Kansas,Not Applicable,Multi-use,Meandering rivers
E00073,L0044,perry-dam,Perry Dam,"Estimation of sediment sources using selected chemical tracers in the Perry Lake and Lake Wabaunsee Basins, Northeast Kansas",2007,"Juracek, KE, Ziegler, AC",https://doi.org/10.3133/sir20075020,Government Report,"Planning,Reporting,Analysis","Water Quality,Sediment",Not Applicable,Watershed Planning,"Suspended,Silt,Clay","Bank erosion,Erosion",Not Applicable,Not Applicable,Not Applicable,Not Applicable,Not Applicable,Not Applicable,Eastern Kansas,Land Management,Lowland,Meandering rivers
E00074,L0044,lake-wabaunsee,Lake Wabaunsee,"Estimation of sediment sources using selected chemical tracers in the Perry Lake and Lake Wabaunsee Basins, Northeast Kansas",2007,"Juracek, KE, Ziegler, AC",https://doi.org/10.3133/sir20075020,Government Report,"Planning,Reporting,Analysis","Water Quality,Sediment",Not Applicable,Watershed Planning,"Suspended,Silt,Clay","Bank erosion,Erosion",Not Applicable,Not Applicable,Not Applicable,Not Applicable,Not Applicable,Not Applicable,Eastern Kansas,Land Management,Lowland,Meandering rivers
E00075,L0045,new-exchequer-dam,New Exchequer Dam,Management of coarse sediment in regulated rivers of California,1991,"Kondolf, GM, Matthews, WVG",https://escholarship.org/uc/item/5rw9k19j,Government Report,"Planning,Maintenance,Reporting,Analysis","Bathymetry,Hydraulics",Not Applicable,"Watershed planning,Maintenance,Operations","Gravel,Sand","Suspended,Erosion",Yes,Yes,Yes,Not Applicable,Not Applicable,Not Applicable,"California, Sierra Nevada","Land Management,beneficial use of dredged material,deposition control","Forestry,Upland","Mountain torrents,Alluvial fans,Deltas"
E00076,L0045,don-pedro-dam,Don Pedro Dam,Management of coarse sediment in regulated rivers of California,1991,"Kondolf, GM, Matthews, WVG",https://escholarship.org/uc/item/5rw9k19j,Government Report,"Planning,Maintenance,Reporting,Analysis","Bathymetry,Hydraulics",Not Applicable,"Watershed planning,Maintenance,Operations","Gravel,Sand","Suspended,Erosion",Yes,Yes,Yes,Not Applicable,Not Applicable,Not Applicable,"California, Sierra Nevada","Land Management,beneficial use of dredged material,deposition control","Forestry,Upland","Mountain torrents,Alluvial fans,Deltas"
E00077,L0045,la-grange-dam,La Grange Dam,Management of coarse sediment in regulated rivers of California,1991,"Kondolf, GM, Matthews, WVG",https://escholarship.org/uc/item/5rw9k19j,Government Report,"Planning,Maintenance,Reporting,Analysis","Bathymetry,Hydraulics",Not Applicable,"Watershed planning,Maintenance,Operations","Gravel,Sand","Suspended,Erosion",Yes,Yes,Yes,Not Applicable,Not Applicable,Not Applicable,"California, Sierra Nevada","Land Management,beneficial use of dredged material,deposition control","Forestry,Upland","Mountain torrents,Alluvial fans,Deltas"
E00078,L0045,new-hogan-dam,New Hogan Dam,Management of coarse sediment in regulated rivers of California,1991,"Kondolf, GM, Matthews, WVG",https://escholarship.org/uc/item/5rw9k19j,Government Report,"Planning,Maintenance,Reporting,Analysis","Bathymetry,Hydraulics",Not Applicable,"Watershed planning,Maintenance,Operations","Gravel,Sand","Suspended,Erosion",Yes,Yes,Yes,Not Applicable,Not Applicable,Not Applicable,"California, Sierra Nevada","Land Management,beneficial use of dredged material,deposition control","Forestry,Upland","Mountain torrents,Alluvial fans,Deltas"
E00079,L0045,new-melones-dam,New Melones Dam,Management of coarse sediment in regulated rivers of California,1991,"Kondolf, GM, Matthews, WVG",https://escholarship.org/uc/item/5rw9k19j,Government Report,"Planning,Maintenance,Reporting,Analysis","Bathymetry,Hydraulics",Not Applicable,"Watershed planning,Maintenance,Operations","Gravel,Sand","Suspended,Erosion",Yes,Yes,Yes,Not Applicable,Not Applicable,Not Applicable,"California, Sierra Nevada","Land Management,beneficial use of dredged material,deposition control","Forestry,Upland","Mountain torrents,Alluvial fans,Deltas"
E00080,L0045,tulloch-dam,Tulloch Dam,Management of coarse sediment in regulated rivers of California,1991,"Kondolf, GM, Matthews, WVG",https://escholarship.org/uc/item/5rw9k19j,Government Report,"Planning,Maintenance,Reporting,Analysis","Bathymetry,Hydraulics",Not Applicable,"Watershed planning,Maintenance,Operations","Gravel,Sand","Suspended,Erosion",Yes,Yes,Yes,Not Applicable,Not Applicable,Not Applicable,"California, Sierra Nevada","Land Management,beneficial use of dredged material,deposition control","Forestry,Upland","Mountain torrents,Alluvial fans,Deltas"
E00081,L0045,camanche-dam,Camanche Dam,Management of coarse sediment in regulated rivers of California,1991,"Kondolf, GM, Matthews, WVG",https://escholarship.org/uc/item/5rw9k19j,Government Report,"Planning,Maintenance,Reporting,Analysis","Bathymetry,Hydraulics",Not Applicable,"Watershed planning,Maintenance,Operations","Gravel,Sand","Suspended,Erosion",Yes,Yes,Yes,Not Applicable,Not Applicable,Not Applicable,"California, Sierra Nevada","Land Management,beneficial use of dredged material,deposition control","Forestry,Upland","Mountain torrents,Alluvial fans,Deltas"
E00082,L0045,cosumnes-river,Cosumnes River,Management of coarse sediment in regulated rivers of California,1991,"Kondolf, GM, Matthews, WVG",https://escholarship.org/uc/item/5rw9k19j,Government Report,"Planning,Maintenance,Reporting,Analysis","Bathymetry,Hydraulics",Not Applicable,"Watershed planning,Maintenance,Operations","Gravel,Sand","Suspended,Erosion",Yes,Yes,Yes,Not Applicable,Not Applicable,Not Applicable,"California, Sierra Nevada","Land Management,beneficial use of dredged material,deposition control","Forestry,Upland","Mountain torrents,Alluvial fans,Deltas"
E00083,L0045,folsom-dam,Folsom Dam,Management of coarse sediment in regulated rivers of California,1991,"Kondolf, GM, Matthews, WVG",https://escholarship.org/uc/item/5rw9k19j,Government Report,"Planning,Maintenance,Reporting,Analysis","Bathymetry,Hydraulics",Not Applicable,"Watershed planning,Maintenance,Operations","Gravel,Sand","Suspended,Erosion",Yes,Yes,Yes,Not Applicable,Not Applicable,Not Applicable,"California, Sierra Nevada","Land Management,beneficial use of dredged material,deposition control","Forestry,Upland","Mountain torrents,Alluvial fans,Deltas"
E00084,L0045,camp-far-west-reservoir,Camp Far West Reservoir,Management of coarse sediment in regulated rivers of California,1991,"Kondolf, GM, Matthews, WVG",https://escholarship.org/uc/item/5rw9k19j,Government Report,"Planning,Maintenance,Reporting,Analysis","Bathymetry,Hydraulics",Not Applicable,"Watershed planning,Maintenance,Operations","Gravel,Sand","Suspended,Erosion",Yes,Yes,Yes,Not Applicable,Not Applicable,Not Applicable,"California, Sierra Nevada","Land Management,beneficial use of dredged material,deposition control","Forestry,Upland","Mountain torrents,Alluvial fans,Deltas"
E00085,L0045,englebright-dam,Englebright Dam,Management of coarse sediment in regulated rivers of California,1991,"Kondolf, GM, Matthews, WVG",https://escholarship.org/uc/item/5rw9k19j,Government Report,"Planning,Maintenance,Reporting,Analysis","Bathymetry,Hydraulics",Not Applicable,"Watershed planning,Maintenance,Operations","Gravel,Sand","Suspended,Erosion",Yes,Yes,Yes,Not Applicable,Not Applicable,Not Applicable,"California, Sierra Nevada","Land Management,beneficial use of dredged material,deposition control","Forestry,Upland","Mountain torrents,Alluvial fans,Deltas"
E00086,L0045,oroville-dam,Oroville Dam,Management of coarse sediment in regulated rivers of California,1991,"Kondolf, GM, Matthews, WVG",https://escholarship.org/uc/item/5rw9k19j,Government Report,"Planning,Maintenance,Reporting,Analysis","Bathymetry,Hydraulics",Not Applicable,"Watershed planning,Maintenance,Operations","Gravel,Sand","Suspended,Erosion",Yes,Yes,Yes,Not Applicable,Not Applicable,Not Applicable,"California, Sierra Nevada","Land Management,beneficial use of dredged material,deposition control","Forestry,Upland","Mountain torrents,Alluvial fans,Deltas"
E00087,L0045,shasta-dam,Shasta Dam,Management of coarse sediment in regulated rivers of California,1991,"Kondolf, GM, Matthews, WVG",https://escholarship.org/uc/item/5rw9k19j,Government Report,"Planning,Maintenance,Reporting,Analysis","Bathymetry,Hydraulics",Not Applicable,"Watershed planning,Maintenance,Operations","Gravel,Sand","Suspended,Erosion",Yes,Yes,Yes,Not Applicable,Not Applicable,Not Applicable,"California, Sierra Nevada","Land Management,beneficial use of dredged material,deposition control","Forestry,Upland","Mountain torrents,Alluvial fans,Deltas"
E00088,L0045,whiskeytown-dam,Whiskeytown Dam,Management of coarse sediment in regulated rivers of California,1991,"Kondolf, GM, Matthews, WVG",https://escholarship.org/uc/item/5rw9k19j,Government Report,"Planning,Maintenance,Reporting,Analysis","Bathymetry,Hydraulics",Not Applicable,"Watershed planning,Maintenance,Operations","Gravel,Sand","Suspended,Erosion",Yes,Yes,Yes,Not Applicable,Not Applicable,Not Applicable,"California, Sierra Nevada","Land Management,beneficial use of dredged material,deposition control","Forestry,Upland","Mountain torrents,Alluvial fans,Deltas"
E00089,L0045,trinity-dam,Trinity Dam,Management of coarse sediment in regulated rivers of California,1991,"Kondolf, GM, Matthews, WVG",https://escholarship.org/uc/item/5rw9k19j,Government Report,"Planning,Maintenance,Reporting,Analysis","Bathymetry,Hydraulics",Not Applicable,"Watershed planning,Maintenance,Operations","Gravel,Sand","Suspended,Erosion",Yes,Yes,Yes,Not Applicable,Not Applicable,Not Applicable,"California, Sierra Nevada","Land Management,beneficial use of dredged material,deposition control","Forestry,Upland","Mountain torrents,Alluvial fans,Deltas"
E00090,L0045,black-butte-dam,Black Butte Dam,Management of coarse sediment in regulated rivers of California,1991,"Kondolf, GM, Matthews, WVG",https://escholarship.org/uc/item/5rw9k19j,Government Report,"Planning,Maintenance,Reporting,Analysis","Bathymetry,Hydraulics",Not Applicable,"Watershed planning,Maintenance,Operations","Gravel,Sand","Suspended,Erosion",Yes,Yes,Yes,Not Applicable,Not Applicable,Not Applicable,"California, Sierra Nevada","Land Management,beneficial use of dredged material,deposition control","Forestry,Upland","Mountain torrents,Alluvial fans,Deltas"
E00091,L0046,theodore-roosevelt-dam,Theodore Roosevelt Dam,Theodore Roosevelt Reservoir 1995 Sedimentation survey,1996,"Lyons, J, Lest, L",https://www.govinfo.gov/content/pkg/GOVPUB-I27-PURL-gpo6560/pdf/GOVPUB-I27-PURL-gpo6560.pdf,Government Report,Reporting,Bathymetry,Not Applicable,"Watershed planning,Operations",Not Applicable,Reservoir pool,Not Applicable,Not Applicable,Not Applicable,Not Applicable,Not Applicable,Not Applicable,ArizoNot Applicable,deposition control,"Forestry,Upland","Mountain torrents,Alluvial fans"
E00092,L0047,gavins-point-dam,Gavins Point Dam,"Verification of sediment transport functions, Missouri River",1980,"Mahmood, K",https://erdclibrary.on.worldcat.org/oclc/9212449,USACE Report,"Planning,Design,Analysis","Bathymetry,Sediment,Hydraulics","Hydraulic Equations,Sediment Transport Modeling,Regression",Flood risk,Bedload,"Suspended,Erosion",Not Applicable,Not Applicable,Not Applicable,Not Applicable,Flood,Not Applicable,"Nebraska,Iowa",Deposition Control,Not Applicable,Alluvial fan
E00093,L0047,,Missouri River from Ponca to Omaha,"Verification of sediment transport functions, Missouri River",1980,"Mahmood, K",https://erdclibrary.on.worldcat.org/oclc/9212449,USACE Report,"Planning,Design,Analysis","Bathymetry,Sediment,Hydraulics","Hydraulic Equations,Sediment Transport Modeling,Regression",Flood risk,Bedload,"Suspended,Erosion",Not Applicable,Not Applicable,Not Applicable,Not Applicable,Flood,Not Applicable,"Nebraska,Iowa",Deposition Control,Not Applicable,Alluvial fan
E00094,L0048,hickahala-creek,Hickahala Creek,Analysis of Three Delta Headwaters Project Streams Using the SIAM Model,2010,"Martin, M, Biedenharn, D, Little, C, Smith, K, Waterson, C",https://search.worldcat.org/title/713189486,Conference Paper,"Planning,Analysis","Bathymetry,Sediment,Hydraulics",Sediment Transport Modeling,Watershed planning,"Cohesive,Suspended,Silt,Clay","Bank erosion,Suspended,Erosion",Not Applicable,Not Applicable,Not Applicable,Yes,Not Applicable,Not Applicable,Mississippi,"Land Management,Deposition control","Forestry,Wetlands",Deltas
E00095,L0048,long-and-caney-creek,Long and Caney Creek,Analysis of Three Delta Headwaters Project Streams Using the SIAM Model,2010,"Martin, M, Biedenharn, D, Little, C, Smith, K, Waterson, C",https://search.worldcat.org/title/713189486,Conference Paper,"Planning,Analysis","Bathymetry,Sediment,Hydraulics",Sediment Transport Modeling,Watershed planning,"Cohesive,Suspended,Silt,Clay","Bank erosion,Suspended,Erosion",Not Applicable,Not Applicable,Not Applicable,Yes,Not Applicable,Not Applicable,Mississippi,"Land Management,Deposition control","Forestry,Wetlands",Deltas
E00096,L0048,harland-creek,Harland Creek,Analysis of Three Delta Headwaters Project Streams Using the SIAM Model,2010,"Martin, M, Biedenharn, D, Little, C, Smith, K, Waterson, C",https://search.worldcat.org/title/713189486,Conference Paper,"Planning,Analysis","Bathymetry,Sediment,Hydraulics",Sediment Transport Modeling,Watershed planning,"Cohesive,Suspended,Silt,Clay","Bank erosion,Suspended,Erosion",Not Applicable,Not Applicable,Not Applicable,Yes,Not Applicable,Not Applicable,Mississippi,"Land Management,Deposition control","Forestry,Wetlands",Deltas
E00097,L0049,saylorville-dam,Saylorville Dam,Saylorville Spillway: Emergency to Service Spillway,1993,"McCully, DW, Mech, GJ",https://www.worldcat.org/title/27811417,Conference Paper,"Design,Construction,Analysis",Hydraulics,Hydraulic Equations,"Flood risk,Maintenance,Operations",Rock,"Headcut,Erosion",Not Applicable,Not Applicable,Not Applicable,Not Applicable,Flood,Not Applicable,Iowa,Flood diversion,Multi-use,Alluvial fan
E00098,L0050,charles-mill-dam,Charles Mill Dam,Use of Global Positioning and Geographic Information Systems in the Huntington District Reservoir Sedimentation Investigative Program,2001,"Miller, CW",https://pubs.usgs.gov/misc/FISC_1947-2006/pdf/1st-7thFISCs-CD/7thFISC/7Fisc-V2/7FISC2-9.pdf,Conference Paper,"Operations,Maintenance,Reporting",Bathymetry,Not Applicable,"Maintenance,Operations",Not Applicable,Reservoir pool,Not Applicable,Not Applicable,Not Applicable,Not Applicable,Not Applicable,Not Applicable,"Ohio,Kentucky",Deposition Control,Forestry,"Mountain turrents,Alluvial fans"
E00099,L0050,fishtrap-dam,Fishtrap Dam,Use of Global Positioning and Geographic Information Systems in the Huntington District Reservoir Sedimentation Investigative Program,2001,"Miller, CW",https://pubs.usgs.gov/misc/FISC_1947-2006/pdf/1st-7thFISCs-CD/7thFISC/7Fisc-V2/7FISC2-9.pdf,Conference Paper,"Operations,Maintenance,Reporting",Bathymetry,Not Applicable,"Maintenance,Operations",Not Applicable,Reservoir pool,Not Applicable,Not Applicable,Not Applicable,Not Applicable,Not Applicable,Not Applicable,"Ohio,Kentucky",Deposition Control,Forestry,"Mountain turrents,Alluvial fans"
E00100,L0050,dewey-dam,Dewey Dam,Use of Global Positioning and Geographic Information Systems in the Huntington District Reservoir Sedimentation Investigative Program,2001,"Miller, CW",https://pubs.usgs.gov/misc/FISC_1947-2006/pdf/1st-7thFISCs-CD/7thFISC/7Fisc-V2/7FISC2-9.pdf,Conference Paper,"Operations,Maintenance,Reporting",Bathymetry,Not Applicable,"Maintenance,Operations",Not Applicable,Reservoir pool,Not Applicable,Not Applicable,Not Applicable,Not Applicable,Not Applicable,Not Applicable,"Ohio,Kentucky",Deposition Control,Forestry,"Mountain turrents,Alluvial fans"
E00101,L0051,new-bullards-bar-reservoir-watershed,New Bullards Bar Reservoir Watershed,Predicting post-fire hillslope erosion in forest lands of the western United States,2011,"Miller, ME, MacDonald, LH, Robichaud, PR, Elliot, WJ",https://doi.org/10.1071/WF09142,Journal Article,Analysis,"Sediment,Hydraulics","Sediment Transport Modeling,Frequency Analysis,Regression","Flood risk,Watershed planning","Sand,Rock,Silt,Clay",Erosion,Not Applicable,Not Applicable,Not Applicable,Yes,Flood,Debris flow,"California,Colorado",Land Management,Forestry,Mountain torrents
E00102,L0051,cheesman-lake-watershed,Cheesman Lake Watershed,Predicting post-fire hillslope erosion in forest lands of the western United States,2011,"Miller, ME, MacDonald, LH, Robichaud, PR, Elliot, WJ",https://doi.org/10.1071/WF09142,Journal Article,Analysis,"Sediment,Hydraulics","Sediment Transport Modeling,Frequency Analysis,Regression","Flood risk,Watershed planning","Sand,Rock,Silt,Clay",Erosion,Not Applicable,Not Applicable,Not Applicable,Yes,Flood,Debris flow,"California,Colorado",Land Management,Forestry,Mountain torrents
E00103,L0052,bear-gulch,Bear Gulch,"Post-fire, rainfall intensity–peak discharge relations for three mountainous watersheds in the western USA",2001,"Moody, JA, Martin, DA",https://doi.org/10.1002/hyp.386,Journal Article,"Planning,Analysis",Hydraulics,Regression,Flood risk,Not Applicable,Not Applicable,Not Applicable,Not Applicable,Not Applicable,Yes,Flood,Not Applicable,"South Dakota,Colorado,New Mexico",Land Management,"Urban,forestry",Mountain torrents
E00104,L0052,spring-creek,Spring Creek,"Post-fire, rainfall intensity–peak discharge relations for three mountainous watersheds in the western USA",2001,"Moody, JA, Martin, DA",https://doi.org/10.1002/hyp.386,Journal Article,"Planning,Analysis",Hydraulics,Regression,Flood risk,Not Applicable,Not Applicable,Not Applicable,Not Applicable,Not Applicable,Yes,Flood,Not Applicable,"South Dakota,Colorado,New Mexico",Land Management,"Urban,forestry",Mountain torrents
E00105,L0052,rendija-canyon,Rendija Canyon,"Post-fire, rainfall intensity–peak discharge relations for three mountainous watersheds in the western USA",2001,"Moody, JA, Martin, DA",https://doi.org/10.1002/hyp.386,Journal Article,"Planning,Analysis",Hydraulics,Regression,Flood risk,Not Applicable,Not Applicable,Not Applicable,Not Applicable,Not Applicable,Yes,Flood,Not Applicable,"South Dakota,Colorado,New Mexico",Land Management,"Urban,forestry",Mountain torrents
E00106,L0053,okanagan-river,Okanagan River,Designing fish-passable riffles as gradient controls in Canadian streams,2013,"Newbury, RW",https://doi.org/10.1080/07011784.2013.803742,Journal Article,"Design,Construction","Bathymetry,Hydraulics","Hydraulic Equations,Frequency Analysis",Watershed planning,Rock,Plunge pool,Yes,Yes,Yes,Not Applicable,Not Applicable,Not Applicable,"British Columbia,Manitoba,New Brunswick",Not Applicable,Multi-use,Modified streams
E00107,L0053,dauphin-lake,Dauphin Lake,Designing fish-passable riffles as gradient controls in Canadian streams,2013,"Newbury, RW",https://doi.org/10.1080/07011784.2013.803742,Journal Article,"Design,Construction","Bathymetry,Hydraulics","Hydraulic Equations,Frequency Analysis",Watershed planning,Rock,Plunge pool,Yes,Yes,Yes,Not Applicable,Not Applicable,Not Applicable,"British Columbia,Manitoba,New Brunswick",Not Applicable,Multi-use,Modified streams
E00108,L0053,wilson-creek-canyon,Wilson Creek Canyon,Designing fish-passable riffles as gradient controls in Canadian streams,2013,"Newbury, RW",https://doi.org/10.1080/07011784.2013.803742,Journal Article,"Design,Construction","Bathymetry,Hydraulics","Hydraulic Equations,Frequency Analysis",Watershed planning,Rock,Plunge pool,Yes,Yes,Yes,Not Applicable,Not Applicable,Not Applicable,"British Columbia,Manitoba,New Brunswick",Not Applicable,Multi-use,Modified streams
E00109,L0053,valley-river,Valley River,Designing fish-passable riffles as gradient controls in Canadian streams,2013,"Newbury, RW",https://doi.org/10.1080/07011784.2013.803742,Journal Article,"Design,Construction","Bathymetry,Hydraulics","Hydraulic Equations,Frequency Analysis",Watershed planning,Rock,Plunge pool,Yes,Yes,Yes,Not Applicable,Not Applicable,Not Applicable,"British Columbia,Manitoba,New Brunswick",Not Applicable,Multi-use,Modified streams
E00110,L0053,mink-creek,Mink Creek,Designing fish-passable riffles as gradient controls in Canadian streams,2013,"Newbury, RW",https://doi.org/10.1080/07011784.2013.803742,Journal Article,"Design,Construction","Bathymetry,Hydraulics","Hydraulic Equations,Frequency Analysis",Watershed planning,Rock,Plunge pool,Yes,Yes,Yes,Not Applicable,Not Applicable,Not Applicable,"British Columbia,Manitoba,New Brunswick",Not Applicable,Multi-use,Modified streams
E00111,L0053,oulette-creek,Oulette Creek,Designing fish-passable riffles as gradient controls in Canadian streams,2013,"Newbury, RW",https://doi.org/10.1080/07011784.2013.803742,Journal Article,"Design,Construction","Bathymetry,Hydraulics","Hydraulic Equations,Frequency Analysis",Watershed planning,Rock,Plunge pool,Yes,Yes,Yes,Not Applicable,Not Applicable,Not Applicable,"British Columbia,Manitoba,New Brunswick",Not Applicable,Multi-use,Modified streams
E00112,L0053,dickson-brook,Dickson Brook,Designing fish-passable riffles as gradient controls in Canadian streams,2013,"Newbury, RW",https://doi.org/10.1080/07011784.2013.803742,Journal Article,"Design,Construction","Bathymetry,Hydraulics","Hydraulic Equations,Frequency Analysis",Watershed planning,Rock,Plunge pool,Yes,Yes,Yes,Not Applicable,Not Applicable,Not Applicable,"British Columbia,Manitoba,New Brunswick",Not Applicable,Multi-use,Modified streams
E00113,L0053,little-saskatchewan-river,Little Saskatchewan River,Designing fish-passable riffles as gradient controls in Canadian streams,2013,"Newbury, RW",https://doi.org/10.1080/07011784.2013.803742,Journal Article,"Design,Construction","Bathymetry,Hydraulics","Hydraulic Equations,Frequency Analysis",Watershed planning,Rock,Plunge pool,Yes,Yes,Yes,Not Applicable,Not Applicable,Not Applicable,"British Columbia,Manitoba,New Brunswick",Not Applicable,Multi-use,Modified streams
E00114,L0054,fairfield-lake,Fairfield Lake,"Historical Trends in Sedimentation Rates and Sediment Provenance, Fairfield Lake, NC",2005,"Miller, JR, Lord, M, Yurkovich, S, Mackin, G, Kolenbrander, L",https://doi.org/10.1111/j.1752-1688.2005.tb03785.x,Journal Article,Analysis,Sediment,Frequency Analysis,Watershed planning,"Rock,Suspended",Erosion,Not Applicable,Not Applicable,Not Applicable,Not Applicable,Not Applicable,Not Applicable,North CaroliNot Applicable,"Land Management,Deposition control","Forestry,Multi-use","Mountain torrents,Alluvial fans"
E00115,L0055,audubon-park,Audubon Park,Bedform transport rates for the lowermost Mississippi River,2008,"Nittrouer, JA, Allision, MA, Campanella, R",https://doi.org/10.1029/2007JF000795,Journal Article,"Reporting,Analysis","Bathymetry,Sediment,Hydraulics","Hydraulic Equations,Frequency Analysis,Regression",Not Applicable,"Sand,Suspended,Bedload","Suspended,Erosion",Not Applicable,Not Applicable,Not Applicable,Not Applicable,Not Applicable,Not Applicable,LouisiaNot Applicable,Deposition Control,Wetlands,Deltas
E00116,L0055,upper-english-turn,Upper English Turn,Bedform transport rates for the lowermost Mississippi River,2008,"Nittrouer, JA, Allision, MA, Campanella, R",https://doi.org/10.1029/2007JF000795,Journal Article,"Reporting,Analysis","Bathymetry,Sediment,Hydraulics","Hydraulic Equations,Frequency Analysis,Regression",Not Applicable,"Sand,Suspended,Bedload","Suspended,Erosion",Not Applicable,Not Applicable,Not Applicable,Not Applicable,Not Applicable,Not Applicable,LouisiaNot Applicable,Deposition Control,Wetlands,Deltas
E00117,L0055,lower-english-turn,Lower English Turn,Bedform transport rates for the lowermost Mississippi River,2008,"Nittrouer, JA, Allision, MA, Campanella, R",https://doi.org/10.1029/2007JF000795,Journal Article,"Reporting,Analysis","Bathymetry,Sediment,Hydraulics","Hydraulic Equations,Frequency Analysis,Regression",Not Applicable,"Sand,Suspended,Bedload","Suspended,Erosion",Not Applicable,Not Applicable,Not Applicable,Not Applicable,Not Applicable,Not Applicable,LouisiaNot Applicable,Deposition Control,Wetlands,Deltas
E00118,L0055,venice,Venice,Bedform transport rates for the lowermost Mississippi River,2008,"Nittrouer, JA, Allision, MA, Campanella, R",https://doi.org/10.1029/2007JF000795,Journal Article,"Reporting,Analysis","Bathymetry,Sediment,Hydraulics","Hydraulic Equations,Frequency Analysis,Regression",Not Applicable,"Sand,Suspended,Bedload","Suspended,Erosion",Not Applicable,Not Applicable,Not Applicable,Not Applicable,Not Applicable,Not Applicable,LouisiaNot Applicable,Deposition Control,Wetlands,Deltas
E00119,L0056,little-granite-creek,Little Granite Creek,"Impacts of wildfire on runoff and sediment loads at Little Granite Creek, western Wyoming",2011,"Ryan, SE, Dwire, KA, Dixon, MK",https://doi.org/10.1016/j.geomorph.2011.01.017,Journal Article,"Reporting,Analysis","Water Quality,Sediment,Hydraulics","Hydraulic Equations,Frequency Analysis",Watershed planning,"Suspended,Woody Particles","Suspended,Debris,Erosion",Not Applicable,Not Applicable,Not Applicable,Yes,Not Applicable,Wildfire,Wyoming,"Land Management,Deposition control",Forestry,Mountain torrents
E00120,L0057,harlan-county-dam,Harlan County Dam,Environmental Benefits of Restoring Sediment Continuity to the Kansas River,2016,"Shelley, J, Boyer, M, Granet, J, Williams, A",https://hdl.handle.net/11681/20279,ERDC TN,"Reporting,Analysis","Water Quality,Ecological",Frequency Analysis,Watershed planning,Suspended,"Reservoir release,Suspended",Yes,Yes,Yes,Not Applicable,Not Applicable,Not Applicable,"Kansas,Nebraska",Sediment release,Multi-use,Meandering rivers
E00121,L0057,glen-elder-dam,Glen Elder Dam,Environmental Benefits of Restoring Sediment Continuity to the Kansas River,2016,"Shelley, J, Boyer, M, Granet, J, Williams, A",https://hdl.handle.net/11681/20279,ERDC TN,"Reporting,Analysis","Water Quality,Ecological",Frequency Analysis,Watershed planning,Suspended,"Reservoir release,Suspended",Yes,Yes,Yes,Not Applicable,Not Applicable,Not Applicable,"Kansas,Nebraska",Sediment release,Multi-use,Meandering rivers
E00122,L0057,wilson-dam,Wilson Dam,Environmental Benefits of Restoring Sediment Continuity to the Kansas River,2016,"Shelley, J, Boyer, M, Granet, J, Williams, A",https://hdl.handle.net/11681/20279,ERDC TN,"Reporting,Analysis","Water Quality,Ecological",Frequency Analysis,Watershed planning,Suspended,"Reservoir release,Suspended",Yes,Yes,Yes,Not Applicable,Not Applicable,Not Applicable,"Kansas,Nebraska",Sediment release,Multi-use,Meandering rivers
E00123,L0057,kanopolis-dam,Kanopolis Dam,Environmental Benefits of Restoring Sediment Continuity to the Kansas River,2016,"Shelley, J, Boyer, M, Granet, J, Williams, A",https://hdl.handle.net/11681/20279,ERDC TN,"Reporting,Analysis","Water Quality,Ecological",Frequency Analysis,Watershed planning,Suspended,"Reservoir release,Suspended",Yes,Yes,Yes,Not Applicable,Not Applicable,Not Applicable,"Kansas,Nebraska",Sediment release,Multi-use,Meandering rivers
E00124,L0057,milford-dam,Milford Dam,Environmental Benefits of Restoring Sediment Continuity to the Kansas River,2016,"Shelley, J, Boyer, M, Granet, J, Williams, A",https://hdl.handle.net/11681/20279,ERDC TN,"Reporting,Analysis","Water Quality,Ecological",Frequency Analysis,Watershed planning,Suspended,"Reservoir release,Suspended",Yes,Yes,Yes,Not Applicable,Not Applicable,Not Applicable,"Kansas,Nebraska",Sediment release,Multi-use,Meandering rivers
E00125,L0057,,Tuttle Creek Dam,Environmental Benefits of Restoring Sediment Continuity to the Kansas River,2016,"Shelley, J, Boyer, M, Granet, J, Williams, A",https://hdl.handle.net/11681/20279,ERDC TN,"Reporting,Analysis","Water Quality,Ecological",Frequency Analysis,Watershed planning,Suspended,"Reservoir release,Suspended",Yes,Yes,Yes,Not Applicable,Not Applicable,Not Applicable,"Kansas,Nebraska",Sediment release,Multi-use,Meandering rivers
E00126,L0058,west-tarkio-creek,West Tarkio Creek,Channel evolution in the loess area of the midwestern United States,1996,"Simon, A, Rinaldi, M, Hadish, G",https://www.researchgate.net/publication/261359171_Channel_Evolution_in_the_Loess_Area_of_the_Midwestern_United_States,Conference Paper,"Reporting,Analysis",Bathymetry,Not Applicable,Watershed planning,"Cohesive,Silt","Bank erosion,Erosion",Not Applicable,Not Applicable,Not Applicable,Not Applicable,Structure failure,Not Applicable,Iowa,Land Management,Upland,Modified streams
E00127,L0059,flyers-creek,Flyers Creek,"Interpreting sediment delivery processes using suspended sediment-discharge hysteresis patterns from nested upland catchments, south-eastern Australia",2009,"Smith, HG, Dragovitch, D",https://doi.org/10.1002/hyp.7357,Journal Article,"Reporting,Analysis","Water Quality,Hydraulics","Hydraulic Equations,Frequency Analysis,Regression",Watershed planning,"Suspended,Clay","Suspended,Erosion",Not Applicable,Not Applicable,Not Applicable,Not Applicable,Not Applicable,Not Applicable,Australia,Sediment release,Upland,Alluvial fan
E00128,L0060,navarro-river,Navarro River,"Evolution of a landslide-induced sediment wave in the Navarro River, California",2002,"Sutherland, DG, Ball, MH, Hilton, SJ, Lisle, TE",https://doi.org/10.1130/0016-7606(2002)114%3C1036:EOALIS%3E2.0.CO;2,Journal Article,"Reporting,Analysis","Bathymetry,Water Quality,Sediment","Sediment Transport Modeling,Frequency Analysis",Not Applicable,"Gravel,Sand,Suspended,Bedload,Silt","Suspended,Erosion",Not Applicable,Not Applicable,Not Applicable,Not Applicable,Not Applicable,Landslide,California,Land Management,Forestry,Not Applicable
E00129,L0061,severnaya-sosva-river,Severnaya Sosva River,Hysteresis effects of suspended sediment transport in relation to geomorphic conditions and dominant sediment sources in medium and large rivers of the Russian Arctic,2015,"Tananaev, NI",https://doi.org/10.2166/nh.2013.199,Journal Article,"Reporting,Analysis","Water Quality,Hydraulics","Frequency Analysis,Regression",Watershed planning,Suspended,Suspended,Not Applicable,Not Applicable,Not Applicable,Not Applicable,Not Applicable,Ice,Russia,"Sediment release,Land Management",Not Applicable,"Mountain torrents,Alluvial fans,Deltas"
E00130,L0061,pur-river,Pur River,Hysteresis effects of suspended sediment transport in relation to geomorphic conditions and dominant sediment sources in medium and large rivers of the Russian Arctic,2015,"Tananaev, NI",https://doi.org/10.2166/nh.2013.199,Journal Article,"Reporting,Analysis","Water Quality,Hydraulics","Frequency Analysis,Regression",Watershed planning,Suspended,Suspended,Not Applicable,Not Applicable,Not Applicable,Not Applicable,Not Applicable,Ice,Russia,"Sediment release,Land Management",Not Applicable,"Mountain torrents,Alluvial fans,Deltas"
E00131,L0061,anabar-river,Anabar River,Hysteresis effects of suspended sediment transport in relation to geomorphic conditions and dominant sediment sources in medium and large rivers of the Russian Arctic,2015,"Tananaev, NI",https://doi.org/10.2166/nh.2013.199,Journal Article,"Reporting,Analysis","Water Quality,Hydraulics","Frequency Analysis,Regression",Watershed planning,Suspended,Suspended,Not Applicable,Not Applicable,Not Applicable,Not Applicable,Not Applicable,Ice,Russia,"Sediment release,Land Management",Not Applicable,"Mountain torrents,Alluvial fans,Deltas"
E00132,L0061,olenyok-river,Olenyok River,Hysteresis effects of suspended sediment transport in relation to geomorphic conditions and dominant sediment sources in medium and large rivers of the Russian Arctic,2015,"Tananaev, NI",https://doi.org/10.2166/nh.2013.199,Journal Article,"Reporting,Analysis","Water Quality,Hydraulics","Frequency Analysis,Regression",Watershed planning,Suspended,Suspended,Not Applicable,Not Applicable,Not Applicable,Not Applicable,Not Applicable,Ice,Russia,"Sediment release,Land Management",Not Applicable,"Mountain torrents,Alluvial fans,Deltas"
E00133,L0061,lena-river,Lena River,Hysteresis effects of suspended sediment transport in relation to geomorphic conditions and dominant sediment sources in medium and large rivers of the Russian Arctic,2015,"Tananaev, NI",https://doi.org/10.2166/nh.2013.199,Journal Article,"Reporting,Analysis","Water Quality,Hydraulics","Frequency Analysis,Regression",Watershed planning,Suspended,Suspended,Not Applicable,Not Applicable,Not Applicable,Not Applicable,Not Applicable,Ice,Russia,"Sediment release,Land Management",Not Applicable,"Mountain torrents,Alluvial fans,Deltas"
E00134,L0061,yana-river,Yana River,Hysteresis effects of suspended sediment transport in relation to geomorphic conditions and dominant sediment sources in medium and large rivers of the Russian Arctic,2015,"Tananaev, NI",https://doi.org/10.2166/nh.2013.199,Journal Article,"Reporting,Analysis","Water Quality,Hydraulics","Frequency Analysis,Regression",Watershed planning,Suspended,Suspended,Not Applicable,Not Applicable,Not Applicable,Not Applicable,Not Applicable,Ice,Russia,"Sediment release,Land Management",Not Applicable,"Mountain torrents,Alluvial fans,Deltas"
E00135,L0061,indigirka-river,Indigirka River,Hysteresis effects of suspended sediment transport in relation to geomorphic conditions and dominant sediment sources in medium and large rivers of the Russian Arctic,2015,"Tananaev, NI",https://doi.org/10.2166/nh.2013.199,Journal Article,"Reporting,Analysis","Water Quality,Hydraulics","Frequency Analysis,Regression",Watershed planning,Suspended,Suspended,Not Applicable,Not Applicable,Not Applicable,Not Applicable,Not Applicable,Ice,Russia,"Sediment release,Land Management",Not Applicable,"Mountain torrents,Alluvial fans,Deltas"
E00136,L0061,kolyma-river,Kolyma River,Hysteresis effects of suspended sediment transport in relation to geomorphic conditions and dominant sediment sources in medium and large rivers of the Russian Arctic,2015,"Tananaev, NI",https://doi.org/10.2166/nh.2013.199,Journal Article,"Reporting,Analysis","Water Quality,Hydraulics","Frequency Analysis,Regression",Watershed planning,Suspended,Suspended,Not Applicable,Not Applicable,Not Applicable,Not Applicable,Not Applicable,Ice,Russia,"Sediment release,Land Management",Not Applicable,"Mountain torrents,Alluvial fans,Deltas"
E00137,L0061,oloy-river,Oloy River,Hysteresis effects of suspended sediment transport in relation to geomorphic conditions and dominant sediment sources in medium and large rivers of the Russian Arctic,2015,"Tananaev, NI",https://doi.org/10.2166/nh.2013.199,Journal Article,"Reporting,Analysis","Water Quality,Hydraulics","Frequency Analysis,Regression",Watershed planning,Suspended,Suspended,Not Applicable,Not Applicable,Not Applicable,Not Applicable,Not Applicable,Ice,Russia,"Sediment release,Land Management",Not Applicable,"Mountain torrents,Alluvial fans,Deltas"
E00138,L0061,anadyr-river,Anadyr River,Hysteresis effects of suspended sediment transport in relation to geomorphic conditions and dominant sediment sources in medium and large rivers of the Russian Arctic,2015,"Tananaev, NI",https://doi.org/10.2166/nh.2013.199,Journal Article,"Reporting,Analysis","Water Quality,Hydraulics","Frequency Analysis,Regression",Watershed planning,Suspended,Suspended,Not Applicable,Not Applicable,Not Applicable,Not Applicable,Not Applicable,Ice,Russia,"Sediment release,Land Management",Not Applicable,"Mountain torrents,Alluvial fans,Deltas"
E00139,L0062,colorado-river,Colorado River,Effects of Turbidity on Predation Vulnerability of Juvenile Humpback Chub to Rainbow Trout and Brown Trout,2016,"Ward, DL, Morton-Starner, R, Vaage, B",https://doi.org/10.3996/102015-JFWM-101,Journal Article,"Reporting,Analysis","Water Quality,Ecological","Frequency Analysis,Regression",Not Applicable,Suspended,Suspended,Yes,Yes,Yes,Not Applicable,Not Applicable,Not Applicable,ArizoNot Applicable,Sediment release,Not Applicable,Not Applicable
E00140,L0063,muddy-creek,Muddy Creek,"Muddy Creek Grade Control Structure, Muddy Creek, Mississippi and Tennessee",1988,"Tate, CH",https://erdc-library.erdc.dren.mil/server/api/core/bitstreams/81b728f8-9a64-4ef8-e053-411ac80adeb3/content,ERDC TN,"Design,Construction,Reporting,Analysis","Bathymetry,Hydraulics",Laboratory Analysis,Operations,"Cohesive,Silt",Erosion,Not Applicable,Not Applicable,Not Applicable,Not Applicable,Structure failure,Not Applicable,Mississippi,Sediment release,Lowland,Modified streams
E00141,L0064,caliente-creek,Caliente Creek,Phase I Sediment Engineering Investigation of the Caliente Creek Drainage Basin,1990,"MacArthur, RC",https://www.hec.usace.army.mil/publications/ProjectReports/PR-13.pdf,USACE Report,"Planning,Design,Analysis","Sediment,Hydraulics","Frequency Analysis,Regression",Flood risk,"Gravel,Sand,Suspended","Suspended,Debris,Erosion",Not Applicable,Not Applicable,Not Applicable,Yes,"Flood,Structure failure",Earthquake,California,Deposition Control,Not Applicable,Alluvial fan
E00142,L0065,yatesville-dam,Yatesville Dam,"Yatesville Lake: Big Sandy River Basin Blaine Creek, Kentucky Foundation Report",1990,"Nield, M",https://apps.dtic.mil/sti/pdfs/ADA240111.pdf,USACE Report,"Design,Construction,Operations",Not Applicable,Not Applicable,"Maintenance,Operations",Not Applicable,Not Applicable,Not Applicable,Not Applicable,Not Applicable,Yes,Not Applicable,Not Applicable,Kentucky,Not Applicable,Not Applicable,Not Applicable
E00143,L0066,,Gavins Point Dam to Cairo,"Upper Mississippi River System Flow Frequency Study - Hydrology andHydraulics, Appendix F Missouri River",2003,USACE,https://www.mvr.usace.army.mil/Portals/48/docs/FRM/UpperMissFlowFreq/App.%20F%20Omaha%20Dist.%20Hydrology_Hydraulics%20Report.pdf,USACE Report,"Reporting,Analysis",Hydraulics,"Hydraulic Modeling,Frequency Analysis,Regression","Flood risk,Watershed planning,Operations",Not Applicable,Not Applicable,Not Applicable,Not Applicable,Not Applicable,Not Applicable,Flood,Not Applicable,"Nebraska,Iowa,Missouri",Not Applicable,"Multi-use,Lowland","Alluvial fans,Regulated rivers"
E00144,L0066,illinois,Illinois,"Upper Mississippi River System Flow Frequency Study - Hydrology andHydraulics, Appendix F Missouri River",2003,USACE,https://www.mvr.usace.army.mil/Portals/48/docs/FRM/UpperMissFlowFreq/App.%20F%20Omaha%20Dist.%20Hydrology_Hydraulics%20Report.pdf,USACE Report,"Reporting,Analysis",Hydraulics,"Hydraulic Modeling,Frequency Analysis,Regression","Flood risk,Watershed planning,Operations",Not Applicable,Not Applicable,Not Applicable,Not Applicable,Not Applicable,Not Applicable,Flood,Not Applicable,"Nebraska,Iowa,Missouri",Not Applicable,"Multi-use,Lowland","Alluvial fans,Regulated rivers"
E00145,L0067,matilija-dam,Matilija Dam,Matilija Dam Ecosystem Restoration Feasibility Study Final EIS,2004,USACE,https://matilijadam.venturacounty.gov/reports/finaleis/Final%20EIS-EIR%2009-04.pdf,USACE Report,"Planning,Reporting","Sediment,Ecological,Public Participation",Not Applicable,Watershed planning,Sand,Reservoir release,Not Applicable,Not Applicable,Yes,Yes,Not Applicable,Not Applicable,California,Dam Removal,Not Applicable,"Mountain turrents,Alluvial fans"
E00146,L0068,yatesville-dam,Yatesville Dam,Yatesville Lake: Dam Outlet Works and Spillway,2008,USACE,https://erdclibrary.on.worldcat.org/oclc/613344602,USACE Report,"Operations,Maintenance,Reporting",Not Applicable,Frequency Analysis,"Maintenance,Operations",Not Applicable,Not Applicable,Not Applicable,Not Applicable,Not Applicable,Yes,Structure failure,Not Applicable,Kentucky,Not Applicable,Not Applicable,Not Applicable
E00147,L0069,,Missouri River from Rulo,Missouri River Commercial Dredging Final Environmental ImpactStatement,2011,USACE,https://usace.contentdm.oclc.org/digital/collection/p16021coll7/id/8163/,USACE Report,"Planning,Operations,Maintenance",Not Applicable,Not Applicable,"Economics,Maintenance,Operations","Gravel,Sand",Dredging,Yes,Yes,Yes,Yes,Not Applicable,Not Applicable,"Nebraska,Missouri",Beneficial use of dredged materials,"Multi-use,Lowland","Alluvial fans,Regulated rivers"
E00148,L0069,,NE to St. Louis,Missouri River Commercial Dredging Final Environmental ImpactStatement,2011,USACE,https://usace.contentdm.oclc.org/digital/collection/p16021coll7/id/8163/,USACE Report,"Planning,Operations,Maintenance",Not Applicable,Not Applicable,"Economics,Maintenance,Operations","Gravel,Sand",Dredging,Yes,Yes,Yes,Yes,Not Applicable,Not Applicable,"Nebraska,Missouri",Beneficial use of dredged materials,"Multi-use,Lowland","Alluvial fans,Regulated rivers"
E00149,L0069,,MO,Missouri River Commercial Dredging Final Environmental ImpactStatement,2011,USACE,https://usace.contentdm.oclc.org/digital/collection/p16021coll7/id/8163/,USACE Report,"Planning,Operations,Maintenance",Not Applicable,Not Applicable,"Economics,Maintenance,Operations","Gravel,Sand",Dredging,Yes,Yes,Yes,Yes,Not Applicable,Not Applicable,"Nebraska,Missouri",Beneficial use of dredged materials,"Multi-use,Lowland","Alluvial fans,Regulated rivers"
E00150,L0070,toutle-river-sediment-retention-structure,Toutle River Sediment Retention Structure,"Final Environmental Assessment, Sediment Retention Structure (SRS) Spillway Raise Project, Mount St. Helens Sediment Management for Flood Risk Reduction",2012,USACE,https://usace.contentdm.oclc.org/digital/collection/p16021coll7/id/8454/,USACE Report,"Planning,Design,Construction,Operations,Maintenance","Bathymetry,Hydraulics",NA,"Flood risk,Economics,Maintenance,Operations",Not Applicable,Debris,Yes,Yes,Yes,Yes,Flood,"Debris flow,Volcanos",Washington,Silt dams,Forestry,"Alluvial fans,Braided rivers"
E00151,L0071,,Missouri River from Sioux City,Missouri River Stage Trends,2010,USACE,https://usace.contentdm.oclc.org/digital/collection/p266001coll1/id/5714/,USACE Report,"Planning,Operations,Reporting,Analysis",Hydraulics,Frequency Analysis,Flood risk,Not Applicable,Not Applicable,Not Applicable,Not Applicable,Not Applicable,Not Applicable,Flood,Not Applicable,"Iowa,Nebraska",Not Applicable,Multi-use,"Alluvial fans,Regulated rivers"
E00152,L0071,,IA to Omaha,Missouri River Stage Trends,2010,USACE,https://usace.contentdm.oclc.org/digital/collection/p266001coll1/id/5714/,USACE Report,"Planning,Operations,Reporting,Analysis",Hydraulics,Frequency Analysis,Flood risk,Not Applicable,Not Applicable,Not Applicable,Not Applicable,Not Applicable,Not Applicable,Flood,Not Applicable,"Iowa,Nebraska",Not Applicable,Multi-use,"Alluvial fans,Regulated rivers"
E00153,L0071,,NE,Missouri River Stage Trends,2010,USACE,https://usace.contentdm.oclc.org/digital/collection/p266001coll1/id/5714/,USACE Report,"Planning,Operations,Reporting,Analysis",Hydraulics,Frequency Analysis,Flood risk,Not Applicable,Not Applicable,Not Applicable,Not Applicable,Not Applicable,Not Applicable,Flood,Not Applicable,"Iowa,Nebraska",Not Applicable,Multi-use,"Alluvial fans,Regulated rivers"
E00154,L0072,st-joseph-harbor-jetty-extensions,St. Joseph Harbor Jetty Extensions,"Sediment management at St. Joseph River and Harbor, Michigan, USA, 1837-Present",2014,"Nairn, RJ, Selegean, JP",https://search.worldcat.org/title/931969650,Conference Paper,"Reporting,Analysis","Bathymetry,Sediment","Sediment Transport Modeling,Frequency Analysis",Watershed planning,"Cohesive,Sand","Erosion,Dredging",Not Applicable,Not Applicable,Not Applicable,Not Applicable,Not Applicable,Not Applicable,Michigan,Deposition Control,Beach,Not Applicable
E00155,L0073,obion-and-forked-deer-rivers,Obion and Forked Deer Rivers,Channel Evolution in Modified Tennessee Channels,1986,"Simon, A, Hupp, CR",https://erdclibrary.on.worldcat.org/oclc/13550054,Conference Paper,Analysis,"Bathymetry,Hydraulics","Hydraulic Equations,Frequency Analysis",Watershed planning,Sand,"Bank erosion,Suspended,Erosion,Dredging",Not Applicable,Not Applicable,Not Applicable,Not Applicable,Not Applicable,Not Applicable,Tennessee,Deposition Control,Not Applicable,Meandering rivers
E00156,L0073,hatchie-river,Hatchie River,Channel Evolution in Modified Tennessee Channels,1986,"Simon, A, Hupp, CR",https://erdclibrary.on.worldcat.org/oclc/13550054,Conference Paper,Analysis,"Bathymetry,Hydraulics","Hydraulic Equations,Frequency Analysis",Watershed planning,Sand,"Bank erosion,Suspended,Erosion,Dredging",Not Applicable,Not Applicable,Not Applicable,Not Applicable,Not Applicable,Not Applicable,Tennessee,Deposition Control,Not Applicable,Meandering rivers
E00157,L0074,gavins-point-dam,Gavins Point Dam,"Relocation of Niobrara, NE, and Acquisition of Niobrara State Park, Gavins Point Dam, Lewis and Clark Lake, Omaha District (June 1970)",1970,USACE,https://erdclibrary.on.worldcat.org/oclc/818428149,Design Manual,"Planning,Design","Public Participation,Hydraulics",Not Applicable,"Economics,Flood risk",Not Applicable,Reservoir pool,Not Applicable,Not Applicable,Not Applicable,Yes,Flood,Not Applicable,"Nebraska,South Dakota",Land Management,Not Applicable,"Alluvial fans,Regulated rivers"
E00158,L0075,las-vegas-wash,Las Vegas Wash,"F-1 Channel and Debris Basin and F-2 Channel and Debris Basin, Las Vegas Wash and Tributaries (Tropicana and Flamingo Washes)",2003,USACE,,USACE Report,,,,,,,,,,,,,,Not Applicable,,
E00159,L0076,american-river-watershed-folsom-dam,American River Watershed (Folsom Dam),American River Watershed : Common Features General Reevaluation Report,2015,USACE,https://hdl.handle.net/11681/39339,USACE Report,"Planning,Reporting,Analysis","Bathymetry,Ecological,Public Participation,Hydraulics",Not Applicable,"Flood risk,economics,planning",Not Applicable,Not Applicable,Yes,Yes,Yes,Not Applicable,Flood,Not Applicable,California,"Land Management,Flood diversion",Urban,"Modified streams,Regulated rivers"
E00160,L0077,lower-granite-dam,Lower Granite Dam,"Lower Snake River Programmatic Sediment Management Plan, Final Environmental Impact Statement",2014,USACE,https://usace.contentdm.oclc.org/digital/collection/p16021coll7/id/9789,USACE Report,"Planning,Analysis","Bathymetry,Sediment,Ecological,Hydraulics","Sediment Transport Modeling,Frequency Analysis,Regression","Flood risk,Maintenance,Operations",Not Applicable,Reservoir pool,Yes,Yes,Yes,Yes,Flood,Not Applicable,Idaho,Deposition Control,Urban,"Mountain torrents,Alluvial fans,Regulated rivers"
E00161,L0078,colorado-river-and-great-basin,Colorado River and Great Basin,Probable Maximum Precipitation Estimates,1977,National Weather Service,https://www.weather.gov/media/owp/hdsc_documents/PMP/HMR49.pdf,Government Report,"Planning,Reporting",Hydraulics,"Hydraulic Modeling,Frequency Analysis","Flood risk,Watershed planning",Not Applicable,Not Applicable,Yes,Not Applicable,Not Applicable,Not Applicable,Flood,Not Applicable,"California,Utah,ArizoNot Applicable,Colorado,Idaho,Oregon,Wyoming",Land Management,Not Applicable,"Mountain torrents,Alluvial fans,Deltas"
E00162,L0079,colorado-river,Colorado River,West-Wide Climate Risk Assessments: Bias-Corrected and Spatially Downscaled Surface Water Projections,2011,US Bureau of Reclamation (USBR),https://www.usbr.gov/watersmart/docs/west-wide-climate-risk-assessments.pdf,Government Report,"Planning,Reporting",Hydraulics,"Hydraulic Modeling,Frequency Analysis",Watershed planning,Not Applicable,Not Applicable,Yes,Not Applicable,Not Applicable,Yes,Flood,Not Applicable,"California,Mexico,Oregon,Missouri",Land Management,Not Applicable,"Mountain torrents,Alluvial fans,Deltas"
E00163,L0079,columbia-river,Columbia River,West-Wide Climate Risk Assessments: Bias-Corrected and Spatially Downscaled Surface Water Projections,2011,US Bureau of Reclamation (USBR),https://www.usbr.gov/watersmart/docs/west-wide-climate-risk-assessments.pdf,Government Report,"Planning,Reporting",Hydraulics,"Hydraulic Modeling,Frequency Analysis",Watershed planning,Not Applicable,Not Applicable,Yes,Not Applicable,Not Applicable,Yes,Flood,Not Applicable,"California,Mexico,Oregon,Missouri",Land Management,Not Applicable,"Mountain torrents,Alluvial fans,Deltas"
E00164,L0079,klamath-river,Klamath River,West-Wide Climate Risk Assessments: Bias-Corrected and Spatially Downscaled Surface Water Projections,2011,US Bureau of Reclamation (USBR),https://www.usbr.gov/watersmart/docs/west-wide-climate-risk-assessments.pdf,Government Report,"Planning,Reporting",Hydraulics,"Hydraulic Modeling,Frequency Analysis",Watershed planning,Not Applicable,Not Applicable,Yes,Not Applicable,Not Applicable,Yes,Flood,Not Applicable,"California,Mexico,Oregon,Missouri",Land Management,Not Applicable,"Mountain torrents,Alluvial fans,Deltas"
E00165,L0079,missouri-river,Missouri River,West-Wide Climate Risk Assessments: Bias-Corrected and Spatially Downscaled Surface Water Projections,2011,US Bureau of Reclamation (USBR),https://www.usbr.gov/watersmart/docs/west-wide-climate-risk-assessments.pdf,Government Report,"Planning,Reporting",Hydraulics,"Hydraulic Modeling,Frequency Analysis",Watershed planning,Not Applicable,Not Applicable,Yes,Not Applicable,Not Applicable,Yes,Flood,Not Applicable,"California,Mexico,Oregon,Missouri",Land Management,Not Applicable,"Mountain torrents,Alluvial fans,Deltas"
E00166,L0079,rio-grande-2,Rio Grande,West-Wide Climate Risk Assessments: Bias-Corrected and Spatially Downscaled Surface Water Projections,2011,US Bureau of Reclamation (USBR),https://www.usbr.gov/watersmart/docs/west-wide-climate-risk-assessments.pdf,Government Report,"Planning,Reporting",Hydraulics,"Hydraulic Modeling,Frequency Analysis",Watershed planning,Not Applicable,Not Applicable,Yes,Not Applicable,Not Applicable,Yes,Flood,Not Applicable,"California,Mexico,Oregon,Missouri",Land Management,Not Applicable,"Mountain torrents,Alluvial fans,Deltas"
E00167,L0079,sacramento-river,Sacramento River,West-Wide Climate Risk Assessments: Bias-Corrected and Spatially Downscaled Surface Water Projections,2011,US Bureau of Reclamation (USBR),https://www.usbr.gov/watersmart/docs/west-wide-climate-risk-assessments.pdf,Government Report,"Planning,Reporting",Hydraulics,"Hydraulic Modeling,Frequency Analysis",Watershed planning,Not Applicable,Not Applicable,Yes,Not Applicable,Not Applicable,Yes,Flood,Not Applicable,"California,Mexico,Oregon,Missouri",Land Management,Not Applicable,"Mountain torrents,Alluvial fans,Deltas"
E00168,L0079,san-joaquin-river,San Joaquin River,West-Wide Climate Risk Assessments: Bias-Corrected and Spatially Downscaled Surface Water Projections,2011,US Bureau of Reclamation (USBR),https://www.usbr.gov/watersmart/docs/west-wide-climate-risk-assessments.pdf,Government Report,"Planning,Reporting",Hydraulics,"Hydraulic Modeling,Frequency Analysis",Watershed planning,Not Applicable,Not Applicable,Yes,Not Applicable,Not Applicable,Yes,Flood,Not Applicable,"California,Mexico,Oregon,Missouri",Land Management,Not Applicable,"Mountain torrents,Alluvial fans,Deltas"
E00169,L0079,truckee-river,Truckee River,West-Wide Climate Risk Assessments: Bias-Corrected and Spatially Downscaled Surface Water Projections,2011,US Bureau of Reclamation (USBR),https://www.usbr.gov/watersmart/docs/west-wide-climate-risk-assessments.pdf,Government Report,"Planning,Reporting",Hydraulics,"Hydraulic Modeling,Frequency Analysis",Watershed planning,Not Applicable,Not Applicable,Yes,Not Applicable,Not Applicable,Yes,Flood,Not Applicable,"California,Mexico,Oregon,Missouri",Land Management,Not Applicable,"Mountain torrents,Alluvial fans,Deltas"
E00170,L0080,lower-puyallup-river,Lower Puyallup River,"Flood-carrying capacities and changes in channels of the lower Puyallup, White, and Carbon Rivers in western Washington",1988,"Prych, EA",https://pubs.usgs.gov/wri/1987/4129/report.pdf,Government Report,"Planning,Reporting,Analysis","Bathymetry,Hydraulics",Frequency Analysis,Flood risk,"Sand,Gravel",Not Applicable,Not Applicable,Not Applicable,Not Applicable,Yes,Flood,Volcanos,Washington,Flood diversion,"Urban,Forestry,Lowland","Mountain torrents,Alluvial fans"
E00171,L0080,white-river,White River,"Flood-carrying capacities and changes in channels of the lower Puyallup, White, and Carbon Rivers in western Washington",1988,"Prych, EA",https://pubs.usgs.gov/wri/1987/4129/report.pdf,Government Report,"Planning,Reporting,Analysis","Bathymetry,Hydraulics",Frequency Analysis,Flood risk,"Sand,Gravel",Not Applicable,Not Applicable,Not Applicable,Not Applicable,Yes,Flood,Volcanos,Washington,Flood diversion,"Urban,Forestry,Lowland","Mountain torrents,Alluvial fans"
E00172,L0080,carbon-river,Carbon River,"Flood-carrying capacities and changes in channels of the lower Puyallup, White, and Carbon Rivers in western Washington",1988,"Prych, EA",https://pubs.usgs.gov/wri/1987/4129/report.pdf,Government Report,"Planning,Reporting,Analysis","Bathymetry,Hydraulics",Frequency Analysis,Flood risk,"Sand,Gravel",Not Applicable,Not Applicable,Not Applicable,Not Applicable,Yes,Flood,Volcanos,Washington,Flood diversion,"Urban,Forestry,Lowland","Mountain torrents,Alluvial fans"
E00173,L0081,rio-san-julian,Rio San Julian,Natural Hazards on Alluvial Fans: The Venezuela Debris Flow and Flash Flood Disaster,2001,"Larsen, MC, Wieczorek, GF, Eaton, LS, Morgan, BA, Torres-Sierra, H",https://pubs.usgs.gov/fs/fs-0103-01/fs-0103-01.pdf,Government Report,Reporting,"Bathymetry,Hydraulics",Not Applicable,Flood risk,"Rock,Silt,Clay",Debris,Not Applicable,Not Applicable,Not Applicable,Not Applicable,Flood,"Debris flow,Landslide",Venezuela,Deposition control,Urban,"Mountain torrents,Alluvial fans"
E00174,L0082,puyallup-river,Puyallup River,"Channel-conveyance capacity, channel change, and sediment transport in the lower Puyallup, White, and Carbon Rivers, western Washington",2010,"Czuba, JA, Czuba, CR, Magirl, CS, Voss, FD",https://doi.org/10.3133/sir20105240,Government Report,"Planning,Maintenance,Reporting,Analysis","Bathymetry,Sediment,Hydraulics","Hydraulic Modeling,Sediment Transport Modeling,Frequency Analysis","Flood risk,watershed planning,Maintenance,Operations","Gravel,Sand,Rock,Bedload","Suspended,Erosion,Dredging",Not Applicable,Not Applicable,Not Applicable,Not Applicable,Flood,Volcanos,Washingtoin,"Flood diversion,Deposition control",Lowland,"Mountain torrents,Alluvial fans"
E00175,L0083,nisqually-river,Nisqually River,"Geomorphic analysis of the river response to sedimentation downstream of Mount Rainier, Washington",2012,"Czuba, JA, Magirl, CS, Czuba, CR, Curran, CA, Johnson, KH, Olsen, TD, Kimball, HK, Gish, CC",https://doi.org/10.3133/ofr20121242,Government Report,"Reporting,Analysis","Bathymetry,Sediment,Hydraulics","Hydraulic Modeling,Sediment Transport Modeling,Frequency Analysis",Watershed planning,"Bedload,Rock","Suspended,Debris",Not Applicable,Not Applicable,Not Applicable,Yes,Not Applicable,"Ice,Landslide,Debris flows,Volcanos",Washington,"Land Management,Deposition control",Lowland,"Mountain torrents,Alluvial fans"
E00176,L0083,puyallup-river,Puyallup River,"Geomorphic analysis of the river response to sedimentation downstream of Mount Rainier, Washington",2012,"Czuba, JA, Magirl, CS, Czuba, CR, Curran, CA, Johnson, KH, Olsen, TD, Kimball, HK, Gish, CC",https://doi.org/10.3133/ofr20121242,Government Report,"Reporting,Analysis","Bathymetry,Sediment,Hydraulics","Hydraulic Modeling,Sediment Transport Modeling,Frequency Analysis",Watershed planning,"Bedload,Rock","Suspended,Debris",Not Applicable,Not Applicable,Not Applicable,Yes,Not Applicable,"Ice,Landslide,Debris flows,Volcanos",Washington,"Land Management,Deposition control",Lowland,"Mountain torrents,Alluvial fans"
E00177,L0084,green-duwamish-river,Green-Duwamish River,Suspended Sediment Transport by the Green-Duwamish River to the Lower Duwamish Waterway,2018,"Senter, CA, Conn, KE, Black, RW, Peterson, N, Vanderpool-Kimura, A, Foreman, JR",https://doi.org/10.3133/ofr20181029,Government Report,"Reporting,Analysis","Water Quality,Sediment,Hydraulics",Frequency Analysis,Watershed planning,"Suspended,Silt,Clay","Reservoir release,Suspended",Not Applicable,Not Applicable,Not Applicable,Not Applicable,Not Applicable,Not Applicable,Washington,"Sediment release,Deposition control",Urban,Not Applicable
E00178,L0084,howard-a-hanson-dam,Howard A. Hanson Dam,Suspended Sediment Transport by the Green-Duwamish River to the Lower Duwamish Waterway,2018,"Senter, CA, Conn, KE, Black, RW, Peterson, N, Vanderpool-Kimura, A, Foreman, JR",https://doi.org/10.3133/ofr20181029,Government Report,"Reporting,Analysis","Water Quality,Sediment,Hydraulics",Frequency Analysis,Watershed planning,"Suspended,Silt,Clay","Reservoir release,Suspended",Not Applicable,Not Applicable,Not Applicable,Not Applicable,Not Applicable,Not Applicable,Washington,"Sediment release,Deposition control",Urban,Not Applicable
E00179,L0085,,Missouri River from Sioux City,"Sediment and Hydraulic Measurements with Computed Bed Load on the Missouri River, Sioux City to Hermann, 2014",2017,"Abraham, D, Ramos-Villanueva, M, Pratt, T, Ganesh, N, May, D, Butler, W, McAlpin, T, Jones, K, Shelley, J, Pridal, D",https://dx.doi.org/10.21079/11681/22585,ERDC TN,"Reporting,Analysis","Bathymetry,Water Quality,Sediment,Hydraulics","Hydraulic Equations,Sediment Transport Modling,Frequency Analysis",Operations,"Suspended,Bedload","Suspended,Erosion",Not Applicable,Not Applicable,Not Applicable,Not Applicable,Not Applicable,Not Applicable,Missouri,"Sediment release,Deposition control",Urban,"Alluvial fans,Regulated rivers"
E00180,L0085,,IA to Hermann,"Sediment and Hydraulic Measurements with Computed Bed Load on the Missouri River, Sioux City to Hermann, 2014",2017,"Abraham, D, Ramos-Villanueva, M, Pratt, T, Ganesh, N, May, D, Butler, W, McAlpin, T, Jones, K, Shelley, J, Pridal, D",https://dx.doi.org/10.21079/11681/22585,ERDC TN,"Reporting,Analysis","Bathymetry,Water Quality,Sediment,Hydraulics","Hydraulic Equations,Sediment Transport Modling,Frequency Analysis",Operations,"Suspended,Bedload","Suspended,Erosion",Not Applicable,Not Applicable,Not Applicable,Not Applicable,Not Applicable,Not Applicable,Missouri,"Sediment release,Deposition control",Urban,"Alluvial fans,Regulated rivers"
E00181,L0085,,MO,"Sediment and Hydraulic Measurements with Computed Bed Load on the Missouri River, Sioux City to Hermann, 2014",2017,"Abraham, D, Ramos-Villanueva, M, Pratt, T, Ganesh, N, May, D, Butler, W, McAlpin, T, Jones, K, Shelley, J, Pridal, D",https://dx.doi.org/10.21079/11681/22585,ERDC TN,"Reporting,Analysis","Bathymetry,Water Quality,Sediment,Hydraulics","Hydraulic Equations,Sediment Transport Modling,Frequency Analysis",Operations,"Suspended,Bedload","Suspended,Erosion",Not Applicable,Not Applicable,Not Applicable,Not Applicable,Not Applicable,Not Applicable,Missouri,"Sediment release,Deposition control",Urban,"Alluvial fans,Regulated rivers"
E00182,L0086,pigeon-roost-creek,Pigeon Roost Creek,"Incised channels, morphology, dynamics, and control",1984,"Schumm, SA, Harvey, MD, Watson, CC",https://erdclibrary.on.worldcat.org/oclc/11598241,Book,"Planning,Maintenance,Reporting,Analysis","Bathymetry,Sediment,Hydraulics","Sediment Transport Modeling,Regression","Watershed planning,Maintenance",Not Applicable,"Bank erosion,Headcut",Not Applicable,Not Applicable,Not Applicable,Not Applicable,Not Applicable,Not Applicable,"Mississippi,Midwest USA","Sediment Release,Land Management,Deposition Control",Not Applicable,"Alluvial vans,Arroyos,Cohesive channels"
E00183,L0086,cuffawa-creek,Cuffawa Creek,"Incised channels, morphology, dynamics, and control",1984,"Schumm, SA, Harvey, MD, Watson, CC",https://erdclibrary.on.worldcat.org/oclc/11598241,Book,"Planning,Maintenance,Reporting,Analysis","Bathymetry,Sediment,Hydraulics","Sediment Transport Modeling,Regression","Watershed planning,Maintenance",Not Applicable,"Bank erosion,Headcut",Not Applicable,Not Applicable,Not Applicable,Not Applicable,Not Applicable,Not Applicable,"Mississippi,Midwest USA","Sediment Release,Land Management,Deposition Control",Not Applicable,"Alluvial vans,Arroyos,Cohesive channels"
E00184,L0086,oaklimiter-creek,Oaklimiter Creek,"Incised channels, morphology, dynamics, and control",1984,"Schumm, SA, Harvey, MD, Watson, CC",https://erdclibrary.on.worldcat.org/oclc/11598241,Book,"Planning,Maintenance,Reporting,Analysis","Bathymetry,Sediment,Hydraulics","Sediment Transport Modeling,Regression","Watershed planning,Maintenance",Not Applicable,"Bank erosion,Headcut",Not Applicable,Not Applicable,Not Applicable,Not Applicable,Not Applicable,Not Applicable,"Mississippi,Midwest USA","Sediment Release,Land Management,Deposition Control",Not Applicable,"Alluvial vans,Arroyos,Cohesive channels"
E00185,L0086,tippah-river,Tippah River,"Incised channels, morphology, dynamics, and control",1984,"Schumm, SA, Harvey, MD, Watson, CC",https://erdclibrary.on.worldcat.org/oclc/11598241,Book,"Planning,Maintenance,Reporting,Analysis","Bathymetry,Sediment,Hydraulics","Sediment Transport Modeling,Regression","Watershed planning,Maintenance",Not Applicable,"Bank erosion,Headcut",Not Applicable,Not Applicable,Not Applicable,Not Applicable,Not Applicable,Not Applicable,"Mississippi,Midwest USA","Sediment Release,Land Management,Deposition Control",Not Applicable,"Alluvial vans,Arroyos,Cohesive channels"
E00186,L0087,burlington-northern-santa-fe-railway-company-bnsf-railway-crossing,Burlington Northern Santa Fe Railway Company (BNSF) railway crossing,Scale factor study for 1:30 local scour model,2016,"Sharp, JA, Heath, RE, Park, HE, McAlpin, TO",https://hdl.handle.net/11681/20332,ERDC TN,"Construction,Analysis","Bathymetry,Sediment,Hydraulics",Laboratory Analysis,Operations,"Gravel,Sand",Erosion,Not Applicable,Not Applicable,Not Applicable,Not Applicable,Stucture falure,Not Applicable,Southern California,Sediment Release,Urban,Alluvial fan
E00187,L0088,,Missouri River from St. Joseph,"Modeling bed degradation of a large, sand-bed river with in-channel mining with HEC-RAS",2015,"Shelley, J, Gibson, S",https://www.researchgate.net/publication/338282623_Modeling_Bed_Degradation_of_a_Large_Sand-Bed_River_with_in-Channel_Mining_with_HEC-RAS_50,Conference Paper,Analysis,"Bathymetry,Sediment,Hydaulics","Hydraulic Equations,Sediment Transport Modeling,Frequency Analysis,Regression",Flood risk,Sand,"Erosion,Dredging",Not Applicable,Not Applicable,Not Applicable,Yes,Flood,Not Applicable,Missouri,Sediment Release,Not Applicable,Regulated rivers
E00188,L0088,,MO to Waverly,"Modeling bed degradation of a large, sand-bed river with in-channel mining with HEC-RAS",2015,"Shelley, J, Gibson, S",https://www.researchgate.net/publication/338282623_Modeling_Bed_Degradation_of_a_Large_Sand-Bed_River_with_in-Channel_Mining_with_HEC-RAS_50,Conference Paper,Analysis,"Bathymetry,Sediment,Hydaulics","Hydraulic Equations,Sediment Transport Modeling,Frequency Analysis,Regression",Flood risk,Sand,"Erosion,Dredging",Not Applicable,Not Applicable,Not Applicable,Yes,Flood,Not Applicable,Missouri,Sediment Release,Not Applicable,Regulated rivers
E00189,L0088,,MO,"Modeling bed degradation of a large, sand-bed river with in-channel mining with HEC-RAS",2015,"Shelley, J, Gibson, S",https://www.researchgate.net/publication/338282623_Modeling_Bed_Degradation_of_a_Large_Sand-Bed_River_with_in-Channel_Mining_with_HEC-RAS_50,Conference Paper,Analysis,"Bathymetry,Sediment,Hydaulics","Hydraulic Equations,Sediment Transport Modeling,Frequency Analysis,Regression",Flood risk,Sand,"Erosion,Dredging",Not Applicable,Not Applicable,Not Applicable,Yes,Flood,Not Applicable,Missouri,Sediment Release,Not Applicable,Regulated rivers
E00190,L0089,,Tuttle Creek Dam,Reservoir Sedimentation Problems: In-reservoir problems,2017,"Shelley, J",https://rsm.usace.army.mil/techtransfer/FY17/ReservoirWorkshop-Aug2017/pdfs/2_02_ReservoirProblems-LostBenefitsFromSedimentation.pdf,Conference Paper,"Operations,Reporting","Bathymetry,Sediment,Water Quality",Not Applicable,"Flood risk,Operations","Sand,Silt,Clay",Reservoir pool,Not Applicable,Not Applicable,Not Applicable,Not Applicable,Flood,Not Applicable,"Kansas,Nebraska,Washington",Deposition Control,Not Applicable,Not Applicable
E00191,L0089,harlan-county-dam,Harlan County Dam,Reservoir Sedimentation Problems: In-reservoir problems,2017,"Shelley, J",https://rsm.usace.army.mil/techtransfer/FY17/ReservoirWorkshop-Aug2017/pdfs/2_02_ReservoirProblems-LostBenefitsFromSedimentation.pdf,Conference Paper,"Operations,Reporting","Bathymetry,Sediment,Water Quality",Not Applicable,"Flood risk,Operations","Sand,Silt,Clay",Reservoir pool,Not Applicable,Not Applicable,Not Applicable,Not Applicable,Flood,Not Applicable,"Kansas,Nebraska,Washington",Deposition Control,Not Applicable,Not Applicable
E00192,L0089,wilson-dam,Wilson Dam,Reservoir Sedimentation Problems: In-reservoir problems,2017,"Shelley, J",https://rsm.usace.army.mil/techtransfer/FY17/ReservoirWorkshop-Aug2017/pdfs/2_02_ReservoirProblems-LostBenefitsFromSedimentation.pdf,Conference Paper,"Operations,Reporting","Bathymetry,Sediment,Water Quality",Not Applicable,"Flood risk,Operations","Sand,Silt,Clay",Reservoir pool,Not Applicable,Not Applicable,Not Applicable,Not Applicable,Flood,Not Applicable,"Kansas,Nebraska,Washington",Deposition Control,Not Applicable,Not Applicable
E00193,L0089,kanopolis-dam,Kanopolis Dam,Reservoir Sedimentation Problems: In-reservoir problems,2017,"Shelley, J",https://rsm.usace.army.mil/techtransfer/FY17/ReservoirWorkshop-Aug2017/pdfs/2_02_ReservoirProblems-LostBenefitsFromSedimentation.pdf,Conference Paper,"Operations,Reporting","Bathymetry,Sediment,Water Quality",Not Applicable,"Flood risk,Operations","Sand,Silt,Clay",Reservoir pool,Not Applicable,Not Applicable,Not Applicable,Not Applicable,Flood,Not Applicable,"Kansas,Nebraska,Washington",Deposition Control,Not Applicable,Not Applicable
E00194,L0089,milford-dam,Milford Dam,Reservoir Sedimentation Problems: In-reservoir problems,2017,"Shelley, J",https://rsm.usace.army.mil/techtransfer/FY17/ReservoirWorkshop-Aug2017/pdfs/2_02_ReservoirProblems-LostBenefitsFromSedimentation.pdf,Conference Paper,"Operations,Reporting","Bathymetry,Sediment,Water Quality",Not Applicable,"Flood risk,Operations","Sand,Silt,Clay",Reservoir pool,Not Applicable,Not Applicable,Not Applicable,Not Applicable,Flood,Not Applicable,"Kansas,Nebraska,Washington",Deposition Control,Not Applicable,Not Applicable
E00195,L0089,john-redmond-dam,John Redmond Dam,Reservoir Sedimentation Problems: In-reservoir problems,2017,"Shelley, J",https://rsm.usace.army.mil/techtransfer/FY17/ReservoirWorkshop-Aug2017/pdfs/2_02_ReservoirProblems-LostBenefitsFromSedimentation.pdf,Conference Paper,"Operations,Reporting","Bathymetry,Sediment,Water Quality",Not Applicable,"Flood risk,Operations","Sand,Silt,Clay",Reservoir pool,Not Applicable,Not Applicable,Not Applicable,Not Applicable,Flood,Not Applicable,"Kansas,Nebraska,Washington",Deposition Control,Not Applicable,Not Applicable
E00196,L0089,lower-granite-dam,Lower Granite Dam,Reservoir Sedimentation Problems: In-reservoir problems,2017,"Shelley, J",https://rsm.usace.army.mil/techtransfer/FY17/ReservoirWorkshop-Aug2017/pdfs/2_02_ReservoirProblems-LostBenefitsFromSedimentation.pdf,Conference Paper,"Operations,Reporting","Bathymetry,Sediment,Water Quality",Not Applicable,"Flood risk,Operations","Sand,Silt,Clay",Reservoir pool,Not Applicable,Not Applicable,Not Applicable,Not Applicable,Flood,Not Applicable,"Kansas,Nebraska,Washington",Deposition Control,Not Applicable,Not Applicable
E00197,L0090,millsite-dam,Millsite Dam,"Discharging Sediment Downstream: Case Studies in Cost Effective, Environmentally Acceptable Reservoir Sediment Management in the United States",2022,"Shelley, J, Hotchkiss, RH, Boyde, P, Gibson, S",https://doi.org/10.1061/(ASCE)WR.1943-5452.0001494,Journal Article,"Planning,Operations,Maintenance,Reporting","Bathymetry,Water Quality,Sediment,Ecological,Public Participation,Hydraulics",Not Applicable,"Maintenance,Operations","Sand,Silt,Clay","Reservoir relaease,Dredging",Not Applicable,Not Applicable,Not Applicable,Not Applicable,"Structure failure,Adaptive maNot Applicablegement",Not Applicable,"Utah,Colorado,Wyoming,Nebraska,Oregon,Washington",Sediment Release,Not Applicable,Not Applicable
E00198,L0090,cherry-creek-dam,Cherry Creek Dam,"Discharging Sediment Downstream: Case Studies in Cost Effective, Environmentally Acceptable Reservoir Sediment Management in the United States",2022,"Shelley, J, Hotchkiss, RH, Boyde, P, Gibson, S",https://doi.org/10.1061/(ASCE)WR.1943-5452.0001494,Journal Article,"Planning,Operations,Maintenance,Reporting","Bathymetry,Water Quality,Sediment,Ecological,Public Participation,Hydraulics",Not Applicable,"Maintenance,Operations","Sand,Silt,Clay","Reservoir relaease,Dredging",Not Applicable,Not Applicable,Not Applicable,Not Applicable,"Structure failure,Adaptive maNot Applicablegement",Not Applicable,"Utah,Colorado,Wyoming,Nebraska,Oregon,Washington",Sediment Release,Not Applicable,Not Applicable
E00199,L0090,guernsey-dam,Guernsey Dam,"Discharging Sediment Downstream: Case Studies in Cost Effective, Environmentally Acceptable Reservoir Sediment Management in the United States",2022,"Shelley, J, Hotchkiss, RH, Boyde, P, Gibson, S",https://doi.org/10.1061/(ASCE)WR.1943-5452.0001494,Journal Article,"Planning,Operations,Maintenance,Reporting","Bathymetry,Water Quality,Sediment,Ecological,Public Participation,Hydraulics",Not Applicable,"Maintenance,Operations","Sand,Silt,Clay","Reservoir relaease,Dredging",Not Applicable,Not Applicable,Not Applicable,Not Applicable,"Structure failure,Adaptive maNot Applicablegement",Not Applicable,"Utah,Colorado,Wyoming,Nebraska,Oregon,Washington",Sediment Release,Not Applicable,Not Applicable
E00200,L0090,spencer-dam,Spencer Dam,"Discharging Sediment Downstream: Case Studies in Cost Effective, Environmentally Acceptable Reservoir Sediment Management in the United States",2022,"Shelley, J, Hotchkiss, RH, Boyde, P, Gibson, S",https://doi.org/10.1061/(ASCE)WR.1943-5452.0001494,Journal Article,"Planning,Operations,Maintenance,Reporting","Bathymetry,Water Quality,Sediment,Ecological,Public Participation,Hydraulics",Not Applicable,"Maintenance,Operations","Sand,Silt,Clay","Reservoir relaease,Dredging",Not Applicable,Not Applicable,Not Applicable,Not Applicable,"Structure failure,Adaptive maNot Applicablegement",Not Applicable,"Utah,Colorado,Wyoming,Nebraska,Oregon,Washington",Sediment Release,Not Applicable,Not Applicable
E00201,L0090,fall-creek-dam,Fall Creek Dam,"Discharging Sediment Downstream: Case Studies in Cost Effective, Environmentally Acceptable Reservoir Sediment Management in the United States",2022,"Shelley, J, Hotchkiss, RH, Boyde, P, Gibson, S",https://doi.org/10.1061/(ASCE)WR.1943-5452.0001494,Journal Article,"Planning,Operations,Maintenance,Reporting","Bathymetry,Water Quality,Sediment,Ecological,Public Participation,Hydraulics",Not Applicable,"Maintenance,Operations","Sand,Silt,Clay","Reservoir relaease,Dredging",Not Applicable,Not Applicable,Not Applicable,Not Applicable,"Structure failure,Adaptive maNot Applicablegement",Not Applicable,"Utah,Colorado,Wyoming,Nebraska,Oregon,Washington",Sediment Release,Not Applicable,Not Applicable
E00202,L0090,howard-a-hanson-dam,Howard A. Hanson Dam,"Discharging Sediment Downstream: Case Studies in Cost Effective, Environmentally Acceptable Reservoir Sediment Management in the United States",2022,"Shelley, J, Hotchkiss, RH, Boyde, P, Gibson, S",https://doi.org/10.1061/(ASCE)WR.1943-5452.0001494,Journal Article,"Planning,Operations,Maintenance,Reporting","Bathymetry,Water Quality,Sediment,Ecological,Public Participation,Hydraulics",Not Applicable,"Maintenance,Operations","Sand,Silt,Clay","Reservoir relaease,Dredging",Not Applicable,Not Applicable,Not Applicable,Not Applicable,"Structure failure,Adaptive maNot Applicablegement",Not Applicable,"Utah,Colorado,Wyoming,Nebraska,Oregon,Washington",Sediment Release,Not Applicable,Not Applicable
E00203,L0090,mill-pond-dam,Mill Pond Dam,"Discharging Sediment Downstream: Case Studies in Cost Effective, Environmentally Acceptable Reservoir Sediment Management in the United States",2022,"Shelley, J, Hotchkiss, RH, Boyde, P, Gibson, S",https://doi.org/10.1061/(ASCE)WR.1943-5452.0001494,Journal Article,"Planning,Operations,Maintenance,Reporting","Bathymetry,Water Quality,Sediment,Ecological,Public Participation,Hydraulics",Not Applicable,"Maintenance,Operations","Sand,Silt,Clay","Reservoir relaease,Dredging",Not Applicable,Not Applicable,Not Applicable,Not Applicable,"Structure failure,Adaptive maNot Applicablegement",Not Applicable,"Utah,Colorado,Wyoming,Nebraska,Oregon,Washington",Sediment Release,Not Applicable,Not Applicable
E00204,L0091,yampa-river,Yampa River,"Effective and bankfull discharge of streams in the Yampa basin, western Wyoming",1980,"Andrews, ED",https://doi.org/10.1016/0022-1694(80)90084-0,Journal Article,"Reporting,Analysis","Bathymetry,Water Quality,Sediment,Hydraulics","Hydraulic Equations,Regression",Watershed planning,Suspended,Suspended,Not Applicable,Not Applicable,Not Applicable,Not Applicable,Flood,Not Applicable,"Colorado,Wyoming",Deposition Control,Not Applicable,Alluvial fans
E00205,L0092,lower-mississippi-river,Lower Mississippi River,Magnitude-frequency analysis of sediment transport in the Lower Mississippi River,1994,"Biedenharn, DS, Thorne, CR",https://doi.org/10.1002/rrr.3450090405,Journal Article,"Design,Reporting,Analysis","Bathymetry,Water Quality,Sediment,Hydraulics","Hydraulic Equations,Frequency Analysis,Regression","Maintenance,Operations",Suspended,Suspended,Not Applicable,Not Applicable,Not Applicable,Yes,Structure failure,Not Applicable,Mississippi,Deposition Control,Not Applicable,"Alluvial fans,Regulated rivers"
E00206,L0093,athabasca-river,Athabasca River,Generalized regime-type analysis of Alberta rivers,1972,"Bray, DI",https://era.library.ualberta.ca/items/2d35247d-8b9a-487c-a699-f45d6364236f/download/923e32f4-0d93-475b-9974-a4f8409672f7,Thesis,"Reporting,Analysis","Sediment,Hydraulics","Hydraulic Equations,Frequency Analysis,Regression",Not Applicable,"Gravel,Sand","Suspended,Erosion",Not Applicable,Not Applicable,Not Applicable,Not Applicable,Flood,Not Applicable,"Alberta, CaNot Applicableda",Not Applicable,Not Applicable,"Alluvial fans,Deltas"
E00207,L0093,peace-river,Peace River,Generalized regime-type analysis of Alberta rivers,1972,"Bray, DI",https://era.library.ualberta.ca/items/2d35247d-8b9a-487c-a699-f45d6364236f/download/923e32f4-0d93-475b-9974-a4f8409672f7,Thesis,"Reporting,Analysis","Sediment,Hydraulics","Hydraulic Equations,Frequency Analysis,Regression",Not Applicable,"Gravel,Sand","Suspended,Erosion",Not Applicable,Not Applicable,Not Applicable,Not Applicable,Flood,Not Applicable,"Alberta, CaNot Applicableda",Not Applicable,Not Applicable,"Alluvial fans,Deltas"
E00208,L0093,north-saskatchewan-river,North Saskatchewan River,Generalized regime-type analysis of Alberta rivers,1972,"Bray, DI",https://era.library.ualberta.ca/items/2d35247d-8b9a-487c-a699-f45d6364236f/download/923e32f4-0d93-475b-9974-a4f8409672f7,Thesis,"Reporting,Analysis","Sediment,Hydraulics","Hydraulic Equations,Frequency Analysis,Regression",Not Applicable,"Gravel,Sand","Suspended,Erosion",Not Applicable,Not Applicable,Not Applicable,Not Applicable,Flood,Not Applicable,"Alberta, CaNot Applicableda",Not Applicable,Not Applicable,"Alluvial fans,Deltas"
E00209,L0093,south-saskatchewan-river,South Saskatchewan River,Generalized regime-type analysis of Alberta rivers,1972,"Bray, DI",https://era.library.ualberta.ca/items/2d35247d-8b9a-487c-a699-f45d6364236f/download/923e32f4-0d93-475b-9974-a4f8409672f7,Thesis,"Reporting,Analysis","Sediment,Hydraulics","Hydraulic Equations,Frequency Analysis,Regression",Not Applicable,"Gravel,Sand","Suspended,Erosion",Not Applicable,Not Applicable,Not Applicable,Not Applicable,Flood,Not Applicable,"Alberta, CaNot Applicableda",Not Applicable,Not Applicable,"Alluvial fans,Deltas"
E00210,L0093,beaver-river,Beaver River,Generalized regime-type analysis of Alberta rivers,1972,"Bray, DI",https://era.library.ualberta.ca/items/2d35247d-8b9a-487c-a699-f45d6364236f/download/923e32f4-0d93-475b-9974-a4f8409672f7,Thesis,"Reporting,Analysis","Sediment,Hydraulics","Hydraulic Equations,Frequency Analysis,Regression",Not Applicable,"Gravel,Sand","Suspended,Erosion",Not Applicable,Not Applicable,Not Applicable,Not Applicable,Flood,Not Applicable,"Alberta, CaNot Applicableda",Not Applicable,Not Applicable,"Alluvial fans,Deltas"
E00211,L0093,milk-river,Milk River,Generalized regime-type analysis of Alberta rivers,1972,"Bray, DI",https://era.library.ualberta.ca/items/2d35247d-8b9a-487c-a699-f45d6364236f/download/923e32f4-0d93-475b-9974-a4f8409672f7,Thesis,"Reporting,Analysis","Sediment,Hydraulics","Hydraulic Equations,Frequency Analysis,Regression",Not Applicable,"Gravel,Sand","Suspended,Erosion",Not Applicable,Not Applicable,Not Applicable,Not Applicable,Flood,Not Applicable,"Alberta, CaNot Applicableda",Not Applicable,Not Applicable,"Alluvial fans,Deltas"
E00212,L0094,mississippi-river,Mississippi River,Surface water and energy budgets over the Mississippi and Columbia River basins as simulated by two generations of the Canadian regional climate model,2007,"Brochu, R, Laprise, R",https://doi.org/10.3137/ao.v450102,Journal Article,"Planning,Reporting,Analysis",Hydraulics,"Hydraulic Modeling,Frequency Analysis","Flood risk,watershed planning",Not Applicable,Not Applicable,Not Applicable,Not Applicable,Not Applicable,Not Applicable,Flood,Ice,"USA, CaNot Applicableda",Land Management,Forestry,"Mountain torrents,Alluvial fans,Deltas"
E00213,L0094,colombia-river,Colombia River,Surface water and energy budgets over the Mississippi and Columbia River basins as simulated by two generations of the Canadian regional climate model,2007,"Brochu, R, Laprise, R",https://doi.org/10.3137/ao.v450102,Journal Article,"Planning,Reporting,Analysis",Hydraulics,"Hydraulic Modeling,Frequency Analysis","Flood risk,watershed planning",Not Applicable,Not Applicable,Not Applicable,Not Applicable,Not Applicable,Not Applicable,Flood,Ice,"USA, CaNot Applicableda",Land Management,Forestry,"Mountain torrents,Alluvial fans,Deltas"
E00214,L0095,humptulips-river,Humptulips River,"Gravel transport, gravel harvesting, and channel-bed degradation in rivers draining the southern olympic mountains, Washington, U.S.A.",1989,"Collins, BD, Dunne, T",https://doi.org/10.1007/BF01665371,Journal Article,"Operations,Reporting,Analysis","Bathymetry,Sediment,Hydraulics","Laboratory Analysis,Frequency Analysis,Regression",Operations,"Gravel,Sand,Bedload,Silt","Bank erosion,erosion,Dredging",Yes,Yes,Yes,Not Applicable,Not Applicable,Not Applicable,Washington,"Beneficial use of dredged materials,Deposition control",Not Applicable,"Mountain torrents,Alluvial fans"
E00215,L0095,chehalis-river,Chehalis River,"Gravel transport, gravel harvesting, and channel-bed degradation in rivers draining the southern olympic mountains, Washington, U.S.A.",1989,"Collins, BD, Dunne, T",https://doi.org/10.1007/BF01665371,Journal Article,"Operations,Reporting,Analysis","Bathymetry,Sediment,Hydraulics","Laboratory Analysis,Frequency Analysis,Regression",Operations,"Gravel,Sand,Bedload,Silt","Bank erosion,erosion,Dredging",Yes,Yes,Yes,Not Applicable,Not Applicable,Not Applicable,Washington,"Beneficial use of dredged materials,Deposition control",Not Applicable,"Mountain torrents,Alluvial fans"
E00216,L0096,klamath-complex,Klamath Complex,Erosion Processes and Prediction with WEPP Technology in Forests in the Northwestern U.S.,2013,"Elliot, WJ",https://research.fs.usda.gov/treesearch/43831,Journal Article,"Planning,Analysis","Sediment,Hydraulics",Sediment Transport Modling,Watershed Planning,Suspended,"Debris,Erosion",Not Applicable,Not Applicable,Not Applicable,Not Applicable,Not Applicable,"Debris flow,Landslide,Ice,wildfire",Northwest USA,Land Management,"Forestry,Upland",Mountain torrents
E00217,L0096,fourmile-canyon,Fourmile Canyon,Erosion Processes and Prediction with WEPP Technology in Forests in the Northwestern U.S.,2013,"Elliot, WJ",https://research.fs.usda.gov/treesearch/43831,Journal Article,"Planning,Analysis","Sediment,Hydraulics",Sediment Transport Modling,Watershed Planning,Suspended,"Debris,Erosion",Not Applicable,Not Applicable,Not Applicable,Not Applicable,Not Applicable,"Debris flow,Landslide,Ice,wildfire",Northwest USA,Land Management,"Forestry,Upland",Mountain torrents
E00218,L0096,priest-river-experimental-forest,Priest River Experimental Forest,Erosion Processes and Prediction with WEPP Technology in Forests in the Northwestern U.S.,2013,"Elliot, WJ",https://research.fs.usda.gov/treesearch/43831,Journal Article,"Planning,Analysis","Sediment,Hydraulics",Sediment Transport Modling,Watershed Planning,Suspended,"Debris,Erosion",Not Applicable,Not Applicable,Not Applicable,Not Applicable,Not Applicable,"Debris flow,Landslide,Ice,wildfire",Northwest USA,Land Management,"Forestry,Upland",Mountain torrents
E00219,L0096,willamette-national-forest,Willamette National Forest,Erosion Processes and Prediction with WEPP Technology in Forests in the Northwestern U.S.,2013,"Elliot, WJ",https://research.fs.usda.gov/treesearch/43831,Journal Article,"Planning,Analysis","Sediment,Hydraulics",Sediment Transport Modling,Watershed Planning,Suspended,"Debris,Erosion",Not Applicable,Not Applicable,Not Applicable,Not Applicable,Not Applicable,"Debris flow,Landslide,Ice,wildfire",Northwest USA,Land Management,"Forestry,Upland",Mountain torrents
E00220,L0096,upper-truckee-river,Upper Truckee River,Erosion Processes and Prediction with WEPP Technology in Forests in the Northwestern U.S.,2013,"Elliot, WJ",https://research.fs.usda.gov/treesearch/43831,Journal Article,"Planning,Analysis","Sediment,Hydraulics",Sediment Transport Modling,Watershed Planning,Suspended,"Debris,Erosion",Not Applicable,Not Applicable,Not Applicable,Not Applicable,Not Applicable,"Debris flow,Landslide,Ice,wildfire",Northwest USA,Land Management,"Forestry,Upland",Mountain torrents
E00221,L0097,mission-creek,Mission Creek,"Sedimentation study and flume investigation, Mission Creek, Santa Barbara; California and Corte Madera Creek, Marin County, California",2000,"Copeland, RR, McVan, DC, Stonestreet, SE",https://hdl.handle.net/11681/7469,ERDC TN,"Design,Analysis","Bathymetry,Sediment,Hydraulics","Hydraulic Modeling,Sediment Transport Modeling,Laboratory Analysis",Flood risk,"Gravel,Bedload",Erosion,Not Applicable,Not Applicable,Not Applicable,Yes,Flood,Not Applicable,Southern California,Flood diversion,Urban,Modified streams
E00222,L0097,corte-madera-creek,Corte Madera Creek,"Sedimentation study and flume investigation, Mission Creek, Santa Barbara; California and Corte Madera Creek, Marin County, California",2000,"Copeland, RR, McVan, DC, Stonestreet, SE",https://hdl.handle.net/11681/7469,ERDC TN,"Design,Analysis","Bathymetry,Sediment,Hydraulics","Hydraulic Modeling,Sediment Transport Modeling,Laboratory Analysis",Flood risk,"Gravel,Bedload",Erosion,Not Applicable,Not Applicable,Not Applicable,Yes,Flood,Not Applicable,Southern California,Flood diversion,Urban,Modified streams
E00223,L0098,idaho,Idaho,Climates of Idaho,1998,"Abramovich, R, Molnau, M, Craine, K",https://www.lib.uidaho.edu/digital/uiext/items/uiext27117.html,Government Report,Reporting,"Water Quality,Hydraulics",Frequency Analysis,Watershed planning,Not Applicable,Erosion,Not Applicable,Not Applicable,Not Applicable,Not Applicable,Not Applicable,Ice,Idaho,Land Management,Agriculture,Not Applicable
E00224,L0099,missouri-river,Missouri River,Missouri River Bed and Water Surface Changes between 2009 and 2014 as They Relate to Renewal of Commercial Dredging Permits Under Section 404 of the Clean Water Act and Section 10 of the Rivers and Harbors Act (Section 404/10 Permits),2015,USACE,,,,,,,,,,,,,,,,Not Applicable,,
E00225,L0100,choptank-river,Choptank River,Evaluation of the Importance of Channel Processes in CEAP-Watershed Suspended Sediment Yields,2006,"Simon, A",https://www.ars.usda.gov/research/publications/publication/?seqNo115=186464,Conference Paper,"Planning,Reporting,Analysis","Bathymetry,Water Quality,Sediment",Regression,Watershed planning,Suspended,"Bank erosion,Suspended",Not Applicable,Not Applicable,Not Applicable,Not Applicable,Flood,Not Applicable,USA,Land Management,"Upland,Agriculture",Modified Streams
E00226,L0100,rock-creek,Rock Creek,Evaluation of the Importance of Channel Processes in CEAP-Watershed Suspended Sediment Yields,2006,"Simon, A",https://www.ars.usda.gov/research/publications/publication/?seqNo115=186464,Conference Paper,"Planning,Reporting,Analysis","Bathymetry,Water Quality,Sediment",Regression,Watershed planning,Suspended,"Bank erosion,Suspended",Not Applicable,Not Applicable,Not Applicable,Not Applicable,Flood,Not Applicable,USA,Land Management,"Upland,Agriculture",Modified Streams
E00227,L0100,big-walnut-creek,Big Walnut Creek,Evaluation of the Importance of Channel Processes in CEAP-Watershed Suspended Sediment Yields,2006,"Simon, A",https://www.ars.usda.gov/research/publications/publication/?seqNo115=186464,Conference Paper,"Planning,Reporting,Analysis","Bathymetry,Water Quality,Sediment",Regression,Watershed planning,Suspended,"Bank erosion,Suspended",Not Applicable,Not Applicable,Not Applicable,Not Applicable,Flood,Not Applicable,USA,Land Management,"Upland,Agriculture",Modified Streams
E00228,L0100,auglaize-river,Auglaize River,Evaluation of the Importance of Channel Processes in CEAP-Watershed Suspended Sediment Yields,2006,"Simon, A",https://www.ars.usda.gov/research/publications/publication/?seqNo115=186464,Conference Paper,"Planning,Reporting,Analysis","Bathymetry,Water Quality,Sediment",Regression,Watershed planning,Suspended,"Bank erosion,Suspended",Not Applicable,Not Applicable,Not Applicable,Not Applicable,Flood,Not Applicable,USA,Land Management,"Upland,Agriculture",Modified Streams
E00229,L0100,tiffin-river,Tiffin River,Evaluation of the Importance of Channel Processes in CEAP-Watershed Suspended Sediment Yields,2006,"Simon, A",https://www.ars.usda.gov/research/publications/publication/?seqNo115=186464,Conference Paper,"Planning,Reporting,Analysis","Bathymetry,Water Quality,Sediment",Regression,Watershed planning,Suspended,"Bank erosion,Suspended",Not Applicable,Not Applicable,Not Applicable,Not Applicable,Flood,Not Applicable,USA,Land Management,"Upland,Agriculture",Modified Streams
E00230,L0100,sny-magill-creek,Sny Magill Creek,Evaluation of the Importance of Channel Processes in CEAP-Watershed Suspended Sediment Yields,2006,"Simon, A",https://www.ars.usda.gov/research/publications/publication/?seqNo115=186464,Conference Paper,"Planning,Reporting,Analysis","Bathymetry,Water Quality,Sediment",Regression,Watershed planning,Suspended,"Bank erosion,Suspended",Not Applicable,Not Applicable,Not Applicable,Not Applicable,Flood,Not Applicable,USA,Land Management,"Upland,Agriculture",Modified Streams
E00231,L0100,south-fork-iowa-river,South Fork Iowa River,Evaluation of the Importance of Channel Processes in CEAP-Watershed Suspended Sediment Yields,2006,"Simon, A",https://www.ars.usda.gov/research/publications/publication/?seqNo115=186464,Conference Paper,"Planning,Reporting,Analysis","Bathymetry,Water Quality,Sediment",Regression,Watershed planning,Suspended,"Bank erosion,Suspended",Not Applicable,Not Applicable,Not Applicable,Not Applicable,Flood,Not Applicable,USA,Land Management,"Upland,Agriculture",Modified Streams
E00232,L0100,walnut-creek,Walnut Creek,Evaluation of the Importance of Channel Processes in CEAP-Watershed Suspended Sediment Yields,2006,"Simon, A",https://www.ars.usda.gov/research/publications/publication/?seqNo115=186464,Conference Paper,"Planning,Reporting,Analysis","Bathymetry,Water Quality,Sediment",Regression,Watershed planning,Suspended,"Bank erosion,Suspended",Not Applicable,Not Applicable,Not Applicable,Not Applicable,Flood,Not Applicable,USA,Land Management,"Upland,Agriculture",Modified Streams
E00233,L0100,clarence-cannon-dam,Clarence Cannon Dam,Evaluation of the Importance of Channel Processes in CEAP-Watershed Suspended Sediment Yields,2006,"Simon, A",https://www.ars.usda.gov/research/publications/publication/?seqNo115=186464,Conference Paper,"Planning,Reporting,Analysis","Bathymetry,Water Quality,Sediment",Regression,Watershed planning,Suspended,"Bank erosion,Suspended",Not Applicable,Not Applicable,Not Applicable,Not Applicable,Flood,Not Applicable,USA,Land Management,"Upland,Agriculture",Modified Streams
E00234,L0101,cachi-dam,Cachí Dam,Present and Future Conditions of Reservoir Sedimentation,1992,"Sundborg, Å., Jansson, MB",https://www.researchgate.net/publication/318967363_14_Present_and_future_conditions_of_reservoir_sedimentation,Book,"Planning,Operations,Maintenance",Sediment,Not Applicable,"Planning,Maintenance,Operations",Suspended,"Reservoir pool,Reservoir release",Not Applicable,Not Applicable,Not Applicable,Not Applicable,Not Applicable,Not Applicable,Costa Rica,"Sediment release,Deposition control",Not Applicable,Not Applicable
E00235,L0102,los-angeles-debris-basins,Los Angeles Debris Basins,A New Method of Estimating Debris Storage Requirements for Debris Basins,1963,"Tatum, FE",https://search.worldcat.org/title/34284924,USACE Report,"Planning,Design,Reporting,Analysis","Bathymetry,Sediment,Hydraulics","Hydraulic Equations,Frequency Analysis,Regression","Flood risk,Watershed planning",Not Applicable,Debris,Not Applicable,Not Applicable,Not Applicable,Not Applicable,Flood,"Debris flow,wildfire",Southern California,Land Management,Urban,Alluvial fans
E00236,L0103,south-holston-dam,South Holston Dam,A comparison of the Brune and Churchill methods for computing sediment yields applied to a reservoir system,1992,"Trimble, SW, Carey, WP",https://pubs.usgs.gov/wsp/wsp2340/pdf/wsp-2340.pdf,Government Report,"Reporting,Analysis","Sediment,Hydraulics",Sediment Transport Modeling,Watershed planning,Suspended,"Reservoir pool,Reservoir release,Erosion,Suspended",Not Applicable,Not Applicable,Not Applicable,Not Applicable,Not Applicable,Not Applicable,Tennessee,"Sediment release,Deposition control",Not Applicable,Regulated rivers
E00237,L0103,watauga-dam,Watauga Dam,A comparison of the Brune and Churchill methods for computing sediment yields applied to a reservoir system,1992,"Trimble, SW, Carey, WP",https://pubs.usgs.gov/wsp/wsp2340/pdf/wsp-2340.pdf,Government Report,"Reporting,Analysis","Sediment,Hydraulics",Sediment Transport Modeling,Watershed planning,Suspended,"Reservoir pool,Reservoir release,Erosion,Suspended",Not Applicable,Not Applicable,Not Applicable,Not Applicable,Not Applicable,Not Applicable,Tennessee,"Sediment release,Deposition control",Not Applicable,Regulated rivers
E00238,L0103,boone-dam,Boone Dam,A comparison of the Brune and Churchill methods for computing sediment yields applied to a reservoir system,1992,"Trimble, SW, Carey, WP",https://pubs.usgs.gov/wsp/wsp2340/pdf/wsp-2340.pdf,Government Report,"Reporting,Analysis","Sediment,Hydraulics",Sediment Transport Modeling,Watershed planning,Suspended,"Reservoir pool,Reservoir release,Erosion,Suspended",Not Applicable,Not Applicable,Not Applicable,Not Applicable,Not Applicable,Not Applicable,Tennessee,"Sediment release,Deposition control",Not Applicable,Regulated rivers
E00239,L0103,fort-patrick-henry-dam,Fort Patrick Henry Dam,A comparison of the Brune and Churchill methods for computing sediment yields applied to a reservoir system,1992,"Trimble, SW, Carey, WP",https://pubs.usgs.gov/wsp/wsp2340/pdf/wsp-2340.pdf,Government Report,"Reporting,Analysis","Sediment,Hydraulics",Sediment Transport Modeling,Watershed planning,Suspended,"Reservoir pool,Reservoir release,Erosion,Suspended",Not Applicable,Not Applicable,Not Applicable,Not Applicable,Not Applicable,Not Applicable,Tennessee,"Sediment release,Deposition control",Not Applicable,Regulated rivers
E00240,L0103,cherokee-dam,Cherokee Dam,A comparison of the Brune and Churchill methods for computing sediment yields applied to a reservoir system,1992,"Trimble, SW, Carey, WP",https://pubs.usgs.gov/wsp/wsp2340/pdf/wsp-2340.pdf,Government Report,"Reporting,Analysis","Sediment,Hydraulics",Sediment Transport Modeling,Watershed planning,Suspended,"Reservoir pool,Reservoir release,Erosion,Suspended",Not Applicable,Not Applicable,Not Applicable,Not Applicable,Not Applicable,Not Applicable,Tennessee,"Sediment release,Deposition control",Not Applicable,Regulated rivers
E00241,L0103,nolichucky-dam,Nolichucky Dam,A comparison of the Brune and Churchill methods for computing sediment yields applied to a reservoir system,1992,"Trimble, SW, Carey, WP",https://pubs.usgs.gov/wsp/wsp2340/pdf/wsp-2340.pdf,Government Report,"Reporting,Analysis","Sediment,Hydraulics",Sediment Transport Modeling,Watershed planning,Suspended,"Reservoir pool,Reservoir release,Erosion,Suspended",Not Applicable,Not Applicable,Not Applicable,Not Applicable,Not Applicable,Not Applicable,Tennessee,"Sediment release,Deposition control",Not Applicable,Regulated rivers
E00242,L0103,douglas-dam,Douglas Dam,A comparison of the Brune and Churchill methods for computing sediment yields applied to a reservoir system,1992,"Trimble, SW, Carey, WP",https://pubs.usgs.gov/wsp/wsp2340/pdf/wsp-2340.pdf,Government Report,"Reporting,Analysis","Sediment,Hydraulics",Sediment Transport Modeling,Watershed planning,Suspended,"Reservoir pool,Reservoir release,Erosion,Suspended",Not Applicable,Not Applicable,Not Applicable,Not Applicable,Not Applicable,Not Applicable,Tennessee,"Sediment release,Deposition control",Not Applicable,Regulated rivers
E00243,L0103,fort-loudoun-dam,Fort Loudoun Dam,A comparison of the Brune and Churchill methods for computing sediment yields applied to a reservoir system,1992,"Trimble, SW, Carey, WP",https://pubs.usgs.gov/wsp/wsp2340/pdf/wsp-2340.pdf,Government Report,"Reporting,Analysis","Sediment,Hydraulics",Sediment Transport Modeling,Watershed planning,Suspended,"Reservoir pool,Reservoir release,Erosion,Suspended",Not Applicable,Not Applicable,Not Applicable,Not Applicable,Not Applicable,Not Applicable,Tennessee,"Sediment release,Deposition control",Not Applicable,Regulated rivers
E00244,L0103,nantahala-dam,Nantahala Dam,A comparison of the Brune and Churchill methods for computing sediment yields applied to a reservoir system,1992,"Trimble, SW, Carey, WP",https://pubs.usgs.gov/wsp/wsp2340/pdf/wsp-2340.pdf,Government Report,"Reporting,Analysis","Sediment,Hydraulics",Sediment Transport Modeling,Watershed planning,Suspended,"Reservoir pool,Reservoir release,Erosion,Suspended",Not Applicable,Not Applicable,Not Applicable,Not Applicable,Not Applicable,Not Applicable,Tennessee,"Sediment release,Deposition control",Not Applicable,Regulated rivers
E00245,L0104,pitze-river,Pitze River,The partitioning of the total sediment load of a river into suspended load and bedload: a review of empirical data,2010,"Turowski, JM, Rickenmann, D, Dadson, SJ",https://doi.org/10.1111/j.1365-3091.2009.01140.x,Journal Article,"Reporting,Analysis","WaterQuality,Sediment,Hydraulics","Frequency Analysis,Regression",Watershed planning,"Gravel,Sand,Suspended,Rock,Bedload","Suspended,Erosion",Not Applicable,Not Applicable,Not Applicable,Yes,Flood,Ice,Austria,"Sediment release,Deposition control",Forestry,Mountain torrents
E00246,L0105,,Minnesota Rivers,Geologic History of Minesota Rivers,1990,"Wright, Jr., H.E",,,"Reporting,Analysis","Sediment,Hydraulics",Not Applicable,Not Applicable,Not Applicable,"Suspended,Erosion",Not Applicable,Not Applicable,Not Applicable,Not Applicable,Not Applicable,Not Applicable,Minnesota,Not Applicable,Not Applicable,"Alluvial fans,Meandering rivers"
E00247,L0106,california,California,Factors Affecting Sediment Yield in the Pacific Southwest Area and Selection and Evaluation of Measures for Reduction of Erosion and Sediment Yield,1968,Pacific Southwest Interagency Committee (PSIAC),https://search.worldcat.org/title/7037122,Government Report,"Planning,Reporting,Analysis",Sediment,Not Applicable,Watershed planning,Suspended,"Suspended,Erosion",Not Applicable,Not Applicable,Not Applicable,Not Applicable,Not Applicable,Not Applicable,Southwest USA,land mandagement,"Upland,Agriculture,Forestry","Mountain torrents,Alluvial fans,Deltas"
E00248,L0106,nevada,Nevada,Factors Affecting Sediment Yield in the Pacific Southwest Area and Selection and Evaluation of Measures for Reduction of Erosion and Sediment Yield,1968,Pacific Southwest Interagency Committee (PSIAC),https://search.worldcat.org/title/7037122,Government Report,"Planning,Reporting,Analysis",Sediment,Not Applicable,Watershed planning,Suspended,"Suspended,Erosion",Not Applicable,Not Applicable,Not Applicable,Not Applicable,Not Applicable,Not Applicable,Southwest USA,land mandagement,"Upland,Agriculture,Forestry","Mountain torrents,Alluvial fans,Deltas"
E00249,L0106,utah,Utah,Factors Affecting Sediment Yield in the Pacific Southwest Area and Selection and Evaluation of Measures for Reduction of Erosion and Sediment Yield,1968,Pacific Southwest Interagency Committee (PSIAC),https://search.worldcat.org/title/7037122,Government Report,"Planning,Reporting,Analysis",Sediment,Not Applicable,Watershed planning,Suspended,"Suspended,Erosion",Not Applicable,Not Applicable,Not Applicable,Not Applicable,Not Applicable,Not Applicable,Southwest USA,land mandagement,"Upland,Agriculture,Forestry","Mountain torrents,Alluvial fans,Deltas"
E00250,L0106,colorado,Colorado,Factors Affecting Sediment Yield in the Pacific Southwest Area and Selection and Evaluation of Measures for Reduction of Erosion and Sediment Yield,1968,Pacific Southwest Interagency Committee (PSIAC),https://search.worldcat.org/title/7037122,Government Report,"Planning,Reporting,Analysis",Sediment,Not Applicable,Watershed planning,Suspended,"Suspended,Erosion",Not Applicable,Not Applicable,Not Applicable,Not Applicable,Not Applicable,Not Applicable,Southwest USA,land mandagement,"Upland,Agriculture,Forestry","Mountain torrents,Alluvial fans,Deltas"
E00251,L0106,arizona,Arizona,Factors Affecting Sediment Yield in the Pacific Southwest Area and Selection and Evaluation of Measures for Reduction of Erosion and Sediment Yield,1968,Pacific Southwest Interagency Committee (PSIAC),https://search.worldcat.org/title/7037122,Government Report,"Planning,Reporting,Analysis",Sediment,Not Applicable,Watershed planning,Suspended,"Suspended,Erosion",Not Applicable,Not Applicable,Not Applicable,Not Applicable,Not Applicable,Not Applicable,Southwest USA,land mandagement,"Upland,Agriculture,Forestry","Mountain torrents,Alluvial fans,Deltas"
E00252,L0106,new-mexico,New Mexico,Factors Affecting Sediment Yield in the Pacific Southwest Area and Selection and Evaluation of Measures for Reduction of Erosion and Sediment Yield,1968,Pacific Southwest Interagency Committee (PSIAC),https://search.worldcat.org/title/7037122,Government Report,"Planning,Reporting,Analysis",Sediment,Not Applicable,Watershed planning,Suspended,"Suspended,Erosion",Not Applicable,Not Applicable,Not Applicable,Not Applicable,Not Applicable,Not Applicable,Southwest USA,land mandagement,"Upland,Agriculture,Forestry","Mountain torrents,Alluvial fans,Deltas"
E00253,L0107,egmond-site,Egmond site,The predictability of cross-shore bed evolution of sandy beaches at the time scale of storms and seasons using process-based Profile models,2003,"van Rijn, LC, Walstra, DJR, Grasmeijer, B, Sutherland, J, Pan, S, Sierra, JP",https://doi.org/10.1016/S0378-3839(02)00120-5,Journal Article,Analysis,"Bathymetry,Sediment,Hydraulics","Hydraulic Modeling,Laboratory Modeling,Sediment Transport Modeling,Frequency Analysis",Not Applicable,"Sand,Bedload,Suspended",Erosion,Not Applicable,Not Applicable,Not Applicable,Yes,Not Applicable,Not Applicable,The Netherlands,"Sediment release,Deposition control",Beach,Deltas
E00254,L0108,hoek-van-holland,Hoek van Holland,Unified View of Sediment Transport by Currents and Waves. IV: Application of Morphodynamic Model,2007,"Van Rijn, LC, Walstra, DJR, van Ormondt, M",https://doi.org/10.1061/(ASCE)0733-9429(2007)133:7(776),Journal Article,"Design,Analysis","Bathymetry,Sediment,Hydraulics","Hydraulic Equations,Hydraulic Modeling,Sediment Transport Modeling,Frequency Analysis",Operations,"Cohesive,Sand,Suspended,Bedload,Flocculation,Silt,Clay","Suspended,Erosion",Not Applicable,Not Applicable,Not Applicable,Yes,Not Applicable,Not Applicable,"The Netherlands,ChiNot Applicable","Sediment release,Deposition control","Island,Beach",Deltas
E00255,L0108,yangtze-estuary,Yangtze Estuary,Unified View of Sediment Transport by Currents and Waves. IV: Application of Morphodynamic Model,2007,"Van Rijn, LC, Walstra, DJR, van Ormondt, M",https://doi.org/10.1061/(ASCE)0733-9429(2007)133:7(776),Journal Article,"Design,Analysis","Bathymetry,Sediment,Hydraulics","Hydraulic Equations,Hydraulic Modeling,Sediment Transport Modeling,Frequency Analysis",Operations,"Cohesive,Sand,Suspended,Bedload,Flocculation,Silt,Clay","Suspended,Erosion",Not Applicable,Not Applicable,Not Applicable,Yes,Not Applicable,Not Applicable,"The Netherlands,ChiNot Applicable","Sediment release,Deposition control","Island,Beach",Deltas
E00256,L0109,mississippi-river,Mississippi River,Recent trends in the suspended sediment loads of the world's rivers,2003,"Walling, DE, Fang, D",https://doi.org/10.1016/S0921-8181(03)00020-1,Journal Article,"Reporting,Analysis","Water Quality,Sediment,Hydraulics","Frequency Analysis,Regression",Watershed planning,Suspended,Suspended,Not Applicable,Not Applicable,Not Applicable,Yes,Not Applicable,Not Applicable,Worldwide,"Sediment release,Land Management",multi-use,"Alluvial fans,Deltas"
E00257,L0109,danube-river,Danube River,Recent trends in the suspended sediment loads of the world's rivers,2003,"Walling, DE, Fang, D",https://doi.org/10.1016/S0921-8181(03)00020-1,Journal Article,"Reporting,Analysis","Water Quality,Sediment,Hydraulics","Frequency Analysis,Regression",Watershed planning,Suspended,Suspended,Not Applicable,Not Applicable,Not Applicable,Yes,Not Applicable,Not Applicable,Worldwide,"Sediment release,Land Management",multi-use,"Alluvial fans,Deltas"
E00258,L0109,hongshui-river,Hongshui River,Recent trends in the suspended sediment loads of the world's rivers,2003,"Walling, DE, Fang, D",https://doi.org/10.1016/S0921-8181(03)00020-1,Journal Article,"Reporting,Analysis","Water Quality,Sediment,Hydraulics","Frequency Analysis,Regression",Watershed planning,Suspended,Suspended,Not Applicable,Not Applicable,Not Applicable,Yes,Not Applicable,Not Applicable,Worldwide,"Sediment release,Land Management",multi-use,"Alluvial fans,Deltas"
E00259,L0109,yazguelem-yazghulom-river,Yazguelem/Yazghulom River,Recent trends in the suspended sediment loads of the world's rivers,2003,"Walling, DE, Fang, D",https://doi.org/10.1016/S0921-8181(03)00020-1,Journal Article,"Reporting,Analysis","Water Quality,Sediment,Hydraulics","Frequency Analysis,Regression",Watershed planning,Suspended,Suspended,Not Applicable,Not Applicable,Not Applicable,Yes,Not Applicable,Not Applicable,Worldwide,"Sediment release,Land Management",multi-use,"Alluvial fans,Deltas"
E00260,L0109,kolyma-river,Kolyma River,Recent trends in the suspended sediment loads of the world's rivers,2003,"Walling, DE, Fang, D",https://doi.org/10.1016/S0921-8181(03)00020-1,Journal Article,"Reporting,Analysis","Water Quality,Sediment,Hydraulics","Frequency Analysis,Regression",Watershed planning,Suspended,Suspended,Not Applicable,Not Applicable,Not Applicable,Yes,Not Applicable,Not Applicable,Worldwide,"Sediment release,Land Management",multi-use,"Alluvial fans,Deltas"
E00261,L0109,dnister-river,Dnister River,Recent trends in the suspended sediment loads of the world's rivers,2003,"Walling, DE, Fang, D",https://doi.org/10.1016/S0921-8181(03)00020-1,Journal Article,"Reporting,Analysis","Water Quality,Sediment,Hydraulics","Frequency Analysis,Regression",Watershed planning,Suspended,Suspended,Not Applicable,Not Applicable,Not Applicable,Yes,Not Applicable,Not Applicable,Worldwide,"Sediment release,Land Management",multi-use,"Alluvial fans,Deltas"
E00262,L0109,yellow-river,Yellow River,Recent trends in the suspended sediment loads of the world's rivers,2003,"Walling, DE, Fang, D",https://doi.org/10.1016/S0921-8181(03)00020-1,Journal Article,"Reporting,Analysis","Water Quality,Sediment,Hydraulics","Frequency Analysis,Regression",Watershed planning,Suspended,Suspended,Not Applicable,Not Applicable,Not Applicable,Yes,Not Applicable,Not Applicable,Worldwide,"Sediment release,Land Management",multi-use,"Alluvial fans,Deltas"
E00263,L0109,ob-river,Ob River,Recent trends in the suspended sediment loads of the world's rivers,2003,"Walling, DE, Fang, D",https://doi.org/10.1016/S0921-8181(03)00020-1,Journal Article,"Reporting,Analysis","Water Quality,Sediment,Hydraulics","Frequency Analysis,Regression",Watershed planning,Suspended,Suspended,Not Applicable,Not Applicable,Not Applicable,Yes,Not Applicable,Not Applicable,Worldwide,"Sediment release,Land Management",multi-use,"Alluvial fans,Deltas"
E00264,L0109,yangtze-river,Yangtze River,Recent trends in the suspended sediment loads of the world's rivers,2003,"Walling, DE, Fang, D",https://doi.org/10.1016/S0921-8181(03)00020-1,Journal Article,"Reporting,Analysis","Water Quality,Sediment,Hydraulics","Frequency Analysis,Regression",Watershed planning,Suspended,Suspended,Not Applicable,Not Applicable,Not Applicable,Yes,Not Applicable,Not Applicable,Worldwide,"Sediment release,Land Management",multi-use,"Alluvial fans,Deltas"
E00265,L0110,exe-river,Exe River,The particle size characteristics of fluvial suspended sediment: an overview,1989,"Walling, DE, Moorehead, PW",https://doi.org/10.1007/BF00026549,Journal Article,"Planning,Reporting,Analysis","Water Quality,Sediment",Regression,Watershed planning,"Sand,Suspended,Silt,Clay","Suspended,Erosion",Not Applicable,Not Applicable,Not Applicable,Not Applicable,Not Applicable,Not Applicable,"UK,Worldwide","Sediment release,Deposition control",Not Applicable,Alluvial fans
E00266,L0111,massachusetts-bay,Massachusetts Bay,"Development of a three-dimensional, regional, coupled wave, current, and sediment-transport model",2008,"Warner, JC, Sherwood, CR, Signell, RP, Harris, CK, Arango, HG",https://doi.org/10.1016/j.cageo.2008.02.012,Journal Article,"Planning,Analysis","Bathymetry,Sediment,Hydraulics","Hydraulic Equations,Sediment Transport Modeling",Not Applicable,"Bedload,Suspended","Suspended,Erosion",Not Applicable,Not Applicable,Not Applicable,Not Applicable,Not Applicable,Not Applicable,New England,"Sediment release,Deposition control",beach,"Alluvial fans,deltas"
E00267,L0112,cottonwood-creek,Cottonwood Creek,Sediment concentration versus water discharge during single hydrologic events in rivers,1989,"Williams, GP",https://doi.org/10.1016/0022-1694(89)90254-0,Journal Article,Analysis,"Water Quality,Sediment,Hydraulics","Frequency Analysis,Regression",Flood risk,Suspended,Suspended,Not Applicable,Not Applicable,Not Applicable,Not Applicable,Flood,Not Applicable,USA,Sediment release,Not Applicable,Not Applicable
E00268,L0112,potomac-river,Potomac River,Sediment concentration versus water discharge during single hydrologic events in rivers,1989,"Williams, GP",https://doi.org/10.1016/0022-1694(89)90254-0,Journal Article,Analysis,"Water Quality,Sediment,Hydraulics","Frequency Analysis,Regression",Flood risk,Suspended,Suspended,Not Applicable,Not Applicable,Not Applicable,Not Applicable,Flood,Not Applicable,USA,Sediment release,Not Applicable,Not Applicable
E00269,L0112,iroquois-river,Iroquois River,Sediment concentration versus water discharge during single hydrologic events in rivers,1989,"Williams, GP",https://doi.org/10.1016/0022-1694(89)90254-0,Journal Article,Analysis,"Water Quality,Sediment,Hydraulics","Frequency Analysis,Regression",Flood risk,Suspended,Suspended,Not Applicable,Not Applicable,Not Applicable,Not Applicable,Flood,Not Applicable,USA,Sediment release,Not Applicable,Not Applicable
E00270,L0112,kankakee-river,Kankakee River,Sediment concentration versus water discharge during single hydrologic events in rivers,1989,"Williams, GP",https://doi.org/10.1016/0022-1694(89)90254-0,Journal Article,Analysis,"Water Quality,Sediment,Hydraulics","Frequency Analysis,Regression",Flood risk,Suspended,Suspended,Not Applicable,Not Applicable,Not Applicable,Not Applicable,Flood,Not Applicable,USA,Sediment release,Not Applicable,Not Applicable
E00271,L0112,eel-river,Eel River,Sediment concentration versus water discharge during single hydrologic events in rivers,1989,"Williams, GP",https://doi.org/10.1016/0022-1694(89)90254-0,Journal Article,Analysis,"Water Quality,Sediment,Hydraulics","Frequency Analysis,Regression",Flood risk,Suspended,Suspended,Not Applicable,Not Applicable,Not Applicable,Not Applicable,Flood,Not Applicable,USA,Sediment release,Not Applicable,Not Applicable
E00272,L0112,yadkin-river,Yadkin River,Sediment concentration versus water discharge during single hydrologic events in rivers,1989,"Williams, GP",https://doi.org/10.1016/0022-1694(89)90254-0,Journal Article,Analysis,"Water Quality,Sediment,Hydraulics","Frequency Analysis,Regression",Flood risk,Suspended,Suspended,Not Applicable,Not Applicable,Not Applicable,Not Applicable,Flood,Not Applicable,USA,Sediment release,Not Applicable,Not Applicable
E00273,L0112,flynn-creek,Flynn Creek,Sediment concentration versus water discharge during single hydrologic events in rivers,1989,"Williams, GP",https://doi.org/10.1016/0022-1694(89)90254-0,Journal Article,Analysis,"Water Quality,Sediment,Hydraulics","Frequency Analysis,Regression",Flood risk,Suspended,Suspended,Not Applicable,Not Applicable,Not Applicable,Not Applicable,Flood,Not Applicable,USA,Sediment release,Not Applicable,Not Applicable
E00274,L0112,tradewater-river,Tradewater River,Sediment concentration versus water discharge during single hydrologic events in rivers,1989,"Williams, GP",https://doi.org/10.1016/0022-1694(89)90254-0,Journal Article,Analysis,"Water Quality,Sediment,Hydraulics","Frequency Analysis,Regression",Flood risk,Suspended,Suspended,Not Applicable,Not Applicable,Not Applicable,Not Applicable,Flood,Not Applicable,USA,Sediment release,Not Applicable,Not Applicable
E00275,L0112,muddy-creek,Muddy Creek,Sediment concentration versus water discharge during single hydrologic events in rivers,1989,"Williams, GP",https://doi.org/10.1016/0022-1694(89)90254-0,Journal Article,Analysis,"Water Quality,Sediment,Hydraulics","Frequency Analysis,Regression",Flood risk,Suspended,Suspended,Not Applicable,Not Applicable,Not Applicable,Not Applicable,Flood,Not Applicable,USA,Sediment release,Not Applicable,Not Applicable
E00276,L0112,animas-river,Animas River,Sediment concentration versus water discharge during single hydrologic events in rivers,1989,"Williams, GP",https://doi.org/10.1016/0022-1694(89)90254-0,Journal Article,Analysis,"Water Quality,Sediment,Hydraulics","Frequency Analysis,Regression",Flood risk,Suspended,Suspended,Not Applicable,Not Applicable,Not Applicable,Not Applicable,Flood,Not Applicable,USA,Sediment release,Not Applicable,Not Applicable
E00277,L0112,oak-creek,Oak Creek,Sediment concentration versus water discharge during single hydrologic events in rivers,1989,"Williams, GP",https://doi.org/10.1016/0022-1694(89)90254-0,Journal Article,Analysis,"Water Quality,Sediment,Hydraulics","Frequency Analysis,Regression",Flood risk,Suspended,Suspended,Not Applicable,Not Applicable,Not Applicable,Not Applicable,Flood,Not Applicable,USA,Sediment release,Not Applicable,Not Applicable
E00278,L0113,lake-ketelmeer,Lake Ketelmeer,A Conceptual framework for shear flow-induced erosion of soft cohesive sediment beds,2012,"Winterwerp, JC, van Kesteren, WG, van Prooijen, B, Jacobs, W",https://doi.org/10.1029/2012JC008072,Journal Article,Analysis,"Sediment,Hydraulics","Sediment Transport Modeling,Frequency Analysis,Regression",Not Applicable,"Cohesive,Clay",Erosion,Yes,Yes,Yes,Not Applicable,Not Applicable,Not Applicable,The Netherlands,Sediment release,Not Applicable,Cohesive channels
E00279,L0113,ijmuiden-harbor,Ijmuiden Harbor,A Conceptual framework for shear flow-induced erosion of soft cohesive sediment beds,2012,"Winterwerp, JC, van Kesteren, WG, van Prooijen, B, Jacobs, W",https://doi.org/10.1029/2012JC008072,Journal Article,Analysis,"Sediment,Hydraulics","Sediment Transport Modeling,Frequency Analysis,Regression",Not Applicable,"Cohesive,Clay",Erosion,Yes,Yes,Yes,Not Applicable,Not Applicable,Not Applicable,The Netherlands,Sediment release,Not Applicable,Cohesive channels
E00280,L0113,kembs-reservoir,Kembs Reservoir,A Conceptual framework for shear flow-induced erosion of soft cohesive sediment beds,2012,"Winterwerp, JC, van Kesteren, WG, van Prooijen, B, Jacobs, W",https://doi.org/10.1029/2012JC008072,Journal Article,Analysis,"Sediment,Hydraulics","Sediment Transport Modeling,Frequency Analysis,Regression",Not Applicable,"Cohesive,Clay",Erosion,Yes,Yes,Yes,Not Applicable,Not Applicable,Not Applicable,The Netherlands,Sediment release,Not Applicable,Cohesive channels
E00281,L0114,,USA (east of Rocky Mountains),"Predicting rainfall erosion losses, A Guide to Conservation Planning",1978,"Wischmeier, H, Smith, DD",https://www.google.com/books/edition/Predicting_Rainfall_Erosion_Losses/rRAUAAAAYAAJ?hl=en&gbpv=1&pg=PA5&printsec=frontcover,Government Report,"Planning,Reporting,Analysis","Sediment,Hydraulics",Regression,Watershed planning,Suspended,Erosion,Not Applicable,Not Applicable,Not Applicable,Not Applicable,Not Applicable,Not Applicable,"Eastern USA,Midwestern USA,Hawaii",Land Management,Agriculture,Not Applicable
E00282,L0114,hawaii,Hawaii,"Predicting rainfall erosion losses, A Guide to Conservation Planning",1978,"Wischmeier, H, Smith, DD",https://www.google.com/books/edition/Predicting_Rainfall_Erosion_Losses/rRAUAAAAYAAJ?hl=en&gbpv=1&pg=PA5&printsec=frontcover,Government Report,"Planning,Reporting,Analysis","Sediment,Hydraulics",Regression,Watershed planning,Suspended,Erosion,Not Applicable,Not Applicable,Not Applicable,Not Applicable,Not Applicable,Not Applicable,"Eastern USA,Midwestern USA,Hawaii",Land Management,Agriculture,Not Applicable
E00283,L0115,rio-puerco,Rio Puerco,Magnitude and frequency of forces in geomorphic processes,1960,"Wolman, MG, Miller, JP",https://doi.org/10.1086/626637,Journal Article,"Reporting,Analysis","Water Quality,Sediment,Hydraulics","Frequency Analysis,Regression",Watershed planning,"Suspended,Bedload","Bank Erosion,Erosion",Not Applicable,Not Applicable,Not Applicable,Not Applicable,Flood,Not Applicable,USA,"Sediment release,Land Management",Not Applicable,"Alluvial fans,Meandering rivers"
E00284,L0115,brandywine-creek,Brandywine Creek,Magnitude and frequency of forces in geomorphic processes,1960,"Wolman, MG, Miller, JP",https://doi.org/10.1086/626637,Journal Article,"Reporting,Analysis","Water Quality,Sediment,Hydraulics","Frequency Analysis,Regression",Watershed planning,"Suspended,Bedload","Bank Erosion,Erosion",Not Applicable,Not Applicable,Not Applicable,Not Applicable,Flood,Not Applicable,USA,"Sediment release,Land Management",Not Applicable,"Alluvial fans,Meandering rivers"
E00285,L0115,colorado-river,Colorado River,Magnitude and frequency of forces in geomorphic processes,1960,"Wolman, MG, Miller, JP",https://doi.org/10.1086/626637,Journal Article,"Reporting,Analysis","Water Quality,Sediment,Hydraulics","Frequency Analysis,Regression",Watershed planning,"Suspended,Bedload","Bank Erosion,Erosion",Not Applicable,Not Applicable,Not Applicable,Not Applicable,Flood,Not Applicable,USA,"Sediment release,Land Management",Not Applicable,"Alluvial fans,Meandering rivers"
E00286,L0115,cheyenne-river,Cheyenne River,Magnitude and frequency of forces in geomorphic processes,1960,"Wolman, MG, Miller, JP",https://doi.org/10.1086/626637,Journal Article,"Reporting,Analysis","Water Quality,Sediment,Hydraulics","Frequency Analysis,Regression",Watershed planning,"Suspended,Bedload","Bank Erosion,Erosion",Not Applicable,Not Applicable,Not Applicable,Not Applicable,Flood,Not Applicable,USA,"Sediment release,Land Management",Not Applicable,"Alluvial fans,Meandering rivers"
E00287,L0115,niobrara-river,Niobrara River,Magnitude and frequency of forces in geomorphic processes,1960,"Wolman, MG, Miller, JP",https://doi.org/10.1086/626637,Journal Article,"Reporting,Analysis","Water Quality,Sediment,Hydraulics","Frequency Analysis,Regression",Watershed planning,"Suspended,Bedload","Bank Erosion,Erosion",Not Applicable,Not Applicable,Not Applicable,Not Applicable,Flood,Not Applicable,USA,"Sediment release,Land Management",Not Applicable,"Alluvial fans,Meandering rivers"
E00288,L0115,rio-grande-2,Rio Grande,Magnitude and frequency of forces in geomorphic processes,1960,"Wolman, MG, Miller, JP",https://doi.org/10.1086/626637,Journal Article,"Reporting,Analysis","Water Quality,Sediment,Hydraulics","Frequency Analysis,Regression",Watershed planning,"Suspended,Bedload","Bank Erosion,Erosion",Not Applicable,Not Applicable,Not Applicable,Not Applicable,Flood,Not Applicable,USA,"Sediment release,Land Management",Not Applicable,"Alluvial fans,Meandering rivers"
E00289,L0115,san-juan-river,San Juan River,Magnitude and frequency of forces in geomorphic processes,1960,"Wolman, MG, Miller, JP",https://doi.org/10.1086/626637,Journal Article,"Reporting,Analysis","Water Quality,Sediment,Hydraulics","Frequency Analysis,Regression",Watershed planning,"Suspended,Bedload","Bank Erosion,Erosion",Not Applicable,Not Applicable,Not Applicable,Not Applicable,Flood,Not Applicable,USA,"Sediment release,Land Management",Not Applicable,"Alluvial fans,Meandering rivers"
E00290,L0115,bighorn-river,Bighorn River,Magnitude and frequency of forces in geomorphic processes,1960,"Wolman, MG, Miller, JP",https://doi.org/10.1086/626637,Journal Article,"Reporting,Analysis","Water Quality,Sediment,Hydraulics","Frequency Analysis,Regression",Watershed planning,"Suspended,Bedload","Bank Erosion,Erosion",Not Applicable,Not Applicable,Not Applicable,Not Applicable,Flood,Not Applicable,USA,"Sediment release,Land Management",Not Applicable,"Alluvial fans,Meandering rivers"
E00291,L0115,shoshone-river,Shoshone River,Magnitude and frequency of forces in geomorphic processes,1960,"Wolman, MG, Miller, JP",https://doi.org/10.1086/626637,Journal Article,"Reporting,Analysis","Water Quality,Sediment,Hydraulics","Frequency Analysis,Regression",Watershed planning,"Suspended,Bedload","Bank Erosion,Erosion",Not Applicable,Not Applicable,Not Applicable,Not Applicable,Flood,Not Applicable,USA,"Sediment release,Land Management",Not Applicable,"Alluvial fans,Meandering rivers"
E00292,L0115,wind-river,Wind River,Magnitude and frequency of forces in geomorphic processes,1960,"Wolman, MG, Miller, JP",https://doi.org/10.1086/626637,Journal Article,"Reporting,Analysis","Water Quality,Sediment,Hydraulics","Frequency Analysis,Regression",Watershed planning,"Suspended,Bedload","Bank Erosion,Erosion",Not Applicable,Not Applicable,Not Applicable,Not Applicable,Flood,Not Applicable,USA,"Sediment release,Land Management",Not Applicable,"Alluvial fans,Meandering rivers"
E00293,L0115,saline-river,Saline River,Magnitude and frequency of forces in geomorphic processes,1960,"Wolman, MG, Miller, JP",https://doi.org/10.1086/626637,Journal Article,"Reporting,Analysis","Water Quality,Sediment,Hydraulics","Frequency Analysis,Regression",Watershed planning,"Suspended,Bedload","Bank Erosion,Erosion",Not Applicable,Not Applicable,Not Applicable,Not Applicable,Flood,Not Applicable,USA,"Sediment release,Land Management",Not Applicable,"Alluvial fans,Meandering rivers"
E00294,L0115,iowa-river,Iowa River,Magnitude and frequency of forces in geomorphic processes,1960,"Wolman, MG, Miller, JP",https://doi.org/10.1086/626637,Journal Article,"Reporting,Analysis","Water Quality,Sediment,Hydraulics","Frequency Analysis,Regression",Watershed planning,"Suspended,Bedload","Bank Erosion,Erosion",Not Applicable,Not Applicable,Not Applicable,Not Applicable,Flood,Not Applicable,USA,"Sediment release,Land Management",Not Applicable,"Alluvial fans,Meandering rivers"
E00295,L0115,white-river,White River,Magnitude and frequency of forces in geomorphic processes,1960,"Wolman, MG, Miller, JP",https://doi.org/10.1086/626637,Journal Article,"Reporting,Analysis","Water Quality,Sediment,Hydraulics","Frequency Analysis,Regression",Watershed planning,"Suspended,Bedload","Bank Erosion,Erosion",Not Applicable,Not Applicable,Not Applicable,Not Applicable,Flood,Not Applicable,USA,"Sediment release,Land Management",Not Applicable,"Alluvial fans,Meandering rivers"
E00296,L0115,moreau-river,Moreau River,Magnitude and frequency of forces in geomorphic processes,1960,"Wolman, MG, Miller, JP",https://doi.org/10.1086/626637,Journal Article,"Reporting,Analysis","Water Quality,Sediment,Hydraulics","Frequency Analysis,Regression",Watershed planning,"Suspended,Bedload","Bank Erosion,Erosion",Not Applicable,Not Applicable,Not Applicable,Not Applicable,Flood,Not Applicable,USA,"Sediment release,Land Management",Not Applicable,"Alluvial fans,Meandering rivers"
E00297,L0115,cedar-river,Cedar River,Magnitude and frequency of forces in geomorphic processes,1960,"Wolman, MG, Miller, JP",https://doi.org/10.1086/626637,Journal Article,"Reporting,Analysis","Water Quality,Sediment,Hydraulics","Frequency Analysis,Regression",Watershed planning,"Suspended,Bedload","Bank Erosion,Erosion",Not Applicable,Not Applicable,Not Applicable,Not Applicable,Flood,Not Applicable,USA,"Sediment release,Land Management",Not Applicable,"Alluvial fans,Meandering rivers"
E00298,L0115,columbia-river,Columbia River,Magnitude and frequency of forces in geomorphic processes,1960,"Wolman, MG, Miller, JP",https://doi.org/10.1086/626637,Journal Article,"Reporting,Analysis","Water Quality,Sediment,Hydraulics","Frequency Analysis,Regression",Watershed planning,"Suspended,Bedload","Bank Erosion,Erosion",Not Applicable,Not Applicable,Not Applicable,Not Applicable,Flood,Not Applicable,USA,"Sediment release,Land Management",Not Applicable,"Alluvial fans,Meandering rivers"
E00299,L0116,united-states,United States,The North American Regional Climate Change Assessment Program Dataset,2007,"Mearns, LO, et al.,",https://doi.org/10.5065/D6RN35ST,Dataset,"Planning,Reporting",Hydraulics,Not Applicable,Flood risk,Not Applicable,Not Applicable,Not Applicable,Not Applicable,Not Applicable,Yes,"Flood,drought","Wildfire,Ice","USA,CaNot Applicableda",Not Applicable,Not Applicable,Not Applicable
E00300,L0116,canada,Canada,The North American Regional Climate Change Assessment Program Dataset,2007,"Mearns, LO, et al.,",https://doi.org/10.5065/D6RN35ST,Dataset,"Planning,Reporting",Hydraulics,Not Applicable,Flood risk,Not Applicable,Not Applicable,Not Applicable,Not Applicable,Not Applicable,Yes,"Flood,drought","Wildfire,Ice","USA,CaNot Applicableda",Not Applicable,Not Applicable,Not Applicable
E00301,L0117,,Indonesia,Evaluation of Deposition Pattern of Wonogiri Reservoir Sedimentation,2015,"Wulandari, D.A., Legano, D., Darsono, S.",,Journal Article,"Planning,Reporting,Analysis","Sediment,Elevation,Storage",Not Applicable,Maintenance,Not Applicable,Reservoir Pool,Not Applicable,Not Applicable,Not Applicable,Yes,"Flood,Adaptive MaNot Applicablegement",Not Applicable,Indonesia,Deposition Control,Not Applicable,Not Applicable
E00302,L0118,twenty-mile-creek-tombigbee-river,Twenty Mile Creek/Tombigbee River,Channel Stability Assessment for Flood Control Projects,1994,USACE,https://www.publications.usace.army.mil/portals/76/publications/engineermanuals/em_1110-2-1418.pdf,Design Manual,"Planning,Design,Maintenance,Reporting","Bathymetry,Sediment,Hydraulics",Regression,"Flood risk,Economics,Maintenance","Cohesive,Gravel,Sand,Suspended,Silt,Clay","Bank Erosion,Suspended,Erosion",Not Applicable,Not Applicable,Not Applicable,Yes,Flood,Not Applicable,USA,"Sediment release,Deposition control",Upland,"Meandering rivers,Braided rivers"
E00303,L0118,puerco-river,Puerco River,Channel Stability Assessment for Flood Control Projects,1994,USACE,https://www.publications.usace.army.mil/portals/76/publications/engineermanuals/em_1110-2-1418.pdf,Design Manual,"Planning,Design,Maintenance,Reporting","Bathymetry,Sediment,Hydraulics",Regression,"Flood risk,Economics,Maintenance","Cohesive,Gravel,Sand,Suspended,Silt,Clay","Bank Erosion,Suspended,Erosion",Not Applicable,Not Applicable,Not Applicable,Yes,Flood,Not Applicable,USA,"Sediment release,Deposition control",Upland,"Meandering rivers,Braided rivers"
E00304,L0118,grapevine-spillway-denton-creek,Grapevine Spillway/Denton Creek,Channel Stability Assessment for Flood Control Projects,1994,USACE,https://www.publications.usace.army.mil/portals/76/publications/engineermanuals/em_1110-2-1418.pdf,Design Manual,"Planning,Design,Maintenance,Reporting","Bathymetry,Sediment,Hydraulics",Regression,"Flood risk,Economics,Maintenance","Cohesive,Gravel,Sand,Suspended,Silt,Clay","Bank Erosion,Suspended,Erosion",Not Applicable,Not Applicable,Not Applicable,Yes,Flood,Not Applicable,USA,"Sediment release,Deposition control",Upland,"Meandering rivers,Braided rivers"
E00305,L0118,snake-river,Snake River,Channel Stability Assessment for Flood Control Projects,1994,USACE,https://www.publications.usace.army.mil/portals/76/publications/engineermanuals/em_1110-2-1418.pdf,Design Manual,"Planning,Design,Maintenance,Reporting","Bathymetry,Sediment,Hydraulics",Regression,"Flood risk,Economics,Maintenance","Cohesive,Gravel,Sand,Suspended,Silt,Clay","Bank Erosion,Suspended,Erosion",Not Applicable,Not Applicable,Not Applicable,Yes,Flood,Not Applicable,USA,"Sediment release,Deposition control",Upland,"Meandering rivers,Braided rivers"
E00306,L0118,sardis-dam-little-tallahatchie-river-yazoo-river,Sardis Dam/Little Tallahatchie River/Yazoo River,Channel Stability Assessment for Flood Control Projects,1994,USACE,https://www.publications.usace.army.mil/portals/76/publications/engineermanuals/em_1110-2-1418.pdf,Design Manual,"Planning,Design,Maintenance,Reporting","Bathymetry,Sediment,Hydraulics",Regression,"Flood risk,Economics,Maintenance","Cohesive,Gravel,Sand,Suspended,Silt,Clay","Bank Erosion,Suspended,Erosion",Not Applicable,Not Applicable,Not Applicable,Yes,Flood,Not Applicable,USA,"Sediment release,Deposition control",Upland,"Meandering rivers,Braided rivers"
E00307,L0118,red-river-atchafalaya-river,Red River/Atchafalaya River,Channel Stability Assessment for Flood Control Projects,1994,USACE,https://www.publications.usace.army.mil/portals/76/publications/engineermanuals/em_1110-2-1418.pdf,Design Manual,"Planning,Design,Maintenance,Reporting","Bathymetry,Sediment,Hydraulics",Regression,"Flood risk,Economics,Maintenance","Cohesive,Gravel,Sand,Suspended,Silt,Clay","Bank Erosion,Suspended,Erosion",Not Applicable,Not Applicable,Not Applicable,Yes,Flood,Not Applicable,USA,"Sediment release,Deposition control",Upland,"Meandering rivers,Braided rivers"
E00308,L0118,shasta-dam-sacramento-river,Shasta Dam/Sacramento River,Channel Stability Assessment for Flood Control Projects,1994,USACE,https://www.publications.usace.army.mil/portals/76/publications/engineermanuals/em_1110-2-1418.pdf,Design Manual,"Planning,Design,Maintenance,Reporting","Bathymetry,Sediment,Hydraulics",Regression,"Flood risk,Economics,Maintenance","Cohesive,Gravel,Sand,Suspended,Silt,Clay","Bank Erosion,Suspended,Erosion",Not Applicable,Not Applicable,Not Applicable,Yes,Flood,Not Applicable,USA,"Sediment release,Deposition control",Upland,"Meandering rivers,Braided rivers"
E00309,L0118,enid-dam-long-creek-yocona-river,Enid Dam/Long Creek/Yocona River,Channel Stability Assessment for Flood Control Projects,1994,USACE,https://www.publications.usace.army.mil/portals/76/publications/engineermanuals/em_1110-2-1418.pdf,Design Manual,"Planning,Design,Maintenance,Reporting","Bathymetry,Sediment,Hydraulics",Regression,"Flood risk,Economics,Maintenance","Cohesive,Gravel,Sand,Suspended,Silt,Clay","Bank Erosion,Suspended,Erosion",Not Applicable,Not Applicable,Not Applicable,Yes,Flood,Not Applicable,USA,"Sediment release,Deposition control",Upland,"Meandering rivers,Braided rivers"
E00310,L0118,tanana-river-yukon-river,Tanana River/Yukon River,Channel Stability Assessment for Flood Control Projects,1994,USACE,https://www.publications.usace.army.mil/portals/76/publications/engineermanuals/em_1110-2-1418.pdf,Design Manual,"Planning,Design,Maintenance,Reporting","Bathymetry,Sediment,Hydraulics",Regression,"Flood risk,Economics,Maintenance","Cohesive,Gravel,Sand,Suspended,Silt,Clay","Bank Erosion,Suspended,Erosion",Not Applicable,Not Applicable,Not Applicable,Yes,Flood,Not Applicable,USA,"Sediment release,Deposition control",Upland,"Meandering rivers,Braided rivers"
E00311,L0119,magnesia-spring-creek,Magnesia Spring Creek,Review of the U.S. Army Corps of Engineers Involvement with Alluvial Fan Flooding Problems,1988,USACE,https://www.hec.usace.army.mil/publications/TechnicalPapers/TP-124.pdf,USACE Report,"Planning,Reporting","Bathymetry,Public Participation",Not Applicable,Flood Risk,Not Applicable,"Debris,Erosion",Not Applicable,Not Applicable,Not Applicable,Not Applicable,Flood,"Debris flow,Landslide",Western USA,"Sediment Release,Land Management,Deposition Control",Not Applicable,Alluvial fans
E00312,L0119,rudd-creek-wasatch-mountains,Rudd Creek/Wasatch Mountains,Review of the U.S. Army Corps of Engineers Involvement with Alluvial Fan Flooding Problems,1988,USACE,https://www.hec.usace.army.mil/publications/TechnicalPapers/TP-124.pdf,USACE Report,"Planning,Reporting","Bathymetry,Public Participation",Not Applicable,Flood Risk,Not Applicable,"Debris,Erosion",Not Applicable,Not Applicable,Not Applicable,Not Applicable,Flood,"Debris flow,Landslide",Western USA,"Sediment Release,Land Management,Deposition Control",Not Applicable,Alluvial fans
E00313,L0119,centerville-canyon-wasatch-mountains,Centerville Canyon/Wasatch Mountains,Review of the U.S. Army Corps of Engineers Involvement with Alluvial Fan Flooding Problems,1988,USACE,https://www.hec.usace.army.mil/publications/TechnicalPapers/TP-124.pdf,USACE Report,"Planning,Reporting","Bathymetry,Public Participation",Not Applicable,Flood Risk,Not Applicable,"Debris,Erosion",Not Applicable,Not Applicable,Not Applicable,Not Applicable,Flood,"Debris flow,Landslide",Western USA,"Sediment Release,Land Management,Deposition Control",Not Applicable,Alluvial fans
E00314,L0119,stone-and-holbrook-creek-wasatch-mountains,Stone and Holbrook Creek/Wasatch Mountains,Review of the U.S. Army Corps of Engineers Involvement with Alluvial Fan Flooding Problems,1988,USACE,https://www.hec.usace.army.mil/publications/TechnicalPapers/TP-124.pdf,USACE Report,"Planning,Reporting","Bathymetry,Public Participation",Not Applicable,Flood Risk,Not Applicable,"Debris,Erosion",Not Applicable,Not Applicable,Not Applicable,Not Applicable,Flood,"Debris flow,Landslide",Western USA,"Sediment Release,Land Management,Deposition Control",Not Applicable,Alluvial fans
E00315,L0120,upper-salmon-river,Upper Salmon River,"The channels and waters of the upper Salmon River, Idaho",1975,"Emmett, WW",https://pubs.usgs.gov/pp/0870a/report.pdf,Government Report,"Reporting,Analysis","Bathymetry,Water Quality,Hydraulics","Hydraulic Equations,Frequency Analysis,Regression",Watershed planning,Not Applicable,Suspended,Yes,Yes,Yes,Not Applicable,Not Applicable,Not Applicable,Idaho,Land Management,Forestry,Mountain Torrents
E00316,L0121,bitterroot-national-forest,Bitterroot National Forest,"A Northern Rocky Mountain polygon fire history: Accuracy, limitations, strengths, applications, and recommended protocol of digital fire perimeter data",2006,"Gibson, CE",https://alliance-uidaho.primo.exlibrisgroup.com/permalink/01ALLIANCE_UID/2vsn7u/alma99138264601851,Thesis,"Planning,Reporting",Ecological,Ecological Modeling,Watershed planning,Not Applicable,Not Applicable,Yes,Yes,Yes,Yes,Not Applicable,Wildfire,"Northern Rocky Mountains, USA",Land Management,Forestry,Mountain Torrents
E00317,L0121,boise-national-forest,Boise National Forest,"A Northern Rocky Mountain polygon fire history: Accuracy, limitations, strengths, applications, and recommended protocol of digital fire perimeter data",2006,"Gibson, CE",https://alliance-uidaho.primo.exlibrisgroup.com/permalink/01ALLIANCE_UID/2vsn7u/alma99138264601851,Thesis,"Planning,Reporting",Ecological,Ecological Modeling,Watershed planning,Not Applicable,Not Applicable,Yes,Yes,Yes,Yes,Not Applicable,Wildfire,"Northern Rocky Mountains, USA",Land Management,Forestry,Mountain Torrents
E00318,L0121,caribou-targhee-national-forest,Caribou-Targhee National Forest,"A Northern Rocky Mountain polygon fire history: Accuracy, limitations, strengths, applications, and recommended protocol of digital fire perimeter data",2006,"Gibson, CE",https://alliance-uidaho.primo.exlibrisgroup.com/permalink/01ALLIANCE_UID/2vsn7u/alma99138264601851,Thesis,"Planning,Reporting",Ecological,Ecological Modeling,Watershed planning,Not Applicable,Not Applicable,Yes,Yes,Yes,Yes,Not Applicable,Wildfire,"Northern Rocky Mountains, USA",Land Management,Forestry,Mountain Torrents
E00319,L0121,clearwater-national-forest,Clearwater National Forest,"A Northern Rocky Mountain polygon fire history: Accuracy, limitations, strengths, applications, and recommended protocol of digital fire perimeter data",2006,"Gibson, CE",https://alliance-uidaho.primo.exlibrisgroup.com/permalink/01ALLIANCE_UID/2vsn7u/alma99138264601851,Thesis,"Planning,Reporting",Ecological,Ecological Modeling,Watershed planning,Not Applicable,Not Applicable,Yes,Yes,Yes,Yes,Not Applicable,Wildfire,"Northern Rocky Mountains, USA",Land Management,Forestry,Mountain Torrents
E00320,L0121,flathead-national-forest,Flathead National Forest,"A Northern Rocky Mountain polygon fire history: Accuracy, limitations, strengths, applications, and recommended protocol of digital fire perimeter data",2006,"Gibson, CE",https://alliance-uidaho.primo.exlibrisgroup.com/permalink/01ALLIANCE_UID/2vsn7u/alma99138264601851,Thesis,"Planning,Reporting",Ecological,Ecological Modeling,Watershed planning,Not Applicable,Not Applicable,Yes,Yes,Yes,Yes,Not Applicable,Wildfire,"Northern Rocky Mountains, USA",Land Management,Forestry,Mountain Torrents
E00321,L0121,glacier-national-park,Glacier National Park,"A Northern Rocky Mountain polygon fire history: Accuracy, limitations, strengths, applications, and recommended protocol of digital fire perimeter data",2006,"Gibson, CE",https://alliance-uidaho.primo.exlibrisgroup.com/permalink/01ALLIANCE_UID/2vsn7u/alma99138264601851,Thesis,"Planning,Reporting",Ecological,Ecological Modeling,Watershed planning,Not Applicable,Not Applicable,Yes,Yes,Yes,Yes,Not Applicable,Wildfire,"Northern Rocky Mountains, USA",Land Management,Forestry,Mountain Torrents
E00322,L0121,idaho-panhandle-national-forest,Idaho Panhandle National Forest,"A Northern Rocky Mountain polygon fire history: Accuracy, limitations, strengths, applications, and recommended protocol of digital fire perimeter data",2006,"Gibson, CE",https://alliance-uidaho.primo.exlibrisgroup.com/permalink/01ALLIANCE_UID/2vsn7u/alma99138264601851,Thesis,"Planning,Reporting",Ecological,Ecological Modeling,Watershed planning,Not Applicable,Not Applicable,Yes,Yes,Yes,Yes,Not Applicable,Wildfire,"Northern Rocky Mountains, USA",Land Management,Forestry,Mountain Torrents
E00323,L0122,idaho,Idaho,Atlas of digital polygon fire extents for Idaho and western Montana (1889-2003),2009,"Gibson, CE, Morgan, P",https://doi.org/10.2737/RDS-2009-0006,Dataset,"Planning,Reporting",Ecological,Ecological Modeling,Watershed planning,Not Applicable,Not Applicable,Yes,Yes,Yes,Yes,Not Applicable,Wildfire,"Northern Rocky Mountains, USA",Land Management,Forestry,Mountain Torrents
E00324,L0122,western-montana,Western Montana,Atlas of digital polygon fire extents for Idaho and western Montana (1889-2003),2009,"Gibson, CE, Morgan, P",https://doi.org/10.2737/RDS-2009-0006,Dataset,"Planning,Reporting",Ecological,Ecological Modeling,Watershed planning,Not Applicable,Not Applicable,Yes,Yes,Yes,Yes,Not Applicable,Wildfire,"Northern Rocky Mountains, USA",Land Management,Forestry,Mountain Torrents
E00325,L0123,cowlitz-river,Cowlitz River,Mobile Bed Modeling of the Cowlitz River Using HEC-RAS: Assessing Flood Risk and Impact Due to System Sediment,2010,"Gibson, S, Nygaard, C, Dickerson, P",https://search.lib.byu.edu/byu/record/cat.6664370.item.31197237716094,Conference Paper,Analysis,"Bathymetry,Sediment,Hydraulics",Sediment Transport Modeling,Flood risk,Bedload,Erosion,Not Applicable,Not Applicable,Not Applicable,Yes,Flood,Not Applicable,Oregon,"Sediment release,Deposition control",Not Applicable,Mountain Torrents
E00326,L0124,missouri-river-at-mississippi-river,Missouri River at Mississippi River,Downstream Coarsening on the Missouri River,2016,"Gibson, S, Shelley, J, Cai, C",https://www.researchgate.net/profile/Stanford-Gibson/publication/311507977_Downstream_coarsening_on_the_Missouri_river/links/5a5cd795a6fdcc68fa96e526/Downstream-coarsening-on-the-Missouri-river.pdf,Conference Paper,"Reporting,Analysis","Bathymetry,Sediment,Hydraulics",Frequency Analysis,Not Applicable,Sand,"Suspended,Erosion",Not Applicable,Not Applicable,Not Applicable,Not Applicable,Not Applicable,Not Applicable,"MontaNot Applicable,Kansas,Missouri","Sediment release,Deposition control","Multi-use,Agriculture",Regulated rivers
E00327,L0124,missouri-river-at-osage-river,Missouri River at Osage River,Downstream Coarsening on the Missouri River,2016,"Gibson, S, Shelley, J, Cai, C",https://www.researchgate.net/profile/Stanford-Gibson/publication/311507977_Downstream_coarsening_on_the_Missouri_river/links/5a5cd795a6fdcc68fa96e526/Downstream-coarsening-on-the-Missouri-river.pdf,Conference Paper,"Reporting,Analysis","Bathymetry,Sediment,Hydraulics",Frequency Analysis,Not Applicable,Sand,"Suspended,Erosion",Not Applicable,Not Applicable,Not Applicable,Not Applicable,Not Applicable,Not Applicable,"MontaNot Applicable,Kansas,Missouri","Sediment release,Deposition control","Multi-use,Agriculture",Regulated rivers
E00328,L0124,missouri-river-at-grand-river,Missouri River at Grand River,Downstream Coarsening on the Missouri River,2016,"Gibson, S, Shelley, J, Cai, C",https://www.researchgate.net/profile/Stanford-Gibson/publication/311507977_Downstream_coarsening_on_the_Missouri_river/links/5a5cd795a6fdcc68fa96e526/Downstream-coarsening-on-the-Missouri-river.pdf,Conference Paper,"Reporting,Analysis","Bathymetry,Sediment,Hydraulics",Frequency Analysis,Not Applicable,Sand,"Suspended,Erosion",Not Applicable,Not Applicable,Not Applicable,Not Applicable,Not Applicable,Not Applicable,"MontaNot Applicable,Kansas,Missouri","Sediment release,Deposition control","Multi-use,Agriculture",Regulated rivers
E00329,L0124,missouri-river-at-kansas-river,Missouri River at Kansas River,Downstream Coarsening on the Missouri River,2016,"Gibson, S, Shelley, J, Cai, C",https://www.researchgate.net/profile/Stanford-Gibson/publication/311507977_Downstream_coarsening_on_the_Missouri_river/links/5a5cd795a6fdcc68fa96e526/Downstream-coarsening-on-the-Missouri-river.pdf,Conference Paper,"Reporting,Analysis","Bathymetry,Sediment,Hydraulics",Frequency Analysis,Not Applicable,Sand,"Suspended,Erosion",Not Applicable,Not Applicable,Not Applicable,Not Applicable,Not Applicable,Not Applicable,"MontaNot Applicable,Kansas,Missouri","Sediment release,Deposition control","Multi-use,Agriculture",Regulated rivers
E00330,L0125,,Missouri River Geomorphology,Missouri River Temperature Effects in Transition from Dunes to Plane Bed,1976,USACE,,,,,,,,,,,,,,,,Not Applicable,,
E00331,L0126,missouri-river-from-fort-peck-dam-to-lake-sakakawea,Missouri River from Fort Peck Dam to Lake Sakakawea,Review of the Regulation of the Missouri River Mainstem Reservoir System During the Flood of 2011,2012,"Grigg, N, McCarthy, C, Lawrence, B, Ockerman, D",https://www.nwd-mr.usace.army.mil/rcc/reports/pdfs/MRIndependentReviewPanel.pdf,USACE Report,"Planning,Operations,Reporting,Analysis","Public Participation,Hydraulics","Hydraulic Modeling,Frequency Analysis","Flood risk,watershed planning,Operations",Suspended,Emergency Spillway,Not Applicable,Not Applicable,Not Applicable,Yes,"Flood,Structure failure",Not Applicable,"MontaNot Applicable,North Dakota,South Dakota,Nebraska,Iowa,Kansas,Missouri",Flood diversion,"Urban,Agriculture",Regulated rivers
E00332,L0126,missouri-river-from-garrison-dam-to-oahe-dam,Missouri River from Garrison Dam to Oahe Dam,Review of the Regulation of the Missouri River Mainstem Reservoir System During the Flood of 2011,2012,"Grigg, N, McCarthy, C, Lawrence, B, Ockerman, D",https://www.nwd-mr.usace.army.mil/rcc/reports/pdfs/MRIndependentReviewPanel.pdf,USACE Report,"Planning,Operations,Reporting,Analysis","Public Participation,Hydraulics","Hydraulic Modeling,Frequency Analysis","Flood risk,watershed planning,Operations",Suspended,Emergency Spillway,Not Applicable,Not Applicable,Not Applicable,Yes,"Flood,Structure failure",Not Applicable,"MontaNot Applicable,North Dakota,South Dakota,Nebraska,Iowa,Kansas,Missouri",Flood diversion,"Urban,Agriculture",Regulated rivers
E00333,L0126,missouri-river-from-oahe-dam-to-lake-sharpe,Missouri River from Oahe Dam to Lake Sharpe,Review of the Regulation of the Missouri River Mainstem Reservoir System During the Flood of 2011,2012,"Grigg, N, McCarthy, C, Lawrence, B, Ockerman, D",https://www.nwd-mr.usace.army.mil/rcc/reports/pdfs/MRIndependentReviewPanel.pdf,USACE Report,"Planning,Operations,Reporting,Analysis","Public Participation,Hydraulics","Hydraulic Modeling,Frequency Analysis","Flood risk,watershed planning,Operations",Suspended,Emergency Spillway,Not Applicable,Not Applicable,Not Applicable,Yes,"Flood,Structure failure",Not Applicable,"MontaNot Applicable,North Dakota,South Dakota,Nebraska,Iowa,Kansas,Missouri",Flood diversion,"Urban,Agriculture",Regulated rivers
E00334,L0126,missouri-river-from-fort-randall-dam-to-lewis-and-clark-lake,Missouri River from Fort Randall Dam to Lewis and Clark Lake,Review of the Regulation of the Missouri River Mainstem Reservoir System During the Flood of 2011,2012,"Grigg, N, McCarthy, C, Lawrence, B, Ockerman, D",https://www.nwd-mr.usace.army.mil/rcc/reports/pdfs/MRIndependentReviewPanel.pdf,USACE Report,"Planning,Operations,Reporting,Analysis","Public Participation,Hydraulics","Hydraulic Modeling,Frequency Analysis","Flood risk,watershed planning,Operations",Suspended,Emergency Spillway,Not Applicable,Not Applicable,Not Applicable,Yes,"Flood,Structure failure",Not Applicable,"MontaNot Applicable,North Dakota,South Dakota,Nebraska,Iowa,Kansas,Missouri",Flood diversion,"Urban,Agriculture",Regulated rivers
E00335,L0127,old-river-control-complex-orcc,Old River Control Complex (ORCC),Old River Control Complex sedimentation investigation,2015,"Heath, RE, Brown, GL, Little, CD, Pratt, TC, Ratcliff, JJ, Abraham, DD, Perkey, D, Ganesh, NB, Martin, K, May, DP",https://hdl.handle.net/11681/7729,ERDC TN,"Operations,Reporting,Analysis","Bathymetry,Sediment,Hydraulics","Hydraulic Modeling,Laboratory Analysis,Sediment Transport Modeling,Frequency Analysis,Regression",Operations,"Suspended,Bedload",Emergency Spillway,Not Applicable,Not Applicable,Not Applicable,Not Applicable,Flood,Not Applicable,"LouisiaNot Applicable,Mississippi","Sediment release,Flood diversion,Deposition control",Wetlands,"Regulated rivers,Deltas"
E00336,L0128,lake-onalaska-area-black-river-delta,Lake Onalaska Area/Black River Delta,"Hydrodynamic Conditions in the Black River Delta/Lake Onalaska Area, Pool 7, Upper Mississippi River 1980-81 and 1991-92",1994,"Hendrickson, JS, Haase, FR",https://apps.dtic.mil/sti/citations/ADA301631,USACE Report,"Operations,Reporting,Analysis","Bathymetry,Sediment,Hydraulics","Hydraulic Modeling,Frequency Analysis,Regression","Flood risk,Operations","Sand,Suspended,Bedload","Suspended,Erosion",Not Applicable,Not Applicable,Not Applicable,Not Applicable,Flood,Not Applicable,Minnesota,"Flood diversion,Deposition control",Island,Deltas
E00337,L0129,south-fork-tillatoba-creek-drop,South Fork Tillatoba Creek Drop,"South Fork Tillatoba Creek drop structures, Mississippi; Hydraulic model investigation",1982,"Hite, JW, Pickering, GA",https://hdl.handle.net/11681/13455,ERDC TN,"Construction,Design","Bathymetry,Hydraulics",Laboratory Analysis,Flood risk,Rock,Plunge Pool,Not Applicable,Not Applicable,Not Applicable,Not Applicable,"Flood,Structure failure",Not Applicable,Mississippi,Flood diversion,"Forestry,Agriculture",Modified streams
E00338,L0130,fort-peck-dam,Fort Peck Dam,Regulated River Modeling for Climate Change Impact Assessment: The Missouri River,2000,"Hotchkiss, RH, Jorgensen, SF, Stone, MC, Fontaine, TA",https://doi.org/10.1111/j.1752-1688.2000.tb04275.x,Journal Article,"Operations,Analysis",Hydraulics,"Hydraulic Modeling,Frequency Analysis,Regression","Watershed planning,Operations",Not Applicable,"Reservoir pool,Reservoir release",Not Applicable,Not Applicable,Not Applicable,Yes,Drought,Not Applicable,"MontaNot Applicable,North Dakota,South Dakota,Nebraska,Iowa,Kansas,Missouri",Not Applicable,"Urban,Agriculture",Regulated rivers
E00339,L0130,garrison-dam,Garrison Dam,Regulated River Modeling for Climate Change Impact Assessment: The Missouri River,2000,"Hotchkiss, RH, Jorgensen, SF, Stone, MC, Fontaine, TA",https://doi.org/10.1111/j.1752-1688.2000.tb04275.x,Journal Article,"Operations,Analysis",Hydraulics,"Hydraulic Modeling,Frequency Analysis,Regression","Watershed planning,Operations",Not Applicable,"Reservoir pool,Reservoir release",Not Applicable,Not Applicable,Not Applicable,Yes,Drought,Not Applicable,"MontaNot Applicable,North Dakota,South Dakota,Nebraska,Iowa,Kansas,Missouri",Not Applicable,"Urban,Agriculture",Regulated rivers
E00340,L0130,oahe-dam,Oahe Dam,Regulated River Modeling for Climate Change Impact Assessment: The Missouri River,2000,"Hotchkiss, RH, Jorgensen, SF, Stone, MC, Fontaine, TA",https://doi.org/10.1111/j.1752-1688.2000.tb04275.x,Journal Article,"Operations,Analysis",Hydraulics,"Hydraulic Modeling,Frequency Analysis,Regression","Watershed planning,Operations",Not Applicable,"Reservoir pool,Reservoir release",Not Applicable,Not Applicable,Not Applicable,Yes,Drought,Not Applicable,"MontaNot Applicable,North Dakota,South Dakota,Nebraska,Iowa,Kansas,Missouri",Not Applicable,"Urban,Agriculture",Regulated rivers
E00341,L0130,big-bend-dam,Big Bend Dam,Regulated River Modeling for Climate Change Impact Assessment: The Missouri River,2000,"Hotchkiss, RH, Jorgensen, SF, Stone, MC, Fontaine, TA",https://doi.org/10.1111/j.1752-1688.2000.tb04275.x,Journal Article,"Operations,Analysis",Hydraulics,"Hydraulic Modeling,Frequency Analysis,Regression","Watershed planning,Operations",Not Applicable,"Reservoir pool,Reservoir release",Not Applicable,Not Applicable,Not Applicable,Yes,Drought,Not Applicable,"MontaNot Applicable,North Dakota,South Dakota,Nebraska,Iowa,Kansas,Missouri",Not Applicable,"Urban,Agriculture",Regulated rivers
E00342,L0130,fort-randall-dam,Fort Randall Dam,Regulated River Modeling for Climate Change Impact Assessment: The Missouri River,2000,"Hotchkiss, RH, Jorgensen, SF, Stone, MC, Fontaine, TA",https://doi.org/10.1111/j.1752-1688.2000.tb04275.x,Journal Article,"Operations,Analysis",Hydraulics,"Hydraulic Modeling,Frequency Analysis,Regression","Watershed planning,Operations",Not Applicable,"Reservoir pool,Reservoir release",Not Applicable,Not Applicable,Not Applicable,Yes,Drought,Not Applicable,"MontaNot Applicable,North Dakota,South Dakota,Nebraska,Iowa,Kansas,Missouri",Not Applicable,"Urban,Agriculture",Regulated rivers
E00343,L0130,gavins-point-dam,Gavins Point Dam,Regulated River Modeling for Climate Change Impact Assessment: The Missouri River,2000,"Hotchkiss, RH, Jorgensen, SF, Stone, MC, Fontaine, TA",https://doi.org/10.1111/j.1752-1688.2000.tb04275.x,Journal Article,"Operations,Analysis",Hydraulics,"Hydraulic Modeling,Frequency Analysis,Regression","Watershed planning,Operations",Not Applicable,"Reservoir pool,Reservoir release",Not Applicable,Not Applicable,Not Applicable,Yes,Drought,Not Applicable,"MontaNot Applicable,North Dakota,South Dakota,Nebraska,Iowa,Kansas,Missouri",Not Applicable,"Urban,Agriculture",Regulated rivers
E00344,L0131,black-swamp-cache-river,Black Swamp/Cache River,"A Dendrogeomorphic Approach to Measurement of Sedimentation in a Forested Wetland, Black Swamp, Arkansas",1990,"Hupp, CR, Morris, EE",https://doi.org/10.1007/BF03160827,Journal Article,"Reporting,Analysis","Bathymetry,Sediment","Frequency Analysis,Regression",Watershed planning,"Sand,Silt,Clay",Suspended,Yes,Yes,Yes,Not Applicable,Not Applicable,Not Applicable,Arkansas,"Land Management,Deposition control","Forestry,Wetlands,Agriculture",Alluvial fans
E00345,L0132,iowa,Iowa,Climate Change Impacts on Iowa 2010,2010,Iowa Climate Change Advisory Council,https://ehsrc.public-health.uiowa.edu/wp-content/uploads/2019/03/Iowa_Climate_Statement_2010_complete_report.pdf,Government Report,"Planning,Reporting","Bathymetry,Water Quality,Sediment,Ecological,Public Participation,Hydraulics","Frequency Analysis,Regression","Flood risk,Economics,Watershed planning",Not Applicable,Erosion,Yes,Yes,Yes,Yes,"Flood,drought,Structure failure",Not Applicable,Iowa,Land Management,Agriculture,Not Applicable
E00346,L0133,white-river,White River,Lower White River 2009-2016 In-Channel Sediment Monitoring,2017,King County,https://your.kingcounty.gov/dnrp/library/water-and-land/flooding/white_river/PRB/11%20lower-white-r-sediment-monitoring-tech-memo-2017.pdf,Government Report,"Planning,Operations,Maintenance,Reporting","Bathymetry,Sediment",Frequency Analysis,"Flood risk,Maintenance,Operations",Gravel,"Erosion,Dredging",Not Applicable,Not Applicable,Not Applicable,Not Applicable,Flood,Volcanos,Washington,deposition control,Urban,Alluvial fans
E00347,L0134,andrews-creek,Andrews Creek,A Guide for Pre- and Postfire Modeling and Application In the Western United States.,2013,"Kinoshita, AM, Hogue, TS, Napper, C",https://nfsl.contentdm.oclc.org/digital/api/collection/p17053coll2/id/7274/download,Government Report,Analysis,Hydraulics,"Hydraulic Modeling,Frequency Analysis","Flood risk,Watershed planning",Not Applicable,Not Applicable,Not Applicable,Not Applicable,Not Applicable,Yes,Flood,Wildfire,Western USA,Not Applicable,Not Applicable,Mountain torrents
E00348,L0134,arroyo-seco,Arroyo Seco,A Guide for Pre- and Postfire Modeling and Application In the Western United States.,2013,"Kinoshita, AM, Hogue, TS, Napper, C",https://nfsl.contentdm.oclc.org/digital/api/collection/p17053coll2/id/7274/download,Government Report,Analysis,Hydraulics,"Hydraulic Modeling,Frequency Analysis","Flood risk,Watershed planning",Not Applicable,Not Applicable,Not Applicable,Not Applicable,Not Applicable,Yes,Flood,Wildfire,Western USA,Not Applicable,Not Applicable,Mountain torrents
E00349,L0134,devil-canyon,Devil Canyon,A Guide for Pre- and Postfire Modeling and Application In the Western United States.,2013,"Kinoshita, AM, Hogue, TS, Napper, C",https://nfsl.contentdm.oclc.org/digital/api/collection/p17053coll2/id/7274/download,Government Report,Analysis,Hydraulics,"Hydraulic Modeling,Frequency Analysis","Flood risk,Watershed planning",Not Applicable,Not Applicable,Not Applicable,Not Applicable,Not Applicable,Yes,Flood,Wildfire,Western USA,Not Applicable,Not Applicable,Mountain torrents
E00350,L0134,frye-creek,Frye Creek,A Guide for Pre- and Postfire Modeling and Application In the Western United States.,2013,"Kinoshita, AM, Hogue, TS, Napper, C",https://nfsl.contentdm.oclc.org/digital/api/collection/p17053coll2/id/7274/download,Government Report,Analysis,Hydraulics,"Hydraulic Modeling,Frequency Analysis","Flood risk,Watershed planning",Not Applicable,Not Applicable,Not Applicable,Not Applicable,Not Applicable,Yes,Flood,Wildfire,Western USA,Not Applicable,Not Applicable,Mountain torrents
E00351,L0134,bull-3,Bull #3,A Guide for Pre- and Postfire Modeling and Application In the Western United States.,2013,"Kinoshita, AM, Hogue, TS, Napper, C",https://nfsl.contentdm.oclc.org/digital/api/collection/p17053coll2/id/7274/download,Government Report,Analysis,Hydraulics,"Hydraulic Modeling,Frequency Analysis","Flood risk,Watershed planning",Not Applicable,Not Applicable,Not Applicable,Not Applicable,Not Applicable,Yes,Flood,Wildfire,Western USA,Not Applicable,Not Applicable,Mountain torrents
E00352,L0134,rock-creek,Rock Creek,A Guide for Pre- and Postfire Modeling and Application In the Western United States.,2013,"Kinoshita, AM, Hogue, TS, Napper, C",https://nfsl.contentdm.oclc.org/digital/api/collection/p17053coll2/id/7274/download,Government Report,Analysis,Hydraulics,"Hydraulic Modeling,Frequency Analysis","Flood risk,Watershed planning",Not Applicable,Not Applicable,Not Applicable,Not Applicable,Not Applicable,Yes,Flood,Wildfire,Western USA,Not Applicable,Not Applicable,Mountain torrents
E00353,L0134,fridley,Fridley,A Guide for Pre- and Postfire Modeling and Application In the Western United States.,2013,"Kinoshita, AM, Hogue, TS, Napper, C",https://nfsl.contentdm.oclc.org/digital/api/collection/p17053coll2/id/7274/download,Government Report,Analysis,Hydraulics,"Hydraulic Modeling,Frequency Analysis","Flood risk,Watershed planning",Not Applicable,Not Applicable,Not Applicable,Not Applicable,Not Applicable,Yes,Flood,Wildfire,Western USA,Not Applicable,Not Applicable,Mountain torrents
E00354,L0134,hayman,Hayman,A Guide for Pre- and Postfire Modeling and Application In the Western United States.,2013,"Kinoshita, AM, Hogue, TS, Napper, C",https://nfsl.contentdm.oclc.org/digital/api/collection/p17053coll2/id/7274/download,Government Report,Analysis,Hydraulics,"Hydraulic Modeling,Frequency Analysis","Flood risk,Watershed planning",Not Applicable,Not Applicable,Not Applicable,Not Applicable,Not Applicable,Yes,Flood,Wildfire,Western USA,Not Applicable,Not Applicable,Mountain torrents
E00355,L0135,chesapeake-bay-watershed,Chesapeake Bay Watershed,"Total nutrient and sediment loads, trends, yields, and nontidal water-quality indicators for selected nontidal station, Chesapeake Bay Watershed, 1985-2011",2013,"Langland, MJ, Blomquist, JD, Moyer, DL, Hyer, KE, Chanat, JG",https://doi.org/10.3133/ofr20131052,Government Report,Reporting,"Water Quality,Sediment",Frequency Analysis,Watershed planning,Suspended,Suspended,Not Applicable,Not Applicable,Not Applicable,Not Applicable,Not Applicable,Not Applicable,Eastern USA,Sediment release,Multi-use,Not Applicable
E00356,L0136,washington,Washington,"Climatic water balance and regional fire years in the Pacific Northwest, USA: linking regional climate and fire at landscape scales",2011,"Littell, JS, Gwozdz, R",https://doi.org/10.1007/978-94-007-0301-8_5,Book,"Planning,Analysis",Hydraulics,"Frequency Analysis,Regression",Watershed planning,Not Applicable,Not Applicable,Not Applicable,Not Applicable,Not Applicable,Yes,Drought,Wildfire,Northwest USA,Land Management,Forestry,Not Applicable
E00357,L0136,oregon,Oregon,"Climatic water balance and regional fire years in the Pacific Northwest, USA: linking regional climate and fire at landscape scales",2011,"Littell, JS, Gwozdz, R",https://doi.org/10.1007/978-94-007-0301-8_5,Book,"Planning,Analysis",Hydraulics,"Frequency Analysis,Regression",Watershed planning,Not Applicable,Not Applicable,Not Applicable,Not Applicable,Not Applicable,Yes,Drought,Wildfire,Northwest USA,Land Management,Forestry,Not Applicable
E00358,L0136,idaho,Idaho,"Climatic water balance and regional fire years in the Pacific Northwest, USA: linking regional climate and fire at landscape scales",2011,"Littell, JS, Gwozdz, R",https://doi.org/10.1007/978-94-007-0301-8_5,Book,"Planning,Analysis",Hydraulics,"Frequency Analysis,Regression",Watershed planning,Not Applicable,Not Applicable,Not Applicable,Not Applicable,Not Applicable,Yes,Drought,Wildfire,Northwest USA,Land Management,Forestry,Not Applicable
E00359,L0136,western-montana,Western Montana,"Climatic water balance and regional fire years in the Pacific Northwest, USA: linking regional climate and fire at landscape scales",2011,"Littell, JS, Gwozdz, R",https://doi.org/10.1007/978-94-007-0301-8_5,Book,"Planning,Analysis",Hydraulics,"Frequency Analysis,Regression",Watershed planning,Not Applicable,Not Applicable,Not Applicable,Not Applicable,Not Applicable,Yes,Drought,Wildfire,Northwest USA,Land Management,Forestry,Not Applicable
E00360,L0137,washington,Washington,Climate and wildfire area burned in western U.S. ecoprovinces (1916-2003),2009,"Littell JS, McKenzie, D, Peterson, DL, Westerling, AL",https://doi.org/10.1890/07-1183.1,Journal Article,"Planning,Analysis",Hydraulics,"Frequency Analysis,Regression",Watershed planning,Not Applicable,Not Applicable,Not Applicable,Not Applicable,Not Applicable,Yes,Drought,Wildfire,Western USA,Land Management,Multi-use,Not Applicable
E00361,L0137,oregon,Oregon,Climate and wildfire area burned in western U.S. ecoprovinces (1916-2003),2009,"Littell JS, McKenzie, D, Peterson, DL, Westerling, AL",https://doi.org/10.1890/07-1183.1,Journal Article,"Planning,Analysis",Hydraulics,"Frequency Analysis,Regression",Watershed planning,Not Applicable,Not Applicable,Not Applicable,Not Applicable,Not Applicable,Yes,Drought,Wildfire,Western USA,Land Management,Multi-use,Not Applicable
E00362,L0137,idaho,Idaho,Climate and wildfire area burned in western U.S. ecoprovinces (1916-2003),2009,"Littell JS, McKenzie, D, Peterson, DL, Westerling, AL",https://doi.org/10.1890/07-1183.1,Journal Article,"Planning,Analysis",Hydraulics,"Frequency Analysis,Regression",Watershed planning,Not Applicable,Not Applicable,Not Applicable,Not Applicable,Not Applicable,Yes,Drought,Wildfire,Western USA,Land Management,Multi-use,Not Applicable
E00363,L0137,montana,Montana,Climate and wildfire area burned in western U.S. ecoprovinces (1916-2003),2009,"Littell JS, McKenzie, D, Peterson, DL, Westerling, AL",https://doi.org/10.1890/07-1183.1,Journal Article,"Planning,Analysis",Hydraulics,"Frequency Analysis,Regression",Watershed planning,Not Applicable,Not Applicable,Not Applicable,Not Applicable,Not Applicable,Yes,Drought,Wildfire,Western USA,Land Management,Multi-use,Not Applicable
E00364,L0137,wyoming,Wyoming,Climate and wildfire area burned in western U.S. ecoprovinces (1916-2003),2009,"Littell JS, McKenzie, D, Peterson, DL, Westerling, AL",https://doi.org/10.1890/07-1183.1,Journal Article,"Planning,Analysis",Hydraulics,"Frequency Analysis,Regression",Watershed planning,Not Applicable,Not Applicable,Not Applicable,Not Applicable,Not Applicable,Yes,Drought,Wildfire,Western USA,Land Management,Multi-use,Not Applicable
E00365,L0137,colorado,Colorado,Climate and wildfire area burned in western U.S. ecoprovinces (1916-2003),2009,"Littell JS, McKenzie, D, Peterson, DL, Westerling, AL",https://doi.org/10.1890/07-1183.1,Journal Article,"Planning,Analysis",Hydraulics,"Frequency Analysis,Regression",Watershed planning,Not Applicable,Not Applicable,Not Applicable,Not Applicable,Not Applicable,Yes,Drought,Wildfire,Western USA,Land Management,Multi-use,Not Applicable
E00366,L0137,nevada,Nevada,Climate and wildfire area burned in western U.S. ecoprovinces (1916-2003),2009,"Littell JS, McKenzie, D, Peterson, DL, Westerling, AL",https://doi.org/10.1890/07-1183.1,Journal Article,"Planning,Analysis",Hydraulics,"Frequency Analysis,Regression",Watershed planning,Not Applicable,Not Applicable,Not Applicable,Not Applicable,Not Applicable,Yes,Drought,Wildfire,Western USA,Land Management,Multi-use,Not Applicable
E00367,L0137,utah,Utah,Climate and wildfire area burned in western U.S. ecoprovinces (1916-2003),2009,"Littell JS, McKenzie, D, Peterson, DL, Westerling, AL",https://doi.org/10.1890/07-1183.1,Journal Article,"Planning,Analysis",Hydraulics,"Frequency Analysis,Regression",Watershed planning,Not Applicable,Not Applicable,Not Applicable,Not Applicable,Not Applicable,Yes,Drought,Wildfire,Western USA,Land Management,Multi-use,Not Applicable
E00368,L0137,arizona,Arizona,Climate and wildfire area burned in western U.S. ecoprovinces (1916-2003),2009,"Littell JS, McKenzie, D, Peterson, DL, Westerling, AL",https://doi.org/10.1890/07-1183.1,Journal Article,"Planning,Analysis",Hydraulics,"Frequency Analysis,Regression",Watershed planning,Not Applicable,Not Applicable,Not Applicable,Not Applicable,Not Applicable,Yes,Drought,Wildfire,Western USA,Land Management,Multi-use,Not Applicable
E00369,L0137,new-mexico,New Mexico,Climate and wildfire area burned in western U.S. ecoprovinces (1916-2003),2009,"Littell JS, McKenzie, D, Peterson, DL, Westerling, AL",https://doi.org/10.1890/07-1183.1,Journal Article,"Planning,Analysis",Hydraulics,"Frequency Analysis,Regression",Watershed planning,Not Applicable,Not Applicable,Not Applicable,Not Applicable,Not Applicable,Yes,Drought,Wildfire,Western USA,Land Management,Multi-use,Not Applicable
E00370,L0137,california,California,Climate and wildfire area burned in western U.S. ecoprovinces (1916-2003),2009,"Littell JS, McKenzie, D, Peterson, DL, Westerling, AL",https://doi.org/10.1890/07-1183.1,Journal Article,"Planning,Analysis",Hydraulics,"Frequency Analysis,Regression",Watershed planning,Not Applicable,Not Applicable,Not Applicable,Not Applicable,Not Applicable,Yes,Drought,Wildfire,Western USA,Land Management,Multi-use,Not Applicable
E00371,L0138,flaming-gorge-dam,Flaming Gorge Dam,"Sediment transport and channel characteristics of a sand-bed portion of the Green River below Flaming Gorge Dam, Utah USA",1992,"Lyons, JK, Pucherelli, MJ, Clark, RC",https://doi.org/10.1002/rrr.3450070302,Journal Article,Analysis,"Sediment,Hydraulics","Frequency Analysis,Regression",Not Applicable,"Suspended,Bedload,Sand",Reservoir pool,Not Applicable,Not Applicable,Not Applicable,Not Applicable,Not Applicable,Not Applicable,Utah,Dam Removal,Not Applicable,"Alluvial fans,Regulated rivers"
E00372,L0139,clairborne-lock-and-dam,Clairborne Lock and Dam,"Sediment Impact Assessment for Navigation Channel Maintenance, Alabama River, Alabama, and Apalachicola River, Florida",1996,"McComas, DN, Copeland, RR",https://hdl.handle.net/11681/10806,ERDC TN,Analysis,"Sediment,Hydraulics","Frequency Analysis,Regression","Maintenance,Operations","Gravel,Sand,Silt,Suspended,Bedload","Suspended,Dredging",Not Applicable,Not Applicable,Not Applicable,Not Applicable,Not Applicable,Not Applicable,"Alabama,Florida",Deposition control,"Forestry,Agriculture,Wetlands",Meandering rivers
E00373,L0139,jim-woodruff-lock-and-dam,Jim Woodruff Lock and Dam,"Sediment Impact Assessment for Navigation Channel Maintenance, Alabama River, Alabama, and Apalachicola River, Florida",1996,"McComas, DN, Copeland, RR",https://hdl.handle.net/11681/10806,ERDC TN,Analysis,"Sediment,Hydraulics","Frequency Analysis,Regression","Maintenance,Operations","Gravel,Sand,Silt,Suspended,Bedload","Suspended,Dredging",Not Applicable,Not Applicable,Not Applicable,Not Applicable,Not Applicable,Not Applicable,"Alabama,Florida",Deposition control,"Forestry,Agriculture,Wetlands",Meandering rivers
E00374,L0140,safe-harbor-dam,Safe Harbor Dam,"Lower Susquehanna River Watershed Assessment, Maryland and Pennsylvania",2015,USACE,https://dnr.maryland.gov/waters/bay/documents/lsrwa/reports/lsrwafinalmain20160307.pdf,Government Report,"Planning,Operations,Maintenance,Reporting,Analysis","Water Quality,Sediment,Hydraulics","Hydraulic Modeling,Sediment Transport Modeling","Watershed planning,Maintenance,Operations","Suspended,Bedload","Suspended,Erosion",Not Applicable,Not Applicable,Not Applicable,Yes,Not Applicable,Not Applicable,"Pennsylvania,Maryland","Land Management,beneficial use of dredged material,deposition control",Multi-use,Regulated rivers
E00375,L0140,holtwood-dam,Holtwood Dam,"Lower Susquehanna River Watershed Assessment, Maryland and Pennsylvania",2015,USACE,https://dnr.maryland.gov/waters/bay/documents/lsrwa/reports/lsrwafinalmain20160307.pdf,Government Report,"Planning,Operations,Maintenance,Reporting,Analysis","Water Quality,Sediment,Hydraulics","Hydraulic Modeling,Sediment Transport Modeling","Watershed planning,Maintenance,Operations","Suspended,Bedload","Suspended,Erosion",Not Applicable,Not Applicable,Not Applicable,Yes,Not Applicable,Not Applicable,"Pennsylvania,Maryland","Land Management,beneficial use of dredged material,deposition control",Multi-use,Regulated rivers
E00376,L0140,conowingo-dam,Conowingo Dam,"Lower Susquehanna River Watershed Assessment, Maryland and Pennsylvania",2015,USACE,https://dnr.maryland.gov/waters/bay/documents/lsrwa/reports/lsrwafinalmain20160307.pdf,Government Report,"Planning,Operations,Maintenance,Reporting,Analysis","Water Quality,Sediment,Hydraulics","Hydraulic Modeling,Sediment Transport Modeling","Watershed planning,Maintenance,Operations","Suspended,Bedload","Suspended,Erosion",Not Applicable,Not Applicable,Not Applicable,Yes,Not Applicable,Not Applicable,"Pennsylvania,Maryland","Land Management,beneficial use of dredged material,deposition control",Multi-use,Regulated rivers
E00377,L0141,howard-a-hanson-dam,Howard A. Hanson Dam,"Optimization of Reach-Scale Gravel Nourishment on the Green River below Howard Hanson Dam, King County, Washington",2022,"Corum, Z, Cheng, E, Gibson, S, Dahl, T",https://dx.doi.org/10.21079/11681/43887,ERDC TN,"Planning,Construction,Operations,Analysis","Bathymetry,Sediment,Hydraulics","Sediment Transport Modeling,Frequency Analysis","Maintenance,Operations","Suspended,Bedload","Suspended,Erosion",Yes,Yes,Yes,Yes,Not Applicable,Not Applicable,Washington,"Sediment release,Deposition control",Forestry,Not Applicable
E00378,L0142,matilija-dam,Matilija Dam,"Hydrology, Hydraulics, and Sediment Studies for the Matilija Dam Ecosystem Restoration Project, Ventura, CA",2006,US Bureau of Reclamation (USBR),http://www.matilijadam.org/documents/Matilija%20H&H%20Design%20v2.pdf,Government Report,"Planning,Construction,Reporting,Analysis","Bathymetry,Water Quality,Sediment,Ecological,Hydraulics","Hydraulic Modeling,Frequency Analysis,Regression",Watershed planning,"Gravel,Sand,Suspended,Rock,Silt","Reservoir pool,Debris",Yes,Yes,Yes,Yes,Not Applicable,Not Applicable,Southern California,Dam Removal,Not Applicable,Not Applicable
E00379,L0142,casitas-dam,Casitas Dam,"Hydrology, Hydraulics, and Sediment Studies for the Matilija Dam Ecosystem Restoration Project, Ventura, CA",2006,US Bureau of Reclamation (USBR),http://www.matilijadam.org/documents/Matilija%20H&H%20Design%20v2.pdf,Government Report,"Planning,Construction,Reporting,Analysis","Bathymetry,Water Quality,Sediment,Ecological,Hydraulics","Hydraulic Modeling,Frequency Analysis,Regression",Watershed planning,"Gravel,Sand,Suspended,Rock,Silt","Reservoir pool,Debris",Yes,Yes,Yes,Yes,Not Applicable,Not Applicable,Southern California,Dam Removal,Not Applicable,Not Applicable
E00380,L0143,washington,Washington,Precipitation-frequency atlas of the western United States,1973,"Miller, JF, Frederick, RH, Tracey, RJ",https://repository.library.noaa.gov/view/noaa/28188,Government Report,"Planning,Reporting,Analysis",Hydraulics,"Frequency Analysis,Regression","Flood risk,watershed planning",Not Applicable,Not Applicable,Not Applicable,Not Applicable,Not Applicable,Not Applicable,"Flood,drought",Ice,Western USA,Land Management,Multi-use,Not Applicable
E00381,L0143,oregon,Oregon,Precipitation-frequency atlas of the western United States,1973,"Miller, JF, Frederick, RH, Tracey, RJ",https://repository.library.noaa.gov/view/noaa/28188,Government Report,"Planning,Reporting,Analysis",Hydraulics,"Frequency Analysis,Regression","Flood risk,watershed planning",Not Applicable,Not Applicable,Not Applicable,Not Applicable,Not Applicable,Not Applicable,"Flood,drought",Ice,Western USA,Land Management,Multi-use,Not Applicable
E00382,L0143,idaho,Idaho,Precipitation-frequency atlas of the western United States,1973,"Miller, JF, Frederick, RH, Tracey, RJ",https://repository.library.noaa.gov/view/noaa/28188,Government Report,"Planning,Reporting,Analysis",Hydraulics,"Frequency Analysis,Regression","Flood risk,watershed planning",Not Applicable,Not Applicable,Not Applicable,Not Applicable,Not Applicable,Not Applicable,"Flood,drought",Ice,Western USA,Land Management,Multi-use,Not Applicable
E00383,L0143,montana,Montana,Precipitation-frequency atlas of the western United States,1973,"Miller, JF, Frederick, RH, Tracey, RJ",https://repository.library.noaa.gov/view/noaa/28188,Government Report,"Planning,Reporting,Analysis",Hydraulics,"Frequency Analysis,Regression","Flood risk,watershed planning",Not Applicable,Not Applicable,Not Applicable,Not Applicable,Not Applicable,Not Applicable,"Flood,drought",Ice,Western USA,Land Management,Multi-use,Not Applicable
E00384,L0143,wyoming,Wyoming,Precipitation-frequency atlas of the western United States,1973,"Miller, JF, Frederick, RH, Tracey, RJ",https://repository.library.noaa.gov/view/noaa/28188,Government Report,"Planning,Reporting,Analysis",Hydraulics,"Frequency Analysis,Regression","Flood risk,watershed planning",Not Applicable,Not Applicable,Not Applicable,Not Applicable,Not Applicable,Not Applicable,"Flood,drought",Ice,Western USA,Land Management,Multi-use,Not Applicable
E00385,L0143,colorado,Colorado,Precipitation-frequency atlas of the western United States,1973,"Miller, JF, Frederick, RH, Tracey, RJ",https://repository.library.noaa.gov/view/noaa/28188,Government Report,"Planning,Reporting,Analysis",Hydraulics,"Frequency Analysis,Regression","Flood risk,watershed planning",Not Applicable,Not Applicable,Not Applicable,Not Applicable,Not Applicable,Not Applicable,"Flood,drought",Ice,Western USA,Land Management,Multi-use,Not Applicable
E00386,L0143,nevada,Nevada,Precipitation-frequency atlas of the western United States,1973,"Miller, JF, Frederick, RH, Tracey, RJ",https://repository.library.noaa.gov/view/noaa/28188,Government Report,"Planning,Reporting,Analysis",Hydraulics,"Frequency Analysis,Regression","Flood risk,watershed planning",Not Applicable,Not Applicable,Not Applicable,Not Applicable,Not Applicable,Not Applicable,"Flood,drought",Ice,Western USA,Land Management,Multi-use,Not Applicable
E00387,L0143,utah,Utah,Precipitation-frequency atlas of the western United States,1973,"Miller, JF, Frederick, RH, Tracey, RJ",https://repository.library.noaa.gov/view/noaa/28188,Government Report,"Planning,Reporting,Analysis",Hydraulics,"Frequency Analysis,Regression","Flood risk,watershed planning",Not Applicable,Not Applicable,Not Applicable,Not Applicable,Not Applicable,Not Applicable,"Flood,drought",Ice,Western USA,Land Management,Multi-use,Not Applicable
E00388,L0143,arizona,Arizona,Precipitation-frequency atlas of the western United States,1973,"Miller, JF, Frederick, RH, Tracey, RJ",https://repository.library.noaa.gov/view/noaa/28188,Government Report,"Planning,Reporting,Analysis",Hydraulics,"Frequency Analysis,Regression","Flood risk,watershed planning",Not Applicable,Not Applicable,Not Applicable,Not Applicable,Not Applicable,Not Applicable,"Flood,drought",Ice,Western USA,Land Management,Multi-use,Not Applicable
E00389,L0143,new-mexico,New Mexico,Precipitation-frequency atlas of the western United States,1973,"Miller, JF, Frederick, RH, Tracey, RJ",https://repository.library.noaa.gov/view/noaa/28188,Government Report,"Planning,Reporting,Analysis",Hydraulics,"Frequency Analysis,Regression","Flood risk,watershed planning",Not Applicable,Not Applicable,Not Applicable,Not Applicable,Not Applicable,Not Applicable,"Flood,drought",Ice,Western USA,Land Management,Multi-use,Not Applicable
E00390,L0143,california,California,Precipitation-frequency atlas of the western United States,1973,"Miller, JF, Frederick, RH, Tracey, RJ",https://repository.library.noaa.gov/view/noaa/28188,Government Report,"Planning,Reporting,Analysis",Hydraulics,"Frequency Analysis,Regression","Flood risk,watershed planning",Not Applicable,Not Applicable,Not Applicable,Not Applicable,Not Applicable,Not Applicable,"Flood,drought",Ice,Western USA,Land Management,Multi-use,Not Applicable
E00391,L0144,eldorado-national-forest,Eldorado National Forest,"Trends in Wildfire Severity: 1984 to 2010 in the Sierra Nevada, Modoc Plateau, and Southern Cascades, California, USA",2012,"Miller, JD, Safford, HD",https://doi.org/10.4996/fireecology.0803041,Journal Article,"Reporting,Analysis",Ecological,Frequency Analysis,Watershed planning,Not Applicable,Not Applicable,Yes,Yes,Yes,Not Applicable,Not Applicable,wildfire,California,Land Management,Forestry,Not Applicable
E00392,L0144,inyo-national-forest,Inyo National Forest,"Trends in Wildfire Severity: 1984 to 2010 in the Sierra Nevada, Modoc Plateau, and Southern Cascades, California, USA",2012,"Miller, JD, Safford, HD",https://doi.org/10.4996/fireecology.0803041,Journal Article,"Reporting,Analysis",Ecological,Frequency Analysis,Watershed planning,Not Applicable,Not Applicable,Yes,Yes,Yes,Not Applicable,Not Applicable,wildfire,California,Land Management,Forestry,Not Applicable
E00393,L0144,lassen-national-forest,Lassen National Forest,"Trends in Wildfire Severity: 1984 to 2010 in the Sierra Nevada, Modoc Plateau, and Southern Cascades, California, USA",2012,"Miller, JD, Safford, HD",https://doi.org/10.4996/fireecology.0803041,Journal Article,"Reporting,Analysis",Ecological,Frequency Analysis,Watershed planning,Not Applicable,Not Applicable,Yes,Yes,Yes,Not Applicable,Not Applicable,wildfire,California,Land Management,Forestry,Not Applicable
E00394,L0144,modoc-national-forest,Modoc National Forest,"Trends in Wildfire Severity: 1984 to 2010 in the Sierra Nevada, Modoc Plateau, and Southern Cascades, California, USA",2012,"Miller, JD, Safford, HD",https://doi.org/10.4996/fireecology.0803041,Journal Article,"Reporting,Analysis",Ecological,Frequency Analysis,Watershed planning,Not Applicable,Not Applicable,Yes,Yes,Yes,Not Applicable,Not Applicable,wildfire,California,Land Management,Forestry,Not Applicable
E00395,L0144,plumas-national-forest,Plumas National Forest,"Trends in Wildfire Severity: 1984 to 2010 in the Sierra Nevada, Modoc Plateau, and Southern Cascades, California, USA",2012,"Miller, JD, Safford, HD",https://doi.org/10.4996/fireecology.0803041,Journal Article,"Reporting,Analysis",Ecological,Frequency Analysis,Watershed planning,Not Applicable,Not Applicable,Yes,Yes,Yes,Not Applicable,Not Applicable,wildfire,California,Land Management,Forestry,Not Applicable
E00396,L0144,sequoia-national-forest,Sequoia National Forest,"Trends in Wildfire Severity: 1984 to 2010 in the Sierra Nevada, Modoc Plateau, and Southern Cascades, California, USA",2012,"Miller, JD, Safford, HD",https://doi.org/10.4996/fireecology.0803041,Journal Article,"Reporting,Analysis",Ecological,Frequency Analysis,Watershed planning,Not Applicable,Not Applicable,Yes,Yes,Yes,Not Applicable,Not Applicable,wildfire,California,Land Management,Forestry,Not Applicable
E00397,L0144,sierra-national-forest,Sierra National Forest,"Trends in Wildfire Severity: 1984 to 2010 in the Sierra Nevada, Modoc Plateau, and Southern Cascades, California, USA",2012,"Miller, JD, Safford, HD",https://doi.org/10.4996/fireecology.0803041,Journal Article,"Reporting,Analysis",Ecological,Frequency Analysis,Watershed planning,Not Applicable,Not Applicable,Yes,Yes,Yes,Not Applicable,Not Applicable,wildfire,California,Land Management,Forestry,Not Applicable
E00398,L0144,stanislaus-national-forest,Stanislaus National Forest,"Trends in Wildfire Severity: 1984 to 2010 in the Sierra Nevada, Modoc Plateau, and Southern Cascades, California, USA",2012,"Miller, JD, Safford, HD",https://doi.org/10.4996/fireecology.0803041,Journal Article,"Reporting,Analysis",Ecological,Frequency Analysis,Watershed planning,Not Applicable,Not Applicable,Yes,Yes,Yes,Not Applicable,Not Applicable,wildfire,California,Land Management,Forestry,Not Applicable
E00399,L0144,tahoe-national-forest,Tahoe National Forest,"Trends in Wildfire Severity: 1984 to 2010 in the Sierra Nevada, Modoc Plateau, and Southern Cascades, California, USA",2012,"Miller, JD, Safford, HD",https://doi.org/10.4996/fireecology.0803041,Journal Article,"Reporting,Analysis",Ecological,Frequency Analysis,Watershed planning,Not Applicable,Not Applicable,Yes,Yes,Yes,Not Applicable,Not Applicable,wildfire,California,Land Management,Forestry,Not Applicable
E00400,L0144,lake-tahoe-basin-management-unit,Lake Tahoe Basin Management Unit,"Trends in Wildfire Severity: 1984 to 2010 in the Sierra Nevada, Modoc Plateau, and Southern Cascades, California, USA",2012,"Miller, JD, Safford, HD",https://doi.org/10.4996/fireecology.0803041,Journal Article,"Reporting,Analysis",Ecological,Frequency Analysis,Watershed planning,Not Applicable,Not Applicable,Yes,Yes,Yes,Not Applicable,Not Applicable,wildfire,California,Land Management,Forestry,Not Applicable
E00401,L0145,montana-west-of-continental-divide,Montana (west of continental divide),"Multi-season Climate Synchronized Forest Fires Throughout the 20th Century, Northern Rockies, USA",2008,"Morgan, P, Heyerdahl, EK, Gibson, CE",https://www.fs.usda.gov/treesearch/pubs/30689,Journal Article,"Reporting,Analysis",Not Applicable,Frequency Analysis,Watershed planning,Not Applicable,Not Applicable,Not Applicable,Not Applicable,Not Applicable,Yes,drought,"wildfire,Ice","MontaNot Applicable,Idaho",Land Management,Forestry,Not Applicable
E00402,L0145,idaho,Idaho,"Multi-season Climate Synchronized Forest Fires Throughout the 20th Century, Northern Rockies, USA",2008,"Morgan, P, Heyerdahl, EK, Gibson, CE",https://www.fs.usda.gov/treesearch/pubs/30689,Journal Article,"Reporting,Analysis",Not Applicable,Frequency Analysis,Watershed planning,Not Applicable,Not Applicable,Not Applicable,Not Applicable,Not Applicable,Yes,drought,"wildfire,Ice","MontaNot Applicable,Idaho",Land Management,Forestry,Not Applicable
E00403,L0146,river-thames,River Thames,A study of bankfull discharges of rivers in England and Wales,1959,"Nixon, M",https://doi.org/10.1680/iicep.1959.12123,Journal Article,"Reporting,Analysis","Water Quality,Hydraulics","Hydraulic Equations,Frequency Analysis,Regression",Watershed planning,Suspended,Suspended,Not Applicable,Not Applicable,Not Applicable,Not Applicable,Flood,Not Applicable,"England,Wales",Not Applicable,Multi-use,Not Applicable
E00404,L0146,river-severn,River Severn,A study of bankfull discharges of rivers in England and Wales,1959,"Nixon, M",https://doi.org/10.1680/iicep.1959.12123,Journal Article,"Reporting,Analysis","Water Quality,Hydraulics","Hydraulic Equations,Frequency Analysis,Regression",Watershed planning,Suspended,Suspended,Not Applicable,Not Applicable,Not Applicable,Not Applicable,Flood,Not Applicable,"England,Wales",Not Applicable,Multi-use,Not Applicable
E00405,L0146,river-avon,River Avon,A study of bankfull discharges of rivers in England and Wales,1959,"Nixon, M",https://doi.org/10.1680/iicep.1959.12123,Journal Article,"Reporting,Analysis","Water Quality,Hydraulics","Hydraulic Equations,Frequency Analysis,Regression",Watershed planning,Suspended,Suspended,Not Applicable,Not Applicable,Not Applicable,Not Applicable,Flood,Not Applicable,"England,Wales",Not Applicable,Multi-use,Not Applicable
E00406,L0146,river-mersey,River Mersey,A study of bankfull discharges of rivers in England and Wales,1959,"Nixon, M",https://doi.org/10.1680/iicep.1959.12123,Journal Article,"Reporting,Analysis","Water Quality,Hydraulics","Hydraulic Equations,Frequency Analysis,Regression",Watershed planning,Suspended,Suspended,Not Applicable,Not Applicable,Not Applicable,Not Applicable,Flood,Not Applicable,"England,Wales",Not Applicable,Multi-use,Not Applicable
E00407,L0146,river-wye,River Wye,A study of bankfull discharges of rivers in England and Wales,1959,"Nixon, M",https://doi.org/10.1680/iicep.1959.12123,Journal Article,"Reporting,Analysis","Water Quality,Hydraulics","Hydraulic Equations,Frequency Analysis,Regression",Watershed planning,Suspended,Suspended,Not Applicable,Not Applicable,Not Applicable,Not Applicable,Flood,Not Applicable,"England,Wales",Not Applicable,Multi-use,Not Applicable
E00408,L0146,river-weaver,River Weaver,A study of bankfull discharges of rivers in England and Wales,1959,"Nixon, M",https://doi.org/10.1680/iicep.1959.12123,Journal Article,"Reporting,Analysis","Water Quality,Hydraulics","Hydraulic Equations,Frequency Analysis,Regression",Watershed planning,Suspended,Suspended,Not Applicable,Not Applicable,Not Applicable,Not Applicable,Flood,Not Applicable,"England,Wales",Not Applicable,Multi-use,Not Applicable
E00409,L0146,river-tyne,River Tyne,A study of bankfull discharges of rivers in England and Wales,1959,"Nixon, M",https://doi.org/10.1680/iicep.1959.12123,Journal Article,"Reporting,Analysis","Water Quality,Hydraulics","Hydraulic Equations,Frequency Analysis,Regression",Watershed planning,Suspended,Suspended,Not Applicable,Not Applicable,Not Applicable,Not Applicable,Flood,Not Applicable,"England,Wales",Not Applicable,Multi-use,Not Applicable
E00410,L0146,river-wallington,River Wallington,A study of bankfull discharges of rivers in England and Wales,1959,"Nixon, M",https://doi.org/10.1680/iicep.1959.12123,Journal Article,"Reporting,Analysis","Water Quality,Hydraulics","Hydraulic Equations,Frequency Analysis,Regression",Watershed planning,Suspended,Suspended,Not Applicable,Not Applicable,Not Applicable,Not Applicable,Flood,Not Applicable,"England,Wales",Not Applicable,Multi-use,Not Applicable
E00411,L0146,river-trent,River Trent,A study of bankfull discharges of rivers in England and Wales,1959,"Nixon, M",https://doi.org/10.1680/iicep.1959.12123,Journal Article,"Reporting,Analysis","Water Quality,Hydraulics","Hydraulic Equations,Frequency Analysis,Regression",Watershed planning,Suspended,Suspended,Not Applicable,Not Applicable,Not Applicable,Not Applicable,Flood,Not Applicable,"England,Wales",Not Applicable,Multi-use,Not Applicable
E00412,L0146,river-great-ouse,River Great Ouse,A study of bankfull discharges of rivers in England and Wales,1959,"Nixon, M",https://doi.org/10.1680/iicep.1959.12123,Journal Article,"Reporting,Analysis","Water Quality,Hydraulics","Hydraulic Equations,Frequency Analysis,Regression",Watershed planning,Suspended,Suspended,Not Applicable,Not Applicable,Not Applicable,Not Applicable,Flood,Not Applicable,"England,Wales",Not Applicable,Multi-use,Not Applicable
E00413,L0146,river-dee,River Dee,A study of bankfull discharges of rivers in England and Wales,1959,"Nixon, M",https://doi.org/10.1680/iicep.1959.12123,Journal Article,"Reporting,Analysis","Water Quality,Hydraulics","Hydraulic Equations,Frequency Analysis,Regression",Watershed planning,Suspended,Suspended,Not Applicable,Not Applicable,Not Applicable,Not Applicable,Flood,Not Applicable,"England,Wales",Not Applicable,Multi-use,Not Applicable
E00414,L0147,black-butte-river,Black Butte River,Bankfull discharge and sediment transport in northwestern California,1987,"Nolan, KM, Lisle, TE, Kelsy, HM",https://www.fs.usda.gov/treesearch/pubs/7887,Conference Paper,"Reporting,Analysis","Bathymetry,Sediment,Hydraulics",Frequency Analysis,Watershed planning,"Suspended,Bedload",Erosion,Not Applicable,Not Applicable,Not Applicable,Not Applicable,Flood,Not Applicable,Northern California,Deposition Control,Forestry,Deltas
E00415,L0147,eel-river,Eel River,Bankfull discharge and sediment transport in northwestern California,1987,"Nolan, KM, Lisle, TE, Kelsy, HM",https://www.fs.usda.gov/treesearch/pubs/7887,Conference Paper,"Reporting,Analysis","Bathymetry,Sediment,Hydraulics",Frequency Analysis,Watershed planning,"Suspended,Bedload",Erosion,Not Applicable,Not Applicable,Not Applicable,Not Applicable,Flood,Not Applicable,Northern California,Deposition Control,Forestry,Deltas
E00416,L0147,van-duzen-river,Van Duzen River,Bankfull discharge and sediment transport in northwestern California,1987,"Nolan, KM, Lisle, TE, Kelsy, HM",https://www.fs.usda.gov/treesearch/pubs/7887,Conference Paper,"Reporting,Analysis","Bathymetry,Sediment,Hydraulics",Frequency Analysis,Watershed planning,"Suspended,Bedload",Erosion,Not Applicable,Not Applicable,Not Applicable,Not Applicable,Flood,Not Applicable,Northern California,Deposition Control,Forestry,Deltas
E00417,L0147,redwood-creek,Redwood Creek,Bankfull discharge and sediment transport in northwestern California,1987,"Nolan, KM, Lisle, TE, Kelsy, HM",https://www.fs.usda.gov/treesearch/pubs/7887,Conference Paper,"Reporting,Analysis","Bathymetry,Sediment,Hydraulics",Frequency Analysis,Watershed planning,"Suspended,Bedload",Erosion,Not Applicable,Not Applicable,Not Applicable,Not Applicable,Flood,Not Applicable,Northern California,Deposition Control,Forestry,Deltas
E00418,L0147,trinity-river,Trinity River,Bankfull discharge and sediment transport in northwestern California,1987,"Nolan, KM, Lisle, TE, Kelsy, HM",https://www.fs.usda.gov/treesearch/pubs/7887,Conference Paper,"Reporting,Analysis","Bathymetry,Sediment,Hydraulics",Frequency Analysis,Watershed planning,"Suspended,Bedload",Erosion,Not Applicable,Not Applicable,Not Applicable,Not Applicable,Flood,Not Applicable,Northern California,Deposition Control,Forestry,Deltas
E00419,L0148,washington,Washington,Spatial variability in wildfire probability across the western United States,2012,"Parisien, MA, Snetsinger, S, Greenberg, JA, Nelson, CR, Schoennagel, T, Dobrowski, SZ, Moritz, MA",https://doi.org/10.1071/WF11044,Journal Article,"Reporting,Analysis","Ecological,Hydraulics",Frequency Analysis,Watershed planning,Not Applicable,Not Applicable,Yes,Yes,Yes,Yes,Not Applicable,wildfire,Western USA,Land Management,"Urban,forestry",Not Applicable
E00420,L0148,oregon,Oregon,Spatial variability in wildfire probability across the western United States,2012,"Parisien, MA, Snetsinger, S, Greenberg, JA, Nelson, CR, Schoennagel, T, Dobrowski, SZ, Moritz, MA",https://doi.org/10.1071/WF11044,Journal Article,"Reporting,Analysis","Ecological,Hydraulics",Frequency Analysis,Watershed planning,Not Applicable,Not Applicable,Yes,Yes,Yes,Yes,Not Applicable,wildfire,Western USA,Land Management,"Urban,forestry",Not Applicable
E00421,L0148,idaho,Idaho,Spatial variability in wildfire probability across the western United States,2012,"Parisien, MA, Snetsinger, S, Greenberg, JA, Nelson, CR, Schoennagel, T, Dobrowski, SZ, Moritz, MA",https://doi.org/10.1071/WF11044,Journal Article,"Reporting,Analysis","Ecological,Hydraulics",Frequency Analysis,Watershed planning,Not Applicable,Not Applicable,Yes,Yes,Yes,Yes,Not Applicable,wildfire,Western USA,Land Management,"Urban,forestry",Not Applicable
E00422,L0148,montana,Montana,Spatial variability in wildfire probability across the western United States,2012,"Parisien, MA, Snetsinger, S, Greenberg, JA, Nelson, CR, Schoennagel, T, Dobrowski, SZ, Moritz, MA",https://doi.org/10.1071/WF11044,Journal Article,"Reporting,Analysis","Ecological,Hydraulics",Frequency Analysis,Watershed planning,Not Applicable,Not Applicable,Yes,Yes,Yes,Yes,Not Applicable,wildfire,Western USA,Land Management,"Urban,forestry",Not Applicable
E00423,L0148,wyoming,Wyoming,Spatial variability in wildfire probability across the western United States,2012,"Parisien, MA, Snetsinger, S, Greenberg, JA, Nelson, CR, Schoennagel, T, Dobrowski, SZ, Moritz, MA",https://doi.org/10.1071/WF11044,Journal Article,"Reporting,Analysis","Ecological,Hydraulics",Frequency Analysis,Watershed planning,Not Applicable,Not Applicable,Yes,Yes,Yes,Yes,Not Applicable,wildfire,Western USA,Land Management,"Urban,forestry",Not Applicable
E00424,L0148,colorado,Colorado,Spatial variability in wildfire probability across the western United States,2012,"Parisien, MA, Snetsinger, S, Greenberg, JA, Nelson, CR, Schoennagel, T, Dobrowski, SZ, Moritz, MA",https://doi.org/10.1071/WF11044,Journal Article,"Reporting,Analysis","Ecological,Hydraulics",Frequency Analysis,Watershed planning,Not Applicable,Not Applicable,Yes,Yes,Yes,Yes,Not Applicable,wildfire,Western USA,Land Management,"Urban,forestry",Not Applicable
E00425,L0148,nevada,Nevada,Spatial variability in wildfire probability across the western United States,2012,"Parisien, MA, Snetsinger, S, Greenberg, JA, Nelson, CR, Schoennagel, T, Dobrowski, SZ, Moritz, MA",https://doi.org/10.1071/WF11044,Journal Article,"Reporting,Analysis","Ecological,Hydraulics",Frequency Analysis,Watershed planning,Not Applicable,Not Applicable,Yes,Yes,Yes,Yes,Not Applicable,wildfire,Western USA,Land Management,"Urban,forestry",Not Applicable
E00426,L0148,utah,Utah,Spatial variability in wildfire probability across the western United States,2012,"Parisien, MA, Snetsinger, S, Greenberg, JA, Nelson, CR, Schoennagel, T, Dobrowski, SZ, Moritz, MA",https://doi.org/10.1071/WF11044,Journal Article,"Reporting,Analysis","Ecological,Hydraulics",Frequency Analysis,Watershed planning,Not Applicable,Not Applicable,Yes,Yes,Yes,Yes,Not Applicable,wildfire,Western USA,Land Management,"Urban,forestry",Not Applicable
E00427,L0148,arizona,Arizona,Spatial variability in wildfire probability across the western United States,2012,"Parisien, MA, Snetsinger, S, Greenberg, JA, Nelson, CR, Schoennagel, T, Dobrowski, SZ, Moritz, MA",https://doi.org/10.1071/WF11044,Journal Article,"Reporting,Analysis","Ecological,Hydraulics",Frequency Analysis,Watershed planning,Not Applicable,Not Applicable,Yes,Yes,Yes,Yes,Not Applicable,wildfire,Western USA,Land Management,"Urban,forestry",Not Applicable
E00428,L0148,new-mexico,New Mexico,Spatial variability in wildfire probability across the western United States,2012,"Parisien, MA, Snetsinger, S, Greenberg, JA, Nelson, CR, Schoennagel, T, Dobrowski, SZ, Moritz, MA",https://doi.org/10.1071/WF11044,Journal Article,"Reporting,Analysis","Ecological,Hydraulics",Frequency Analysis,Watershed planning,Not Applicable,Not Applicable,Yes,Yes,Yes,Yes,Not Applicable,wildfire,Western USA,Land Management,"Urban,forestry",Not Applicable
E00429,L0148,california,California,Spatial variability in wildfire probability across the western United States,2012,"Parisien, MA, Snetsinger, S, Greenberg, JA, Nelson, CR, Schoennagel, T, Dobrowski, SZ, Moritz, MA",https://doi.org/10.1071/WF11044,Journal Article,"Reporting,Analysis","Ecological,Hydraulics",Frequency Analysis,Watershed planning,Not Applicable,Not Applicable,Yes,Yes,Yes,Yes,Not Applicable,wildfire,Western USA,Land Management,"Urban,forestry",Not Applicable
E00430,L0149,minnesota,Minnesota,Chapter 18: Midwest. Climate Change Impacts in the United States: The Third National Climate Assessment,2014,"Pryor, SC, Scavia, D, Downer, C, Gaden, M, Iverson, L, Nordstrom, R, Patz, J, Robertson, GP",https://doi.org/10.7930/J0J1012N,Government Report,Reporting,"Water Quality,Ecological,Hydraulics","Frequency Analysis,Regression","Flood risk,economics,watershed planning",Suspended,Erosion,Yes,Yes,Yes,Yes,"Flood,drought",Ice,"Midwest USA,Great Lakes USA","Sediment release,Land Management","Forestry,Beach,Agriculture",Not Applicable
E00431,L0149,iowa,Iowa,Chapter 18: Midwest. Climate Change Impacts in the United States: The Third National Climate Assessment,2014,"Pryor, SC, Scavia, D, Downer, C, Gaden, M, Iverson, L, Nordstrom, R, Patz, J, Robertson, GP",https://doi.org/10.7930/J0J1012N,Government Report,Reporting,"Water Quality,Ecological,Hydraulics","Frequency Analysis,Regression","Flood risk,economics,watershed planning",Suspended,Erosion,Yes,Yes,Yes,Yes,"Flood,drought",Ice,"Midwest USA,Great Lakes USA","Sediment release,Land Management","Forestry,Beach,Agriculture",Not Applicable
E00432,L0149,missouri,Missouri,Chapter 18: Midwest. Climate Change Impacts in the United States: The Third National Climate Assessment,2014,"Pryor, SC, Scavia, D, Downer, C, Gaden, M, Iverson, L, Nordstrom, R, Patz, J, Robertson, GP",https://doi.org/10.7930/J0J1012N,Government Report,Reporting,"Water Quality,Ecological,Hydraulics","Frequency Analysis,Regression","Flood risk,economics,watershed planning",Suspended,Erosion,Yes,Yes,Yes,Yes,"Flood,drought",Ice,"Midwest USA,Great Lakes USA","Sediment release,Land Management","Forestry,Beach,Agriculture",Not Applicable
E00433,L0149,wisconsin,Wisconsin,Chapter 18: Midwest. Climate Change Impacts in the United States: The Third National Climate Assessment,2014,"Pryor, SC, Scavia, D, Downer, C, Gaden, M, Iverson, L, Nordstrom, R, Patz, J, Robertson, GP",https://doi.org/10.7930/J0J1012N,Government Report,Reporting,"Water Quality,Ecological,Hydraulics","Frequency Analysis,Regression","Flood risk,economics,watershed planning",Suspended,Erosion,Yes,Yes,Yes,Yes,"Flood,drought",Ice,"Midwest USA,Great Lakes USA","Sediment release,Land Management","Forestry,Beach,Agriculture",Not Applicable
E00434,L0149,illinois,Illinois,Chapter 18: Midwest. Climate Change Impacts in the United States: The Third National Climate Assessment,2014,"Pryor, SC, Scavia, D, Downer, C, Gaden, M, Iverson, L, Nordstrom, R, Patz, J, Robertson, GP",https://doi.org/10.7930/J0J1012N,Government Report,Reporting,"Water Quality,Ecological,Hydraulics","Frequency Analysis,Regression","Flood risk,economics,watershed planning",Suspended,Erosion,Yes,Yes,Yes,Yes,"Flood,drought",Ice,"Midwest USA,Great Lakes USA","Sediment release,Land Management","Forestry,Beach,Agriculture",Not Applicable
E00435,L0149,indiana,Indiana,Chapter 18: Midwest. Climate Change Impacts in the United States: The Third National Climate Assessment,2014,"Pryor, SC, Scavia, D, Downer, C, Gaden, M, Iverson, L, Nordstrom, R, Patz, J, Robertson, GP",https://doi.org/10.7930/J0J1012N,Government Report,Reporting,"Water Quality,Ecological,Hydraulics","Frequency Analysis,Regression","Flood risk,economics,watershed planning",Suspended,Erosion,Yes,Yes,Yes,Yes,"Flood,drought",Ice,"Midwest USA,Great Lakes USA","Sediment release,Land Management","Forestry,Beach,Agriculture",Not Applicable
E00436,L0149,michigan,Michigan,Chapter 18: Midwest. Climate Change Impacts in the United States: The Third National Climate Assessment,2014,"Pryor, SC, Scavia, D, Downer, C, Gaden, M, Iverson, L, Nordstrom, R, Patz, J, Robertson, GP",https://doi.org/10.7930/J0J1012N,Government Report,Reporting,"Water Quality,Ecological,Hydraulics","Frequency Analysis,Regression","Flood risk,economics,watershed planning",Suspended,Erosion,Yes,Yes,Yes,Yes,"Flood,drought",Ice,"Midwest USA,Great Lakes USA","Sediment release,Land Management","Forestry,Beach,Agriculture",Not Applicable
E00437,L0149,ohio,Ohio,Chapter 18: Midwest. Climate Change Impacts in the United States: The Third National Climate Assessment,2014,"Pryor, SC, Scavia, D, Downer, C, Gaden, M, Iverson, L, Nordstrom, R, Patz, J, Robertson, GP",https://doi.org/10.7930/J0J1012N,Government Report,Reporting,"Water Quality,Ecological,Hydraulics","Frequency Analysis,Regression","Flood risk,economics,watershed planning",Suspended,Erosion,Yes,Yes,Yes,Yes,"Flood,drought",Ice,"Midwest USA,Great Lakes USA","Sediment release,Land Management","Forestry,Beach,Agriculture",Not Applicable
E00438,L0150,hungry-horse-dam,Hungry Horse Dam,"Hydrology of Hungry Horse Reservoir, Northwestern Montana",1971,"Simons, WD, Rorabaugh, MI",https://doi.org/10.3133/pp682,Government Report,"Operations,Reporting,Analysis",Hydraulics,"Hydraulic Equations,Hydraulic Modeling,Frequency Analysis,Regression",Operations,Not Applicable,Not Applicable,Not Applicable,Not Applicable,Not Applicable,Yes,"Flood,drought",Not Applicable,MontaNot Applicable,"Flood diversion,Land Management",Not Applicable,Regulated Rivers
E00439,L0151,river-creedy,River Creedy,The magnitude and frequency characteristics of fluvial transport in the Devon drainage basin and some geomorphological implications,1982,"Webb, BW, Walling, DE",https://doi.org/10.1016/S0341-8162(82)80002-7,Journal Article,"Reporting,Analysis","Water Quality,Sediment,Hydraulics","Frequency Analysis,Regression",Watershed planning,Suspended,Suspended,Not Applicable,Not Applicable,Not Applicable,Not Applicable,Not Applicable,Not Applicable,England,Sediment release,Agriculture,Not Applicable
E00440,L0152,city-creek,City Creek,"Potential for debris flow and debris flood along the Wasatch Front between Salt Lake City and Willard, Utah, and measures for their mitigation",1983,"Wieczorek, GF, Ellen, S, Lips, WW, Cannon, SH, Short, DN",https://doi.org/10.3133/ofr83635,Government Report,"Design,Reporting","Sediment,Hydraulics",Regression,Flood risk,"Suspended,Bedload","Bank erosion,erosion",Not Applicable,Not Applicable,Not Applicable,Yes,Flood,"Debris flow,landslide,Ice",Utah,"Sediment release,Land Management,Flood diversion",Urban,"Mountain torrents,Alluvial fans"
E00441,L0152,mill-creek,Mill Creek,"Potential for debris flow and debris flood along the Wasatch Front between Salt Lake City and Willard, Utah, and measures for their mitigation",1983,"Wieczorek, GF, Ellen, S, Lips, WW, Cannon, SH, Short, DN",https://doi.org/10.3133/ofr83635,Government Report,"Design,Reporting","Sediment,Hydraulics",Regression,Flood risk,"Suspended,Bedload","Bank erosion,erosion",Not Applicable,Not Applicable,Not Applicable,Yes,Flood,"Debris flow,landslide,Ice",Utah,"Sediment release,Land Management,Flood diversion",Urban,"Mountain torrents,Alluvial fans"
E00442,L0152,kenney-creek,Kenney Creek,"Potential for debris flow and debris flood along the Wasatch Front between Salt Lake City and Willard, Utah, and measures for their mitigation",1983,"Wieczorek, GF, Ellen, S, Lips, WW, Cannon, SH, Short, DN",https://doi.org/10.3133/ofr83635,Government Report,"Design,Reporting","Sediment,Hydraulics",Regression,Flood risk,"Suspended,Bedload","Bank erosion,erosion",Not Applicable,Not Applicable,Not Applicable,Yes,Flood,"Debris flow,landslide,Ice",Utah,"Sediment release,Land Management,Flood diversion",Urban,"Mountain torrents,Alluvial fans"
E00443,L0152,holbrook-canyon,Holbrook Canyon,"Potential for debris flow and debris flood along the Wasatch Front between Salt Lake City and Willard, Utah, and measures for their mitigation",1983,"Wieczorek, GF, Ellen, S, Lips, WW, Cannon, SH, Short, DN",https://doi.org/10.3133/ofr83635,Government Report,"Design,Reporting","Sediment,Hydraulics",Regression,Flood risk,"Suspended,Bedload","Bank erosion,erosion",Not Applicable,Not Applicable,Not Applicable,Yes,Flood,"Debris flow,landslide,Ice",Utah,"Sediment release,Land Management,Flood diversion",Urban,"Mountain torrents,Alluvial fans"
E00444,L0153,brandywine-creek,Brandywine Creek,"The natural channel of Brandywine Creek, Pennsylvania, U.S",1955,"Wolman, MG",https://pubs.usgs.gov/pp/0271/report.pdf,Government Report,"Reporting,Analysis","Bathymetry,Water Quality,Sediment,Hydraulics","Hydraulic Equations,Regression",Watershed planning,"Gravel,Suspended,Silt",Suspended,Not Applicable,Not Applicable,Not Applicable,Not Applicable,Not Applicable,Not Applicable,"Pennsylvania,Delaware","Sediment release,Deposition control",Not Applicable,Not Applicable
E00445,L0154,united-kingdom-watersheds,United Kingdom watersheds,Variation in suspended sediment yield across the UK - A failure of the concept and interpretation of the sediment delivery ratio,2014,"Worrall, F, Burt, TF,  Howden, NJK, Hancock, GR",https://doi.org/10.1016/j.jhydrol.2014.09.066,Journal Article,"Reporting,Analysis","Bathymetry,Water Quality,Sediment,Hydraulics",Regression,Watershed planning,"Suspended,Bedload","Bank erosion,Suspended,Erosion",Not Applicable,Not Applicable,Not Applicable,Not Applicable,Not Applicable,Not Applicable,United Kingdom,"Sediment Release,Land Management,Deposition Control",Multi-use,Not Applicable
E00446,L0155,garrison-dam,Garrison Dam,"Shoreline Erosion Process, Lake Sakakaea",1991,"Dorough, WG, Ried, JR",https://babel.hathitrust.org/cgi/pt?id=umn.31951d00521601d&seq=459,Conference Paper,"Reporting,Analysis","Bathymetry,Sediment","Frequency Analysis,Regression",Not Applicable,Gravel,Bank erosion,Not Applicable,Not Applicable,Not Applicable,Not Applicable,Not Applicable,Ice,North Dakota,"Sediment Release,Land Management","Upland,Beach",Not Applicable
E00447,L0156,passaic-river,Passaic River,Erodibility Study of Passaic River Sediments Using USACE SEDflume,2006,"Borrowman, TD, Smith, ER, Gailani, JZ, Caviness, L",https://hdl.handle.net/11681/8498,ERDC TN,"Reporting,Analysis",Sediment,Laboratory Analysis,Not Applicable,Cohesive,Erosion,Not Applicable,Not Applicable,Not Applicable,Not Applicable,Not Applicable,Not Applicable,New Jersey,Sediment Release,"Urban,Wetlands",Not Applicable
E00448,L0157,california-hillslopes,California hillslopes,Process-based model linking pocket gopher (Thomomys bottae) activity to sediment transport and soil thickness,2005,"Yoo, K, Amundson, R,  Meimsath, AM, Dietrich, WE",https://doi.org/10.1130/G21831.1,Journal Article,Analysis,"Sediment,Ecological","Ecological Modeling,Sediment Transport Modeling,Regression",Watershed planning,Not Applicable,"Bank erosion,Erosion",Yes,Yes,Yes,Not Applicable,Not Applicable,Not Applicable,California,"Sediment Release,Land Management",Not Applicable,Not Applicable
E00449,L0158,henderson-canyon,Henderson Canyon,Alluvial Fan Flooding,1996,NRC,https://doi.org/10.17226/5364,Book,"Planning,Reporting","Bathymetry,Sediment,Hydraulics",Not Applicable,"Flood risk,economics",Not Applicable,"Debris,Erosion",Not Applicable,Not Applicable,Not Applicable,Not Applicable,Flood,"Debris flow,Landslide","ArizoNot Applicable,California,Utah","Sediment Release,Land Management,Deposition Control",Not Applicable,Alluvial fans
E00450,L0158,thousand-palms-wash,Thousand Palms Wash,Alluvial Fan Flooding,1996,NRC,https://doi.org/10.17226/5364,Book,"Planning,Reporting","Bathymetry,Sediment,Hydraulics",Not Applicable,"Flood risk,economics",Not Applicable,"Debris,Erosion",Not Applicable,Not Applicable,Not Applicable,Not Applicable,Flood,"Debris flow,Landslide","ArizoNot Applicable,California,Utah","Sediment Release,Land Management,Deposition Control",Not Applicable,Alluvial fans
E00451,L0158,lytle-creek,Lytle Creek,Alluvial Fan Flooding,1996,NRC,https://doi.org/10.17226/5364,Book,"Planning,Reporting","Bathymetry,Sediment,Hydraulics",Not Applicable,"Flood risk,economics",Not Applicable,"Debris,Erosion",Not Applicable,Not Applicable,Not Applicable,Not Applicable,Flood,"Debris flow,Landslide","ArizoNot Applicable,California,Utah","Sediment Release,Land Management,Deposition Control",Not Applicable,Alluvial fans
E00452,L0158,tortolita-mountains,Tortolita Mountains,Alluvial Fan Flooding,1996,NRC,https://doi.org/10.17226/5364,Book,"Planning,Reporting","Bathymetry,Sediment,Hydraulics",Not Applicable,"Flood risk,economics",Not Applicable,"Debris,Erosion",Not Applicable,Not Applicable,Not Applicable,Not Applicable,Flood,"Debris flow,Landslide","ArizoNot Applicable,California,Utah","Sediment Release,Land Management,Deposition Control",Not Applicable,Alluvial fans
E00453,L0158,,Carefree,Alluvial Fan Flooding,1996,NRC,https://doi.org/10.17226/5364,Book,"Planning,Reporting","Bathymetry,Sediment,Hydraulics",Not Applicable,"Flood risk,economics",Not Applicable,"Debris,Erosion",Not Applicable,Not Applicable,Not Applicable,Not Applicable,Flood,"Debris flow,Landslide","ArizoNot Applicable,California,Utah","Sediment Release,Land Management,Deposition Control",Not Applicable,Alluvial fans
E00454,L0158,arizona,Arizona,Alluvial Fan Flooding,1996,NRC,https://doi.org/10.17226/5364,Book,"Planning,Reporting","Bathymetry,Sediment,Hydraulics",Not Applicable,"Flood risk,economics",Not Applicable,"Debris,Erosion",Not Applicable,Not Applicable,Not Applicable,Not Applicable,Flood,"Debris flow,Landslide","ArizoNot Applicable,California,Utah","Sediment Release,Land Management,Deposition Control",Not Applicable,Alluvial fans
E00455,L0158,rudd-creek,Rudd Creek,Alluvial Fan Flooding,1996,NRC,https://doi.org/10.17226/5364,Book,"Planning,Reporting","Bathymetry,Sediment,Hydraulics",Not Applicable,"Flood risk,economics",Not Applicable,"Debris,Erosion",Not Applicable,Not Applicable,Not Applicable,Not Applicable,Flood,"Debris flow,Landslide","ArizoNot Applicable,California,Utah","Sediment Release,Land Management,Deposition Control",Not Applicable,Alluvial fans
E00456,L0158,hat-creek,Hat Creek,Alluvial Fan Flooding,1996,NRC,https://doi.org/10.17226/5364,Book,"Planning,Reporting","Bathymetry,Sediment,Hydraulics",Not Applicable,"Flood risk,economics",Not Applicable,"Debris,Erosion",Not Applicable,Not Applicable,Not Applicable,Not Applicable,Flood,"Debris flow,Landslide","ArizoNot Applicable,California,Utah","Sediment Release,Land Management,Deposition Control",Not Applicable,Alluvial fans
E00457,L0158,davis-creek,Davis Creek,Alluvial Fan Flooding,1996,NRC,https://doi.org/10.17226/5364,Book,"Planning,Reporting","Bathymetry,Sediment,Hydraulics",Not Applicable,"Flood risk,economics",Not Applicable,"Debris,Erosion",Not Applicable,Not Applicable,Not Applicable,Not Applicable,Flood,"Debris flow,Landslide","ArizoNot Applicable,California,Utah","Sediment Release,Land Management,Deposition Control",Not Applicable,Alluvial fans
E00458,L0158,nelson-run,Nelson Run,Alluvial Fan Flooding,1996,NRC,https://doi.org/10.17226/5364,Book,"Planning,Reporting","Bathymetry,Sediment,Hydraulics",Not Applicable,"Flood risk,economics",Not Applicable,"Debris,Erosion",Not Applicable,Not Applicable,Not Applicable,Not Applicable,Flood,"Debris flow,Landslide","ArizoNot Applicable,California,Utah","Sediment Release,Land Management,Deposition Control",Not Applicable,Alluvial fans
E00459,L0158,tijuana-river,Tijuana River,Alluvial Fan Flooding,1996,NRC,https://doi.org/10.17226/5364,Book,"Planning,Reporting","Bathymetry,Sediment,Hydraulics",Not Applicable,"Flood risk,economics",Not Applicable,"Debris,Erosion",Not Applicable,Not Applicable,Not Applicable,Not Applicable,Flood,"Debris flow,Landslide","ArizoNot Applicable,California,Utah","Sediment Release,Land Management,Deposition Control",Not Applicable,Alluvial fans
E00460,L0159,high-park-fire,High Park Fire,Hydrologic Analyses of Post-Wildfire Conditions,2016,NRCS,https://www.nrcs.usda.gov/sites/default/files/2024-10/Hydrology%20210-04%2C%20Hydologic%20Analyses%20of%20Post-Wildfire%20Conditions.pdf,Government Report,"Planning,Reporting,Analysis","Sediment,Hydraulics","Hydraulic Equations,Hydraulic Modeling,Sediment Transport Modeling,Frequency Analysis","Flood risk,Watershed planning","Sand,Silt,Clay","Bank erosion,Erosion,Debris",Not Applicable,Not Applicable,Not Applicable,Yes,Flood,"Debris flow,wildfire",Western USA,"Sediment Release,Land Management,Deposition Control",Forestry,Mountain Torrents
E00461,L0159,bitterroot-national-forest,Bitterroot National Forest,Hydrologic Analyses of Post-Wildfire Conditions,2016,NRCS,https://www.nrcs.usda.gov/sites/default/files/2024-10/Hydrology%20210-04%2C%20Hydologic%20Analyses%20of%20Post-Wildfire%20Conditions.pdf,Government Report,"Planning,Reporting,Analysis","Sediment,Hydraulics","Hydraulic Equations,Hydraulic Modeling,Sediment Transport Modeling,Frequency Analysis","Flood risk,Watershed planning","Sand,Silt,Clay","Bank erosion,Erosion,Debris",Not Applicable,Not Applicable,Not Applicable,Yes,Flood,"Debris flow,wildfire",Western USA,"Sediment Release,Land Management,Deposition Control",Forestry,Mountain Torrents
E00462,L0159,west-fork-complex,West Fork Complex,Hydrologic Analyses of Post-Wildfire Conditions,2016,NRCS,https://www.nrcs.usda.gov/sites/default/files/2024-10/Hydrology%20210-04%2C%20Hydologic%20Analyses%20of%20Post-Wildfire%20Conditions.pdf,Government Report,"Planning,Reporting,Analysis","Sediment,Hydraulics","Hydraulic Equations,Hydraulic Modeling,Sediment Transport Modeling,Frequency Analysis","Flood risk,Watershed planning","Sand,Silt,Clay","Bank erosion,Erosion,Debris",Not Applicable,Not Applicable,Not Applicable,Yes,Flood,"Debris flow,wildfire",Western USA,"Sediment Release,Land Management,Deposition Control",Forestry,Mountain Torrents
E00463,L0159,whitewater-creek,Whitewater Creek,Hydrologic Analyses of Post-Wildfire Conditions,2016,NRCS,https://www.nrcs.usda.gov/sites/default/files/2024-10/Hydrology%20210-04%2C%20Hydologic%20Analyses%20of%20Post-Wildfire%20Conditions.pdf,Government Report,"Planning,Reporting,Analysis","Sediment,Hydraulics","Hydraulic Equations,Hydraulic Modeling,Sediment Transport Modeling,Frequency Analysis","Flood risk,Watershed planning","Sand,Silt,Clay","Bank erosion,Erosion,Debris",Not Applicable,Not Applicable,Not Applicable,Yes,Flood,"Debris flow,wildfire",Western USA,"Sediment Release,Land Management,Deposition Control",Forestry,Mountain Torrents
E00464,L0159,saratoga-springs,Saratoga Springs,Hydrologic Analyses of Post-Wildfire Conditions,2016,NRCS,https://www.nrcs.usda.gov/sites/default/files/2024-10/Hydrology%20210-04%2C%20Hydologic%20Analyses%20of%20Post-Wildfire%20Conditions.pdf,Government Report,"Planning,Reporting,Analysis","Sediment,Hydraulics","Hydraulic Equations,Hydraulic Modeling,Sediment Transport Modeling,Frequency Analysis","Flood risk,Watershed planning","Sand,Silt,Clay","Bank erosion,Erosion,Debris",Not Applicable,Not Applicable,Not Applicable,Yes,Flood,"Debris flow,wildfire",Western USA,"Sediment Release,Land Management,Deposition Control",Forestry,Mountain Torrents
E00465,L0160,lower-american-river,Lower American River,Approaches for Assessing Riverine Scour,2021,"Howard, A, Pak, J, May, D, Gibson, S, Haring, C, Alberto, B, Snyder, M",https://dx.doi.org/10.21079/11681/40702,ERDC TN,"Operations,Analysis","Bathymetry,Sediment,Hydraulics",Sediment Transport Modeling,Flood risk,"Gravel,Sand",Erosion,Not Applicable,Not Applicable,Not Applicable,Not Applicable,Structure failure,Not Applicable,California,Sediment Release,Urban,"Modified streams,Regulated rivers"
E00466,L0161,hannibal-locks-and-dam,Hannibal Locks and Dam,Flow Regulation for Controlled River Ice Formation,1993,"Jain, SC, Ettema, R, Park, I",https://hdl.handle.net/11681/9155,ERDC TN,"Planning,Operations",Hydraulics,"Hydraulic Equations,Regression",Operations,Not Applicable,Not Applicable,Not Applicable,Not Applicable,Not Applicable,Not Applicable,Structure failure,Ice,Pennsylvania,Not Applicable,Multi-use,"Modified streams,Regulated rivers"
E00467,L0162,good-hope-tributary,Good Hope Tributary,"A sediment budget for an urbanizing watershed, 1951-1996, Montgomery County, Maryland, U.S.A.",2007,"Allmendinger, NE, Pizzuto, JE, Moglen, GE, Lewicki, M",https://doi.org/10.1111/j.1752-1688.2007.00122.x,Journal Article,"Reporting,Analysis","Bathymetry,Sediment","Frequency Analysis,Regression",Watershed Planning,"Gravel,Sand,Silt,Clay","Bank erosion,erosion",Not Applicable,Not Applicable,Not Applicable,Not Applicable,Flood,Not Applicable,Maryland,Land Management,"Urban,Upland",Not Applicable
E00468,L0163,riley-dam,Riley Dam,"Sediment accumulation rates and sediment dynamics using five different methods in a well-constrained impoundment: Case study from Union Lake, MI",2015,"Baskaran, M, Miller, C, Kumar, A, Andersen, E, Hui, J, Selegean, JP, Creech, C, Barkach, J",https://doi.org/10.1016/j.jglr.2015.03.013,Journal Article,"Reporting,Analysis","Bathymetry,Sediment","Frequency Analysis,Regression",Watershed Planning,"Gravel,Sand,Silt,Clay",Suspended,Not Applicable,Not Applicable,Not Applicable,Not Applicable,Not Applicable,Not Applicable,Michigan,Deposition Control,"Urban,Forestry,Wetlands",Meandering rivers
E00469,L0164,yazoo-river-watersheds,Yazoo River watersheds,Demonstration Erosion Control Project Monitoring Program,2000,"Biedenharn, DS, Raphelt, NK, Watson, CC",https://hdl.handle.net/11681/26535,ERDC TN,Reporting,Bathymetry,"Frequency Analysis,Regression",Watershed Planning,"Silt,Clay","Bank erosion,headcut,erosion",Not Applicable,Not Applicable,Not Applicable,Not Applicable,Flood,Not Applicable,Mississippi,"Sediment release,Land Management","Forestry,Wetlands,Agriculture",Not Applicable
E00470,L0165,rio-grande-conveyance-channel,Rio Grande Conveyance Channel,Flow Depth in Sand-Bed Channels,1983,"Brownlie, WR",https://doi.org/10.1061/(ASCE)0733-9429(1983)109:7(959),Journal Article,Analysis,Hydraulics,"Hydraulic Equations,Regression",Not Applicable,Sand,Not Applicable,Not Applicable,Not Applicable,Not Applicable,Not Applicable,Not Applicable,Not Applicable,Not Applicable,Not Applicable,Not Applicable,Not Applicable
E00471,L0165,mississippi-river,Mississippi River,Flow Depth in Sand-Bed Channels,1983,"Brownlie, WR",https://doi.org/10.1061/(ASCE)0733-9429(1983)109:7(959),Journal Article,Analysis,Hydraulics,"Hydraulic Equations,Regression",Not Applicable,Sand,Not Applicable,Not Applicable,Not Applicable,Not Applicable,Not Applicable,Not Applicable,Not Applicable,Not Applicable,Not Applicable,Not Applicable,Not Applicable
E00472,L0165,,Atchafalaya River,Flow Depth in Sand-Bed Channels,1983,"Brownlie, WR",https://doi.org/10.1061/(ASCE)0733-9429(1983)109:7(959),Journal Article,Analysis,Hydraulics,"Hydraulic Equations,Regression",Not Applicable,Sand,Not Applicable,Not Applicable,Not Applicable,Not Applicable,Not Applicable,Not Applicable,Not Applicable,Not Applicable,Not Applicable,Not Applicable,Not Applicable
E00473,L0165,colorado-river,Colorado River,Flow Depth in Sand-Bed Channels,1983,"Brownlie, WR",https://doi.org/10.1061/(ASCE)0733-9429(1983)109:7(959),Journal Article,Analysis,Hydraulics,"Hydraulic Equations,Regression",Not Applicable,Sand,Not Applicable,Not Applicable,Not Applicable,Not Applicable,Not Applicable,Not Applicable,Not Applicable,Not Applicable,Not Applicable,Not Applicable,Not Applicable
E00474,L0165,missouri-river,Missouri River,Flow Depth in Sand-Bed Channels,1983,"Brownlie, WR",https://doi.org/10.1061/(ASCE)0733-9429(1983)109:7(959),Journal Article,Analysis,Hydraulics,"Hydraulic Equations,Regression",Not Applicable,Sand,Not Applicable,Not Applicable,Not Applicable,Not Applicable,Not Applicable,Not Applicable,Not Applicable,Not Applicable,Not Applicable,Not Applicable,Not Applicable
E00475,L0165,hii-river,Hii River,Flow Depth in Sand-Bed Channels,1983,"Brownlie, WR",https://doi.org/10.1061/(ASCE)0733-9429(1983)109:7(959),Journal Article,Analysis,Hydraulics,"Hydraulic Equations,Regression",Not Applicable,Sand,Not Applicable,Not Applicable,Not Applicable,Not Applicable,Not Applicable,Not Applicable,Not Applicable,Not Applicable,Not Applicable,Not Applicable,Not Applicable
E00476,L0165,middle-loup-river,Middle Loup River,Flow Depth in Sand-Bed Channels,1983,"Brownlie, WR",https://doi.org/10.1061/(ASCE)0733-9429(1983)109:7(959),Journal Article,Analysis,Hydraulics,"Hydraulic Equations,Regression",Not Applicable,Sand,Not Applicable,Not Applicable,Not Applicable,Not Applicable,Not Applicable,Not Applicable,Not Applicable,Not Applicable,Not Applicable,Not Applicable,Not Applicable
E00477,L0165,republican-river,Republican River,Flow Depth in Sand-Bed Channels,1983,"Brownlie, WR",https://doi.org/10.1061/(ASCE)0733-9429(1983)109:7(959),Journal Article,Analysis,Hydraulics,"Hydraulic Equations,Regression",Not Applicable,Sand,Not Applicable,Not Applicable,Not Applicable,Not Applicable,Not Applicable,Not Applicable,Not Applicable,Not Applicable,Not Applicable,Not Applicable,Not Applicable
E00478,L0165,rio-grande-2,Rio Grande,Flow Depth in Sand-Bed Channels,1983,"Brownlie, WR",https://doi.org/10.1061/(ASCE)0733-9429(1983)109:7(959),Journal Article,Analysis,Hydraulics,"Hydraulic Equations,Regression",Not Applicable,Sand,Not Applicable,Not Applicable,Not Applicable,Not Applicable,Not Applicable,Not Applicable,Not Applicable,Not Applicable,Not Applicable,Not Applicable,Not Applicable
E00479,L0165,pigeon-roost-creek,Pigeon Roost Creek,Flow Depth in Sand-Bed Channels,1983,"Brownlie, WR",https://doi.org/10.1061/(ASCE)0733-9429(1983)109:7(959),Journal Article,Analysis,Hydraulics,"Hydraulic Equations,Regression",Not Applicable,Sand,Not Applicable,Not Applicable,Not Applicable,Not Applicable,Not Applicable,Not Applicable,Not Applicable,Not Applicable,Not Applicable,Not Applicable,Not Applicable
E00480,L0165,sacramento-river,Sacramento River,Flow Depth in Sand-Bed Channels,1983,"Brownlie, WR",https://doi.org/10.1061/(ASCE)0733-9429(1983)109:7(959),Journal Article,Analysis,Hydraulics,"Hydraulic Equations,Regression",Not Applicable,Sand,Not Applicable,Not Applicable,Not Applicable,Not Applicable,Not Applicable,Not Applicable,Not Applicable,Not Applicable,Not Applicable,Not Applicable,Not Applicable
E00481,L0166,toutle-river-at-coal-bank-bridge,Toutle River at Coal Bank bridge,Field comparisons of six pressure difference bedload samplers in high-energy flow,1999,"Childers, D",https://doi.org/10.3133/wri924068,Government Report,"Planning,Design,Analysis",Sediment,Frequency Analysis,Not Applicable,"Gravel,Sand,Rock,Bedload",Suspended,Not Applicable,Not Applicable,Not Applicable,Not Applicable,Not Applicable,Volcanos,Washington,"Sediment release,Deposition control",Forestry,Mountain torrents
E00482,L0167,schoolhouse-brook-and-fenton-river,Schoolhouse Brook and Fenton River,Operator bias characterizing stream substrates using Wolman pebble counts with a standard measurement template,2010,"Daniels, MD, McCusker, MH",https://doi.org/10.1016/j.geomorph.2009.09.038,Journal Article,"Reporting,Analysis",Sediment,Not Applicable,Not Applicable,"Sand,Gravel,Rock",Not Applicable,Not Applicable,Not Applicable,Not Applicable,Not Applicable,Not Applicable,Not Applicable,Connecticut,"Sediment release,Deposition control",Upland,Not Applicable
E00483,L0168,,Missouri River at St. Charles,"Hydraulic Sediment Response Modeling, Replication Accuracy to the River",2011,"Davinroy, RD, Gaines, RA, Gordon, DC, Hopkins, LL, Barretta, DP, Brown, JL, Rodgers, MT, Brauer, E, Cox, AN, Lauth, T, Krischel, BJ",https://www.mvs-wc.usace.army.mil/arec/Documents/Publications/M53_Hydraulic_Sediment_Response_Modeling_Replication_Accuracy.pdf,USACE Report,Analysis,"Bathymetry,Sediment,Hydraulics","Laboratory Analysis,Frequency Analysis","Maintenance,Operations",Bedload,"Bank erosion,Suspended,Erosion",Not Applicable,Not Applicable,Not Applicable,Not Applicable,Not Applicable,Not Applicable,"Missouri,Illinois","Sediment release,Deposition control",Urban,Regulated rivers
E00484,L0168,,MO,"Hydraulic Sediment Response Modeling, Replication Accuracy to the River",2011,"Davinroy, RD, Gaines, RA, Gordon, DC, Hopkins, LL, Barretta, DP, Brown, JL, Rodgers, MT, Brauer, E, Cox, AN, Lauth, T, Krischel, BJ",https://www.mvs-wc.usace.army.mil/arec/Documents/Publications/M53_Hydraulic_Sediment_Response_Modeling_Replication_Accuracy.pdf,USACE Report,Analysis,"Bathymetry,Sediment,Hydraulics","Laboratory Analysis,Frequency Analysis","Maintenance,Operations",Bedload,"Bank erosion,Suspended,Erosion",Not Applicable,Not Applicable,Not Applicable,Not Applicable,Not Applicable,Not Applicable,"Missouri,Illinois","Sediment release,Deposition control",Urban,Regulated rivers
E00485,L0168,mississippi-river-at-grand-lake-towhead,Mississippi River at Grand Lake Towhead,"Hydraulic Sediment Response Modeling, Replication Accuracy to the River",2011,"Davinroy, RD, Gaines, RA, Gordon, DC, Hopkins, LL, Barretta, DP, Brown, JL, Rodgers, MT, Brauer, E, Cox, AN, Lauth, T, Krischel, BJ",https://www.mvs-wc.usace.army.mil/arec/Documents/Publications/M53_Hydraulic_Sediment_Response_Modeling_Replication_Accuracy.pdf,USACE Report,Analysis,"Bathymetry,Sediment,Hydraulics","Laboratory Analysis,Frequency Analysis","Maintenance,Operations",Bedload,"Bank erosion,Suspended,Erosion",Not Applicable,Not Applicable,Not Applicable,Not Applicable,Not Applicable,Not Applicable,"Missouri,Illinois","Sediment release,Deposition control",Urban,Regulated rivers
E00486,L0169,west-bay-sediment-diversion-wbsd,West Bay Sediment Diversion (WBSD),"River Diversions: Principles, Processes, Challenges and Opportunities, A Guidance Document",2012,"Dean, RG., Wells, JT, Fernando, J, Goodwin, P",https://www.mvd.usace.army.mil/Portals/52/docs/SandT/LCA/Dean%20and%20Wells%20Final%20Guidance%20Document.pdf,Government Report,"Design,Operations","Bathymetry,Sediment,Hydraulics","Hydraulic Equations,Sediment Transport Analysis,Frequency Analysis","Flood risk,Operations","Sand,Silt,Clay,Suspended","Emergency Spillway,Reservoir release",Not Applicable,Not Applicable,Not Applicable,Yes,Flood,Not Applicable,"LouisiaNot Applicable,Mississippi","Land Management,Flood diversion","Urban,Wetlands","Deltas,Regulated rivers"
E00487,L0169,bayou-lamoque-diversion,Bayou Lamoque Diversion,"River Diversions: Principles, Processes, Challenges and Opportunities, A Guidance Document",2012,"Dean, RG., Wells, JT, Fernando, J, Goodwin, P",https://www.mvd.usace.army.mil/Portals/52/docs/SandT/LCA/Dean%20and%20Wells%20Final%20Guidance%20Document.pdf,Government Report,"Design,Operations","Bathymetry,Sediment,Hydraulics","Hydraulic Equations,Sediment Transport Analysis,Frequency Analysis","Flood risk,Operations","Sand,Silt,Clay,Suspended","Emergency Spillway,Reservoir release",Not Applicable,Not Applicable,Not Applicable,Yes,Flood,Not Applicable,"LouisiaNot Applicable,Mississippi","Land Management,Flood diversion","Urban,Wetlands","Deltas,Regulated rivers"
E00488,L0169,white-ditch-diversion,White Ditch Diversion,"River Diversions: Principles, Processes, Challenges and Opportunities, A Guidance Document",2012,"Dean, RG., Wells, JT, Fernando, J, Goodwin, P",https://www.mvd.usace.army.mil/Portals/52/docs/SandT/LCA/Dean%20and%20Wells%20Final%20Guidance%20Document.pdf,Government Report,"Design,Operations","Bathymetry,Sediment,Hydraulics","Hydraulic Equations,Sediment Transport Analysis,Frequency Analysis","Flood risk,Operations","Sand,Silt,Clay,Suspended","Emergency Spillway,Reservoir release",Not Applicable,Not Applicable,Not Applicable,Yes,Flood,Not Applicable,"LouisiaNot Applicable,Mississippi","Land Management,Flood diversion","Urban,Wetlands","Deltas,Regulated rivers"
E00489,L0169,myrtle-grove-diversion,Myrtle Grove Diversion,"River Diversions: Principles, Processes, Challenges and Opportunities, A Guidance Document",2012,"Dean, RG., Wells, JT, Fernando, J, Goodwin, P",https://www.mvd.usace.army.mil/Portals/52/docs/SandT/LCA/Dean%20and%20Wells%20Final%20Guidance%20Document.pdf,Government Report,"Design,Operations","Bathymetry,Sediment,Hydraulics","Hydraulic Equations,Sediment Transport Analysis,Frequency Analysis","Flood risk,Operations","Sand,Silt,Clay,Suspended","Emergency Spillway,Reservoir release",Not Applicable,Not Applicable,Not Applicable,Yes,Flood,Not Applicable,"LouisiaNot Applicable,Mississippi","Land Management,Flood diversion","Urban,Wetlands","Deltas,Regulated rivers"
E00490,L0169,caernarvon-diversion,Caernarvon Diversion,"River Diversions: Principles, Processes, Challenges and Opportunities, A Guidance Document",2012,"Dean, RG., Wells, JT, Fernando, J, Goodwin, P",https://www.mvd.usace.army.mil/Portals/52/docs/SandT/LCA/Dean%20and%20Wells%20Final%20Guidance%20Document.pdf,Government Report,"Design,Operations","Bathymetry,Sediment,Hydraulics","Hydraulic Equations,Sediment Transport Analysis,Frequency Analysis","Flood risk,Operations","Sand,Silt,Clay,Suspended","Emergency Spillway,Reservoir release",Not Applicable,Not Applicable,Not Applicable,Yes,Flood,Not Applicable,"LouisiaNot Applicable,Mississippi","Land Management,Flood diversion","Urban,Wetlands","Deltas,Regulated rivers"
E00491,L0169,davis-pond-diversion,Davis Pond Diversion,"River Diversions: Principles, Processes, Challenges and Opportunities, A Guidance Document",2012,"Dean, RG., Wells, JT, Fernando, J, Goodwin, P",https://www.mvd.usace.army.mil/Portals/52/docs/SandT/LCA/Dean%20and%20Wells%20Final%20Guidance%20Document.pdf,Government Report,"Design,Operations","Bathymetry,Sediment,Hydraulics","Hydraulic Equations,Sediment Transport Analysis,Frequency Analysis","Flood risk,Operations","Sand,Silt,Clay,Suspended","Emergency Spillway,Reservoir release",Not Applicable,Not Applicable,Not Applicable,Yes,Flood,Not Applicable,"LouisiaNot Applicable,Mississippi","Land Management,Flood diversion","Urban,Wetlands","Deltas,Regulated rivers"
E00492,L0169,bonnet-carre-spillway,Bonnet Carré Spillway,"River Diversions: Principles, Processes, Challenges and Opportunities, A Guidance Document",2012,"Dean, RG., Wells, JT, Fernando, J, Goodwin, P",https://www.mvd.usace.army.mil/Portals/52/docs/SandT/LCA/Dean%20and%20Wells%20Final%20Guidance%20Document.pdf,Government Report,"Design,Operations","Bathymetry,Sediment,Hydraulics","Hydraulic Equations,Sediment Transport Analysis,Frequency Analysis","Flood risk,Operations","Sand,Silt,Clay,Suspended","Emergency Spillway,Reservoir release",Not Applicable,Not Applicable,Not Applicable,Yes,Flood,Not Applicable,"LouisiaNot Applicable,Mississippi","Land Management,Flood diversion","Urban,Wetlands","Deltas,Regulated rivers"
E00493,L0170,wilder-dam,Wilder Dam,Framework for control of dynamic ice breakup by river regulation,1989,"Ferrick, MG, Mulherin, ND",https://hdl.handle.net/11681/9058,ERDC TN,"Planning,Operations,Analysis",Hydraulics,Hydraulic Modeling,"Flood risk,Operations",Not Applicable,Not Applicable,Not Applicable,Not Applicable,Not Applicable,Not Applicable,Structure failure,Ice,"Vermont,New Hampshire",Flood diversion,Not Applicable,Regulated rivers
E00494,L0170,connecticut-river-at-sugar-river,Connecticut River at Sugar River,Framework for control of dynamic ice breakup by river regulation,1989,"Ferrick, MG, Mulherin, ND",https://hdl.handle.net/11681/9058,ERDC TN,"Planning,Operations,Analysis",Hydraulics,Hydraulic Modeling,"Flood risk,Operations",Not Applicable,Not Applicable,Not Applicable,Not Applicable,Not Applicable,Not Applicable,Structure failure,Ice,"Vermont,New Hampshire",Flood diversion,Not Applicable,Regulated rivers
E00495,L0171,,Medicine Tree Creek,"A synthesis of post-fire road treatments for BAER teams: methods, treatment effectiveness, and decision-making tools for rehabilitation",2009,"Foltz, RB, Robichaud, PR, Rhee, H",https://doi.org/10.2737/RMRS-GTR-228,Government Report,"Planning,Design,Operations,Maintenance","Sediment,Hydraulics","Hydraulic Modeling,Regression","Flood risk,Maintenance,Operations","Suspended,Bedload","Debris,Erosion",Not Applicable,Not Applicable,Not Applicable,Yes,"Flood,Structure failure","Debris flow,wildfire",MontaNot Applicable,"Land Management,Deposition control",Forestry,Mountain torrents
E00496,L0171,bitterroot-national-forest,Bitterroot National Forest,"A synthesis of post-fire road treatments for BAER teams: methods, treatment effectiveness, and decision-making tools for rehabilitation",2009,"Foltz, RB, Robichaud, PR, Rhee, H",https://doi.org/10.2737/RMRS-GTR-228,Government Report,"Planning,Design,Operations,Maintenance","Sediment,Hydraulics","Hydraulic Modeling,Regression","Flood risk,Maintenance,Operations","Suspended,Bedload","Debris,Erosion",Not Applicable,Not Applicable,Not Applicable,Yes,"Flood,Structure failure","Debris flow,wildfire",MontaNot Applicable,"Land Management,Deposition control",Forestry,Mountain torrents
E00497,L0171,,Doran Creek,"A synthesis of post-fire road treatments for BAER teams: methods, treatment effectiveness, and decision-making tools for rehabilitation",2009,"Foltz, RB, Robichaud, PR, Rhee, H",https://doi.org/10.2737/RMRS-GTR-228,Government Report,"Planning,Design,Operations,Maintenance","Sediment,Hydraulics","Hydraulic Modeling,Regression","Flood risk,Maintenance,Operations","Suspended,Bedload","Debris,Erosion",Not Applicable,Not Applicable,Not Applicable,Yes,"Flood,Structure failure","Debris flow,wildfire",MontaNot Applicable,"Land Management,Deposition control",Forestry,Mountain torrents
E00498,L0171,,Laird Creek,"A synthesis of post-fire road treatments for BAER teams: methods, treatment effectiveness, and decision-making tools for rehabilitation",2009,"Foltz, RB, Robichaud, PR, Rhee, H",https://doi.org/10.2737/RMRS-GTR-228,Government Report,"Planning,Design,Operations,Maintenance","Sediment,Hydraulics","Hydraulic Modeling,Regression","Flood risk,Maintenance,Operations","Suspended,Bedload","Debris,Erosion",Not Applicable,Not Applicable,Not Applicable,Yes,"Flood,Structure failure","Debris flow,wildfire",MontaNot Applicable,"Land Management,Deposition control",Forestry,Mountain torrents
E00499,L0171,,Reimel Creek,"A synthesis of post-fire road treatments for BAER teams: methods, treatment effectiveness, and decision-making tools for rehabilitation",2009,"Foltz, RB, Robichaud, PR, Rhee, H",https://doi.org/10.2737/RMRS-GTR-228,Government Report,"Planning,Design,Operations,Maintenance","Sediment,Hydraulics","Hydraulic Modeling,Regression","Flood risk,Maintenance,Operations","Suspended,Bedload","Debris,Erosion",Not Applicable,Not Applicable,Not Applicable,Yes,"Flood,Structure failure","Debris flow,wildfire",MontaNot Applicable,"Land Management,Deposition control",Forestry,Mountain torrents
E00500,L0171,,Cameron Creek,"A synthesis of post-fire road treatments for BAER teams: methods, treatment effectiveness, and decision-making tools for rehabilitation",2009,"Foltz, RB, Robichaud, PR, Rhee, H",https://doi.org/10.2737/RMRS-GTR-228,Government Report,"Planning,Design,Operations,Maintenance","Sediment,Hydraulics","Hydraulic Modeling,Regression","Flood risk,Maintenance,Operations","Suspended,Bedload","Debris,Erosion",Not Applicable,Not Applicable,Not Applicable,Yes,"Flood,Structure failure","Debris flow,wildfire",MontaNot Applicable,"Land Management,Deposition control",Forestry,Mountain torrents
E00501,L0171,,Warm Spring Creek,"A synthesis of post-fire road treatments for BAER teams: methods, treatment effectiveness, and decision-making tools for rehabilitation",2009,"Foltz, RB, Robichaud, PR, Rhee, H",https://doi.org/10.2737/RMRS-GTR-228,Government Report,"Planning,Design,Operations,Maintenance","Sediment,Hydraulics","Hydraulic Modeling,Regression","Flood risk,Maintenance,Operations","Suspended,Bedload","Debris,Erosion",Not Applicable,Not Applicable,Not Applicable,Yes,"Flood,Structure failure","Debris flow,wildfire",MontaNot Applicable,"Land Management,Deposition control",Forestry,Mountain torrents
E00502,L0172,snake-river-watershed,Snake River Watershed,Enhanced Sediment Delivery to large basins in a Changing Climate: Implications for management and habitat,2011,"Goode, JR, Luce, C, Buffington, JM",https://doi.org/10.1016/j.geomorph.2011.06.021,Journal Article,Analysis,"Sediment,Hydraulics","Ecological modeling,Regression",Watershed planning,"Gravel,Sand,Rock,Silt,Clay","Debris,Erosion",Yes,Yes,Yes,Yes,"Flood,drought,Structure failure","Debris flow,Wildfire",Idaho,"Sediment release,Land Management",Forestry,"Mountain torrents,Regulated Rivers"
E00503,L0172,middle-fork-salmon-river,Middle Fork Salmon River,Enhanced Sediment Delivery to large basins in a Changing Climate: Implications for management and habitat,2011,"Goode, JR, Luce, C, Buffington, JM",https://doi.org/10.1016/j.geomorph.2011.06.021,Journal Article,Analysis,"Sediment,Hydraulics","Ecological modeling,Regression",Watershed planning,"Gravel,Sand,Rock,Silt,Clay","Debris,Erosion",Yes,Yes,Yes,Yes,"Flood,drought,Structure failure","Debris flow,Wildfire",Idaho,"Sediment release,Land Management",Forestry,"Mountain torrents,Regulated Rivers"
E00504,L0172,south-fork-salmon-river,South Fork Salmon River,Enhanced Sediment Delivery to large basins in a Changing Climate: Implications for management and habitat,2011,"Goode, JR, Luce, C, Buffington, JM",https://doi.org/10.1016/j.geomorph.2011.06.021,Journal Article,Analysis,"Sediment,Hydraulics","Ecological modeling,Regression",Watershed planning,"Gravel,Sand,Rock,Silt,Clay","Debris,Erosion",Yes,Yes,Yes,Yes,"Flood,drought,Structure failure","Debris flow,Wildfire",Idaho,"Sediment release,Land Management",Forestry,"Mountain torrents,Regulated Rivers"
E00505,L0173,,Mississippi River at Thebes,Estimating sediment discharge,2008,"Gray, JR, Simões, JM",https://doi.org/10.1061/9780784408148.apd,Design Manual,"Design,Reporting,Analysis","Water Quality,Sediment,Hydraulics","Hydraulic Equations,Frequency Analysis,Regression",Operations,"Gravel,Sand,Suspended,Bedload,Silt,Clay","Suspended,Erosion",Not Applicable,Not Applicable,Not Applicable,Not Applicable,Not Applicable,Not Applicable,USA,Sediment release,Not Applicable,Not Applicable
E00506,L0173,,IL,Estimating sediment discharge,2008,"Gray, JR, Simões, JM",https://doi.org/10.1061/9780784408148.apd,Design Manual,"Design,Reporting,Analysis","Water Quality,Sediment,Hydraulics","Hydraulic Equations,Frequency Analysis,Regression",Operations,"Gravel,Sand,Suspended,Bedload,Silt,Clay","Suspended,Erosion",Not Applicable,Not Applicable,Not Applicable,Not Applicable,Not Applicable,Not Applicable,USA,Sediment release,Not Applicable,Not Applicable
E00507,L0173,,Missouri River at Hermann,Estimating sediment discharge,2008,"Gray, JR, Simões, JM",https://doi.org/10.1061/9780784408148.apd,Design Manual,"Design,Reporting,Analysis","Water Quality,Sediment,Hydraulics","Hydraulic Equations,Frequency Analysis,Regression",Operations,"Gravel,Sand,Suspended,Bedload,Silt,Clay","Suspended,Erosion",Not Applicable,Not Applicable,Not Applicable,Not Applicable,Not Applicable,Not Applicable,USA,Sediment release,Not Applicable,Not Applicable
E00508,L0173,missouri,Missouri,Estimating sediment discharge,2008,"Gray, JR, Simões, JM",https://doi.org/10.1061/9780784408148.apd,Design Manual,"Design,Reporting,Analysis","Water Quality,Sediment,Hydraulics","Hydraulic Equations,Frequency Analysis,Regression",Operations,"Gravel,Sand,Suspended,Bedload,Silt,Clay","Suspended,Erosion",Not Applicable,Not Applicable,Not Applicable,Not Applicable,Not Applicable,Not Applicable,USA,Sediment release,Not Applicable,Not Applicable
E00509,L0173,,Mississippi River below Grafton,Estimating sediment discharge,2008,"Gray, JR, Simões, JM",https://doi.org/10.1061/9780784408148.apd,Design Manual,"Design,Reporting,Analysis","Water Quality,Sediment,Hydraulics","Hydraulic Equations,Frequency Analysis,Regression",Operations,"Gravel,Sand,Suspended,Bedload,Silt,Clay","Suspended,Erosion",Not Applicable,Not Applicable,Not Applicable,Not Applicable,Not Applicable,Not Applicable,USA,Sediment release,Not Applicable,Not Applicable
E00510,L0173,,Colorado River near Grand Canyon,Estimating sediment discharge,2008,"Gray, JR, Simões, JM",https://doi.org/10.1061/9780784408148.apd,Design Manual,"Design,Reporting,Analysis","Water Quality,Sediment,Hydraulics","Hydraulic Equations,Frequency Analysis,Regression",Operations,"Gravel,Sand,Suspended,Bedload,Silt,Clay","Suspended,Erosion",Not Applicable,Not Applicable,Not Applicable,Not Applicable,Not Applicable,Not Applicable,USA,Sediment release,Not Applicable,Not Applicable
E00511,L0173,,AZ,Estimating sediment discharge,2008,"Gray, JR, Simões, JM",https://doi.org/10.1061/9780784408148.apd,Design Manual,"Design,Reporting,Analysis","Water Quality,Sediment,Hydraulics","Hydraulic Equations,Frequency Analysis,Regression",Operations,"Gravel,Sand,Suspended,Bedload,Silt,Clay","Suspended,Erosion",Not Applicable,Not Applicable,Not Applicable,Not Applicable,Not Applicable,Not Applicable,USA,Sediment release,Not Applicable,Not Applicable
E00512,L0173,,Eel River at Scotia,Estimating sediment discharge,2008,"Gray, JR, Simões, JM",https://doi.org/10.1061/9780784408148.apd,Design Manual,"Design,Reporting,Analysis","Water Quality,Sediment,Hydraulics","Hydraulic Equations,Frequency Analysis,Regression",Operations,"Gravel,Sand,Suspended,Bedload,Silt,Clay","Suspended,Erosion",Not Applicable,Not Applicable,Not Applicable,Not Applicable,Not Applicable,Not Applicable,USA,Sediment release,Not Applicable,Not Applicable
E00513,L0173,,CA,Estimating sediment discharge,2008,"Gray, JR, Simões, JM",https://doi.org/10.1061/9780784408148.apd,Design Manual,"Design,Reporting,Analysis","Water Quality,Sediment,Hydraulics","Hydraulic Equations,Frequency Analysis,Regression",Operations,"Gravel,Sand,Suspended,Bedload,Silt,Clay","Suspended,Erosion",Not Applicable,Not Applicable,Not Applicable,Not Applicable,Not Applicable,Not Applicable,USA,Sediment release,Not Applicable,Not Applicable
E00514,L0173,,Colorado River near Supai,Estimating sediment discharge,2008,"Gray, JR, Simões, JM",https://doi.org/10.1061/9780784408148.apd,Design Manual,"Design,Reporting,Analysis","Water Quality,Sediment,Hydraulics","Hydraulic Equations,Frequency Analysis,Regression",Operations,"Gravel,Sand,Suspended,Bedload,Silt,Clay","Suspended,Erosion",Not Applicable,Not Applicable,Not Applicable,Not Applicable,Not Applicable,Not Applicable,USA,Sediment release,Not Applicable,Not Applicable
E00515,L0174,elbow-river,Elbow River,Formation of a Coarse Surface Layer as the Response to Gravel Mobility,1987,"Andrews, ED, Parker, G",https://erdclibrary.on.worldcat.org/oclc/13946572,Book,Analysis,"Sediment,Hydraulics","Hydraulic Equations,Laboratory,Regression",Not Applicable,"Gravel,Bedload",Erosion,Not Applicable,Not Applicable,Not Applicable,Not Applicable,Not Applicable,Not Applicable,Worldwide,Sediment release,"Urban,forestry",Not Applicable
E00516,L0174,sagehen-creek,Sagehen Creek,Formation of a Coarse Surface Layer as the Response to Gravel Mobility,1987,"Andrews, ED, Parker, G",https://erdclibrary.on.worldcat.org/oclc/13946572,Book,Analysis,"Sediment,Hydraulics","Hydraulic Equations,Laboratory,Regression",Not Applicable,"Gravel,Bedload",Erosion,Not Applicable,Not Applicable,Not Applicable,Not Applicable,Not Applicable,Not Applicable,Worldwide,Sediment release,"Urban,forestry",Not Applicable
E00517,L0174,oak-creek,Oak Creek,Formation of a Coarse Surface Layer as the Response to Gravel Mobility,1987,"Andrews, ED, Parker, G",https://erdclibrary.on.worldcat.org/oclc/13946572,Book,Analysis,"Sediment,Hydraulics","Hydraulic Equations,Laboratory,Regression",Not Applicable,"Gravel,Bedload",Erosion,Not Applicable,Not Applicable,Not Applicable,Not Applicable,Not Applicable,Not Applicable,Worldwide,Sediment release,"Urban,forestry",Not Applicable
E00518,L0174,turkey-brook,Turkey Brook,Formation of a Coarse Surface Layer as the Response to Gravel Mobility,1987,"Andrews, ED, Parker, G",https://erdclibrary.on.worldcat.org/oclc/13946572,Book,Analysis,"Sediment,Hydraulics","Hydraulic Equations,Laboratory,Regression",Not Applicable,"Gravel,Bedload",Erosion,Not Applicable,Not Applicable,Not Applicable,Not Applicable,Not Applicable,Not Applicable,Worldwide,Sediment release,"Urban,forestry",Not Applicable
E00519,L0174,ohau-river-ohau-river,Ōhau River (Ohau River),Formation of a Coarse Surface Layer as the Response to Gravel Mobility,1987,"Andrews, ED, Parker, G",https://erdclibrary.on.worldcat.org/oclc/13946572,Book,Analysis,"Sediment,Hydraulics","Hydraulic Equations,Laboratory,Regression",Not Applicable,"Gravel,Bedload",Erosion,Not Applicable,Not Applicable,Not Applicable,Not Applicable,Not Applicable,Not Applicable,Worldwide,Sediment release,"Urban,forestry",Not Applicable
E00520,L0174,savage-river-reservoir-savage-river-dam,Savage River Reservoir (Savage River Dam),Formation of a Coarse Surface Layer as the Response to Gravel Mobility,1987,"Andrews, ED, Parker, G",https://erdclibrary.on.worldcat.org/oclc/13946572,Book,Analysis,"Sediment,Hydraulics","Hydraulic Equations,Laboratory,Regression",Not Applicable,"Gravel,Bedload",Erosion,Not Applicable,Not Applicable,Not Applicable,Not Applicable,Not Applicable,Not Applicable,Worldwide,Sediment release,"Urban,forestry",Not Applicable
E00521,L0175,gavins-point-dam,Gavins Point Dam,Using HEC-WAT and HEC-RAS Sediment to Evaluate the Effect of Hydrologic Uncertainty on Bed Evolution,2019,"Gibson, S, Lehman, W, Koohafkan, M, Pridal, D",https://www.sedhyd.org/past/SEDHYD_Proceedings_2019_Volume2r.pdf,Conference Paper,"Reporting,Analysis","Bathymetry,Sediment,Hydraulics","Sediment Transport Modeling,Frequency Analysis",Flood risk,"Suspended,Bedload","Reservoir pool,Reservoir release,Suspended,Erosion",Not Applicable,Not Applicable,Not Applicable,Yes,"Flood,Structure Failure",Not Applicable,South Dakota,"Sediment Release,Flood diversion,Deposition Control",Not Applicable,Regulated rivers
E00522,L0175,fort-randall-dam,Fort Randall Dam,Using HEC-WAT and HEC-RAS Sediment to Evaluate the Effect of Hydrologic Uncertainty on Bed Evolution,2019,"Gibson, S, Lehman, W, Koohafkan, M, Pridal, D",https://www.sedhyd.org/past/SEDHYD_Proceedings_2019_Volume2r.pdf,Conference Paper,"Reporting,Analysis","Bathymetry,Sediment,Hydraulics","Sediment Transport Modeling,Frequency Analysis",Flood risk,"Suspended,Bedload","Reservoir pool,Reservoir release,Suspended,Erosion",Not Applicable,Not Applicable,Not Applicable,Yes,"Flood,Structure Failure",Not Applicable,South Dakota,"Sediment Release,Flood diversion,Deposition Control",Not Applicable,Regulated rivers
E00523,L0176,,Missouri River at Sioux City,Verification of Bedload Transport Formula at the Sub-Cross-Section Scale,2016,"Abraham, D, Shelley, J, McAlpin, T, May, D, Adenihun, J",https://www.worldcat.org/title/river-flow-2016-proceedings-of-the-international-conference-on-fluvial-hydralics-river-flow-2016-st-louis-usa-11-14-july-2016/oclc/1003204237,Conference Paper,"Reporting,Analysis","Bathymetry,Sediment,Hydraulics","Hydraulic Modeling,Sediment Transport Modeling,Regression",Operations,"Sand,Bedload,Suspended","Suspended,Erosion",Not Applicable,Not Applicable,Not Applicable,Not Applicable,Not Applicable,Not Applicable,"Iowa,Nebraska,Missouri,Kansas","Sediment release,Deposition control",Urban,Regulated rivers
E00524,L0176,iowa,Iowa,Verification of Bedload Transport Formula at the Sub-Cross-Section Scale,2016,"Abraham, D, Shelley, J, McAlpin, T, May, D, Adenihun, J",https://www.worldcat.org/title/river-flow-2016-proceedings-of-the-international-conference-on-fluvial-hydralics-river-flow-2016-st-louis-usa-11-14-july-2016/oclc/1003204237,Conference Paper,"Reporting,Analysis","Bathymetry,Sediment,Hydraulics","Hydraulic Modeling,Sediment Transport Modeling,Regression",Operations,"Sand,Bedload,Suspended","Suspended,Erosion",Not Applicable,Not Applicable,Not Applicable,Not Applicable,Not Applicable,Not Applicable,"Iowa,Nebraska,Missouri,Kansas","Sediment release,Deposition control",Urban,Regulated rivers
E00525,L0176,,Missouri River at Omaha,Verification of Bedload Transport Formula at the Sub-Cross-Section Scale,2016,"Abraham, D, Shelley, J, McAlpin, T, May, D, Adenihun, J",https://www.worldcat.org/title/river-flow-2016-proceedings-of-the-international-conference-on-fluvial-hydralics-river-flow-2016-st-louis-usa-11-14-july-2016/oclc/1003204237,Conference Paper,"Reporting,Analysis","Bathymetry,Sediment,Hydraulics","Hydraulic Modeling,Sediment Transport Modeling,Regression",Operations,"Sand,Bedload,Suspended","Suspended,Erosion",Not Applicable,Not Applicable,Not Applicable,Not Applicable,Not Applicable,Not Applicable,"Iowa,Nebraska,Missouri,Kansas","Sediment release,Deposition control",Urban,Regulated rivers
E00526,L0176,,Nebraska,Verification of Bedload Transport Formula at the Sub-Cross-Section Scale,2016,"Abraham, D, Shelley, J, McAlpin, T, May, D, Adenihun, J",https://www.worldcat.org/title/river-flow-2016-proceedings-of-the-international-conference-on-fluvial-hydralics-river-flow-2016-st-louis-usa-11-14-july-2016/oclc/1003204237,Conference Paper,"Reporting,Analysis","Bathymetry,Sediment,Hydraulics","Hydraulic Modeling,Sediment Transport Modeling,Regression",Operations,"Sand,Bedload,Suspended","Suspended,Erosion",Not Applicable,Not Applicable,Not Applicable,Not Applicable,Not Applicable,Not Applicable,"Iowa,Nebraska,Missouri,Kansas","Sediment release,Deposition control",Urban,Regulated rivers
E00527,L0176,,Missouri River at Nebraska City,Verification of Bedload Transport Formula at the Sub-Cross-Section Scale,2016,"Abraham, D, Shelley, J, McAlpin, T, May, D, Adenihun, J",https://www.worldcat.org/title/river-flow-2016-proceedings-of-the-international-conference-on-fluvial-hydralics-river-flow-2016-st-louis-usa-11-14-july-2016/oclc/1003204237,Conference Paper,"Reporting,Analysis","Bathymetry,Sediment,Hydraulics","Hydraulic Modeling,Sediment Transport Modeling,Regression",Operations,"Sand,Bedload,Suspended","Suspended,Erosion",Not Applicable,Not Applicable,Not Applicable,Not Applicable,Not Applicable,Not Applicable,"Iowa,Nebraska,Missouri,Kansas","Sediment release,Deposition control",Urban,Regulated rivers
E00528,L0176,,Missouri River at St. Joseph,Verification of Bedload Transport Formula at the Sub-Cross-Section Scale,2016,"Abraham, D, Shelley, J, McAlpin, T, May, D, Adenihun, J",https://www.worldcat.org/title/river-flow-2016-proceedings-of-the-international-conference-on-fluvial-hydralics-river-flow-2016-st-louis-usa-11-14-july-2016/oclc/1003204237,Conference Paper,"Reporting,Analysis","Bathymetry,Sediment,Hydraulics","Hydraulic Modeling,Sediment Transport Modeling,Regression",Operations,"Sand,Bedload,Suspended","Suspended,Erosion",Not Applicable,Not Applicable,Not Applicable,Not Applicable,Not Applicable,Not Applicable,"Iowa,Nebraska,Missouri,Kansas","Sediment release,Deposition control",Urban,Regulated rivers
E00529,L0176,missouri,Missouri,Verification of Bedload Transport Formula at the Sub-Cross-Section Scale,2016,"Abraham, D, Shelley, J, McAlpin, T, May, D, Adenihun, J",https://www.worldcat.org/title/river-flow-2016-proceedings-of-the-international-conference-on-fluvial-hydralics-river-flow-2016-st-louis-usa-11-14-july-2016/oclc/1003204237,Conference Paper,"Reporting,Analysis","Bathymetry,Sediment,Hydraulics","Hydraulic Modeling,Sediment Transport Modeling,Regression",Operations,"Sand,Bedload,Suspended","Suspended,Erosion",Not Applicable,Not Applicable,Not Applicable,Not Applicable,Not Applicable,Not Applicable,"Iowa,Nebraska,Missouri,Kansas","Sediment release,Deposition control",Urban,Regulated rivers
E00530,L0176,,Missouri River at Kansas City,Verification of Bedload Transport Formula at the Sub-Cross-Section Scale,2016,"Abraham, D, Shelley, J, McAlpin, T, May, D, Adenihun, J",https://www.worldcat.org/title/river-flow-2016-proceedings-of-the-international-conference-on-fluvial-hydralics-river-flow-2016-st-louis-usa-11-14-july-2016/oclc/1003204237,Conference Paper,"Reporting,Analysis","Bathymetry,Sediment,Hydraulics","Hydraulic Modeling,Sediment Transport Modeling,Regression",Operations,"Sand,Bedload,Suspended","Suspended,Erosion",Not Applicable,Not Applicable,Not Applicable,Not Applicable,Not Applicable,Not Applicable,"Iowa,Nebraska,Missouri,Kansas","Sediment release,Deposition control",Urban,Regulated rivers
E00531,L0176,,Kansas,Verification of Bedload Transport Formula at the Sub-Cross-Section Scale,2016,"Abraham, D, Shelley, J, McAlpin, T, May, D, Adenihun, J",https://www.worldcat.org/title/river-flow-2016-proceedings-of-the-international-conference-on-fluvial-hydralics-river-flow-2016-st-louis-usa-11-14-july-2016/oclc/1003204237,Conference Paper,"Reporting,Analysis","Bathymetry,Sediment,Hydraulics","Hydraulic Modeling,Sediment Transport Modeling,Regression",Operations,"Sand,Bedload,Suspended","Suspended,Erosion",Not Applicable,Not Applicable,Not Applicable,Not Applicable,Not Applicable,Not Applicable,"Iowa,Nebraska,Missouri,Kansas","Sediment release,Deposition control",Urban,Regulated rivers
E00532,L0176,,Missouri River at Waverly,Verification of Bedload Transport Formula at the Sub-Cross-Section Scale,2016,"Abraham, D, Shelley, J, McAlpin, T, May, D, Adenihun, J",https://www.worldcat.org/title/river-flow-2016-proceedings-of-the-international-conference-on-fluvial-hydralics-river-flow-2016-st-louis-usa-11-14-july-2016/oclc/1003204237,Conference Paper,"Reporting,Analysis","Bathymetry,Sediment,Hydraulics","Hydraulic Modeling,Sediment Transport Modeling,Regression",Operations,"Sand,Bedload,Suspended","Suspended,Erosion",Not Applicable,Not Applicable,Not Applicable,Not Applicable,Not Applicable,Not Applicable,"Iowa,Nebraska,Missouri,Kansas","Sediment release,Deposition control",Urban,Regulated rivers
E00533,L0177,,Mississippi River at St. Louis,Specific Gage Analyses of Stage Trends on the Middle Mississippi River,2010,"Watson, CC, Biedenharn, DS",https://primo.lib.umn.edu/permalink/01UMN_INST/ijl1rs/alma9958341260001701,Conference Paper,"Reporting,Analysis",Hydraulics,"Frequency Analysis,Regression",Flood risk,Not Applicable,Not Applicable,Not Applicable,Not Applicable,Not Applicable,Not Applicable,"Flood,drought",Not Applicable,Missouri,Flood diversion,Urban,Regulated rivers
E00534,L0177,,MO gage,Specific Gage Analyses of Stage Trends on the Middle Mississippi River,2010,"Watson, CC, Biedenharn, DS",https://primo.lib.umn.edu/permalink/01UMN_INST/ijl1rs/alma9958341260001701,Conference Paper,"Reporting,Analysis",Hydraulics,"Frequency Analysis,Regression",Flood risk,Not Applicable,Not Applicable,Not Applicable,Not Applicable,Not Applicable,Not Applicable,"Flood,drought",Not Applicable,Missouri,Flood diversion,Urban,Regulated rivers
E00535,L0178,,Tuttle Creek Dam,Modeling Long Term Alternatives for Sustainable Sediment Management Using Operational Sediment Transport Rules,2014,"Gibson, S, Boyd, P",https://doi.org/10.1201/b17397,Book,"Operations,Analysis","Bathymetry,Sediment,Hydraulics","Hydraulic Modeling,Sediment Transport Modeling,Frequency Analysis",Operations,"Sand,Suspended,Bedload","Reservoir pool,Reservoir release",Not Applicable,Not Applicable,Not Applicable,Not Applicable,Not Applicable,Not Applicable,"Kansas,South Dakota","Sediment release,Flood diversion,Deposition control",Agriculture,Regulated Rivers
E00536,L0178,gavins-point-dam,Gavins Point Dam,Modeling Long Term Alternatives for Sustainable Sediment Management Using Operational Sediment Transport Rules,2014,"Gibson, S, Boyd, P",https://doi.org/10.1201/b17397,Book,"Operations,Analysis","Bathymetry,Sediment,Hydraulics","Hydraulic Modeling,Sediment Transport Modeling,Frequency Analysis",Operations,"Sand,Suspended,Bedload","Reservoir pool,Reservoir release",Not Applicable,Not Applicable,Not Applicable,Not Applicable,Not Applicable,Not Applicable,"Kansas,South Dakota","Sediment release,Flood diversion,Deposition control",Agriculture,Regulated Rivers
E00537,L0179,amboseli-national-park,Amboseli National Park,Water in environmental planning,1978,"Dunne, T, Leopold, LB",https://www.worldcat.org/title/611295026,Book,Planning,"Bathymetry,Water Quality,Sediment,Ecological,Public Participation,Hydraulics",Not Applicable,"Flood risk,economics,watershed planning,Maintenance,Operations",Not Applicable,Not Applicable,Yes,Yes,Yes,Yes,"Flood,drought,Structure failure,Adaptive MaNot Applicablegement","Debris flow,Ice,Landslide",Worldwide,Not Applicable,"Urban,forestry,multi-use,Upland,Island,Wetlands,Beach,Lowland,Agriculture","Mountain torrents,Alluvial fans,Braided rivers,Meandering rivers,Modified streams,Regulated rivers,Deltas"
E00538,L0179,venice,Venice,Water in environmental planning,1978,"Dunne, T, Leopold, LB",https://www.worldcat.org/title/611295026,Book,Planning,"Bathymetry,Water Quality,Sediment,Ecological,Public Participation,Hydraulics",Not Applicable,"Flood risk,economics,watershed planning,Maintenance,Operations",Not Applicable,Not Applicable,Yes,Yes,Yes,Yes,"Flood,drought,Structure failure,Adaptive MaNot Applicablegement","Debris flow,Ice,Landslide",Worldwide,Not Applicable,"Urban,forestry,multi-use,Upland,Island,Wetlands,Beach,Lowland,Agriculture","Mountain torrents,Alluvial fans,Braided rivers,Meandering rivers,Modified streams,Regulated rivers,Deltas"
E00539,L0179,snohomish-river-valley,Snohomish River Valley,Water in environmental planning,1978,"Dunne, T, Leopold, LB",https://www.worldcat.org/title/611295026,Book,Planning,"Bathymetry,Water Quality,Sediment,Ecological,Public Participation,Hydraulics",Not Applicable,"Flood risk,economics,watershed planning,Maintenance,Operations",Not Applicable,Not Applicable,Yes,Yes,Yes,Yes,"Flood,drought,Structure failure,Adaptive MaNot Applicablegement","Debris flow,Ice,Landslide",Worldwide,Not Applicable,"Urban,forestry,multi-use,Upland,Island,Wetlands,Beach,Lowland,Agriculture","Mountain torrents,Alluvial fans,Braided rivers,Meandering rivers,Modified streams,Regulated rivers,Deltas"
E00540,L0179,,Alki Point,Water in environmental planning,1978,"Dunne, T, Leopold, LB",https://www.worldcat.org/title/611295026,Book,Planning,"Bathymetry,Water Quality,Sediment,Ecological,Public Participation,Hydraulics",Not Applicable,"Flood risk,economics,watershed planning,Maintenance,Operations",Not Applicable,Not Applicable,Yes,Yes,Yes,Yes,"Flood,drought,Structure failure,Adaptive MaNot Applicablegement","Debris flow,Ice,Landslide",Worldwide,Not Applicable,"Urban,forestry,multi-use,Upland,Island,Wetlands,Beach,Lowland,Agriculture","Mountain torrents,Alluvial fans,Braided rivers,Meandering rivers,Modified streams,Regulated rivers,Deltas"
E00541,L0179,,Seattle,Water in environmental planning,1978,"Dunne, T, Leopold, LB",https://www.worldcat.org/title/611295026,Book,Planning,"Bathymetry,Water Quality,Sediment,Ecological,Public Participation,Hydraulics",Not Applicable,"Flood risk,economics,watershed planning,Maintenance,Operations",Not Applicable,Not Applicable,Yes,Yes,Yes,Yes,"Flood,drought,Structure failure,Adaptive MaNot Applicablegement","Debris flow,Ice,Landslide",Worldwide,Not Applicable,"Urban,forestry,multi-use,Upland,Island,Wetlands,Beach,Lowland,Agriculture","Mountain torrents,Alluvial fans,Braided rivers,Meandering rivers,Modified streams,Regulated rivers,Deltas"
E00542,L0179,yakima-river,Yakima River,Water in environmental planning,1978,"Dunne, T, Leopold, LB",https://www.worldcat.org/title/611295026,Book,Planning,"Bathymetry,Water Quality,Sediment,Ecological,Public Participation,Hydraulics",Not Applicable,"Flood risk,economics,watershed planning,Maintenance,Operations",Not Applicable,Not Applicable,Yes,Yes,Yes,Yes,"Flood,drought,Structure failure,Adaptive MaNot Applicablegement","Debris flow,Ice,Landslide",Worldwide,Not Applicable,"Urban,forestry,multi-use,Upland,Island,Wetlands,Beach,Lowland,Agriculture","Mountain torrents,Alluvial fans,Braided rivers,Meandering rivers,Modified streams,Regulated rivers,Deltas"
E00543,L0179,brandywine-creek,Brandywine Creek,Water in environmental planning,1978,"Dunne, T, Leopold, LB",https://www.worldcat.org/title/611295026,Book,Planning,"Bathymetry,Water Quality,Sediment,Ecological,Public Participation,Hydraulics",Not Applicable,"Flood risk,economics,watershed planning,Maintenance,Operations",Not Applicable,Not Applicable,Yes,Yes,Yes,Yes,"Flood,drought,Structure failure,Adaptive MaNot Applicablegement","Debris flow,Ice,Landslide",Worldwide,Not Applicable,"Urban,forestry,multi-use,Upland,Island,Wetlands,Beach,Lowland,Agriculture","Mountain torrents,Alluvial fans,Braided rivers,Meandering rivers,Modified streams,Regulated rivers,Deltas"
E00544,L0180,millsite-reservoir,Millsite Reservoir,Sedimentation in reservoirs: Investigating reservoir preservation options and the possibility of implementing water injection dredging in reservoirs,2013,"Bronsvoort, K",https://repository.tudelft.nl/record/uuid:191323c1-b2ec-4d3e-9e28-2958c1ee287c,Thesis,Analysis,"Bathymetry,Sediment","Hydraulic Equations,Regression","Economics,Operations",Silt,"Reservoir pool,Reservoir release",Not Applicable,Not Applicable,Not Applicable,Not Applicable,Not Applicable,Not Applicable,Midelevation Desert,Sediment Release,Agricultural,Not Applicable
E00545,L0181,mrica-reservoir,Mrica Reservoir,Sedimentation in reservoirs: Investigating reservoir preservation options and the possibility of implementing water injection dredging in reservoirs,2013,"Bronsvoort, K",https://repository.tudelft.nl/record/uuid:191323c1-b2ec-4d3e-9e28-2958c1ee287c,Thesis,Analysis,"Bathymetry,Sediment","Hydraulic Equations,Regression","Economics,Operations","Cohesive,Gravel,Sand,Silt,Clay","Reservoir pool,Reservoir release",Not Applicable,Not Applicable,Not Applicable,Not Applicable,Not Applicable,Not Applicable,,Sediment Release,Agricultural,Not Applicable
E00546,L0182,matilija-dam,Matilija Dam,Numerical Modeling of Sediment Migration during Dam Removal,2000,"Greimann, B, Klumpp, C",https://doi.org/10.1061/40517(2000)259,Conference Paper,"Reporting,Analysis","Bathymetry,Water Quality,Ecological,Hydraulics","Hydraulic Equations,Ecological Modeling,Sediment Transport Modeling,Regression","Flood risk,watershed planning","Gravel,Sand,Bedload","Reservoir pool,Reservoir release",Yes,Yes,Yes,Not Applicable,Flood,Not Applicable,California,Dam Removal,Not Applicable,Not Applicable
E00547,L0182,battle-creek,Battle Creek,Numerical Modeling of Sediment Migration during Dam Removal,2000,"Greimann, B, Klumpp, C",https://doi.org/10.1061/40517(2000)259,Conference Paper,"Reporting,Analysis","Bathymetry,Water Quality,Ecological,Hydraulics","Hydraulic Equations,Ecological Modeling,Sediment Transport Modeling,Regression","Flood risk,watershed planning","Gravel,Sand,Bedload","Reservoir pool,Reservoir release",Yes,Yes,Yes,Not Applicable,Flood,Not Applicable,California,Dam Removal,Not Applicable,Not Applicable
E00548,L0183,campbell-creek,Campbell Creek,Channel Assessment Tools for Rapid Watershed Assessment,2021,"Haring, CH, Biedenharn, DW",https://dx.doi.org/10.21079/11681/40379,ERDC TN,"Design,Operations,Analysis","Bathymetry,Hydraulics","Frequency Analysis,Regression",Watershed planning,Clay,Erosion,Not Applicable,Not Applicable,Not Applicable,Not Applicable,Flood,Not Applicable,Mississippi,"Sediment release,Land Management",Not Applicable,Modified streams
E00549,L0184,illinois-river,Illinois River,Rapid Watershed Assessment Planning Tools Based on High-Resolution Terrain Analysis,2020,"Haring, CH, Theiling, CH, Dougherty, MP",https://dx.doi.org/10.21079/11681/36714,ERDC TN,"Planning,Reporting,Analysis","Bathymetry,Hydraulics",Not Applicable,Watershed planning,Not Applicable,"Bank erosion,Erosion",Not Applicable,Not Applicable,Not Applicable,Yes,Flood,Not Applicable,Illinois,Land Management,multi-use,Regulated rivers
E00550,L0185,barren-fork-creek,Barren Fork Creek,"Comparison of Linear and Nonlinear Models for Cohesive Sediment Detachment: Rill Erosion, Hole Erosion Test, and Streambank Erosion Studies",2015,"Khanal, A, Klavaon, KR, Fox, GA, Daly, ER",https://doi.org/10.1061/(ASCE)HY.1943-7900.0001147,Journal Article,"Reporting,Analysis","Sediment,Hydraulics","Laboratory Analysis,Frequency Analysis,Regression",Not Applicable,"Cohesive,Sand,Silt,Clay",Bank erosion,Not Applicable,Not Applicable,Not Applicable,Not Applicable,Structure failure,Not Applicable,Oklahoma,sediment release,Not Applicable,Cohesive channels
E00551,L0186,kickapoo-creek,Kickapoo Creek,Sediment acoustic index method for computing continuous suspended-sediment concentrations,2016,"Landers, MN, Straub, TD, Wood, MS, Domanski, MM",http://dx.doi.org/10.3133/tm3C5,Government Report,"Design,Reporting,Analysis","Water Quality,Sediment","Frequency Analysis,Regression",Not Applicable,Suspended,Suspended,Not Applicable,Not Applicable,Not Applicable,Not Applicable,Not Applicable,Not Applicable,"Illinois,Idaho,Texas,New York",sediment release,agriculture,Not Applicable
E00552,L0186,clearwater-river,Clearwater River,Sediment acoustic index method for computing continuous suspended-sediment concentrations,2016,"Landers, MN, Straub, TD, Wood, MS, Domanski, MM",http://dx.doi.org/10.3133/tm3C5,Government Report,"Design,Reporting,Analysis","Water Quality,Sediment","Frequency Analysis,Regression",Not Applicable,Suspended,Suspended,Not Applicable,Not Applicable,Not Applicable,Not Applicable,Not Applicable,Not Applicable,"Illinois,Idaho,Texas,New York",sediment release,agriculture,Not Applicable
E00553,L0186,west-fork-double-bayou,West Fork Double Bayou,Sediment acoustic index method for computing continuous suspended-sediment concentrations,2016,"Landers, MN, Straub, TD, Wood, MS, Domanski, MM",http://dx.doi.org/10.3133/tm3C5,Government Report,"Design,Reporting,Analysis","Water Quality,Sediment","Frequency Analysis,Regression",Not Applicable,Suspended,Suspended,Not Applicable,Not Applicable,Not Applicable,Not Applicable,Not Applicable,Not Applicable,"Illinois,Idaho,Texas,New York",sediment release,agriculture,Not Applicable
E00554,L0186,spoon-river,Spoon River,Sediment acoustic index method for computing continuous suspended-sediment concentrations,2016,"Landers, MN, Straub, TD, Wood, MS, Domanski, MM",http://dx.doi.org/10.3133/tm3C5,Government Report,"Design,Reporting,Analysis","Water Quality,Sediment","Frequency Analysis,Regression",Not Applicable,Suspended,Suspended,Not Applicable,Not Applicable,Not Applicable,Not Applicable,Not Applicable,Not Applicable,"Illinois,Idaho,Texas,New York",sediment release,agriculture,Not Applicable
E00555,L0186,hudson-river,Hudson River,Sediment acoustic index method for computing continuous suspended-sediment concentrations,2016,"Landers, MN, Straub, TD, Wood, MS, Domanski, MM",http://dx.doi.org/10.3133/tm3C5,Government Report,"Design,Reporting,Analysis","Water Quality,Sediment","Frequency Analysis,Regression",Not Applicable,Suspended,Suspended,Not Applicable,Not Applicable,Not Applicable,Not Applicable,Not Applicable,Not Applicable,"Illinois,Idaho,Texas,New York",sediment release,agriculture,Not Applicable
E00556,L0187,yazoo-river-watersheds,Yazoo River watersheds,Sediment Management at the Watershed Level,2012,"Leech, JR, Biedenharn, DS",https://hdl.handle.net/11681/2025,ERDC TN,"Planning,Reporting","Bathymetry,Sediment,Hydraulics",Not Applicable,watershed planning,"Suspended,Bedload,Silt,Clay","Bank erosion,Suspended,Erosion",Not Applicable,Not Applicable,Not Applicable,Not Applicable,Flood,Not Applicable,Mississippi,"Sediment release,Land Management,Deposition Control",Not Applicable,Meandering rivers
E00557,L0188,west-bay-sediment-diversion-wbsd,West Bay Sediment Diversion (WBSD),River diversions and shoaling,2008,"Letter, JV, Pinkard Jr., CF, Raphelt, NA",https://hdl.handle.net/11681/2036,ERDC TN,"Planning,Operations,Analysis","Bathymetry,Sediment,Hydraulics","Hydraulic Equations,Sediment Transport Modeling","Flood risk,Operations","Suspended,Bedload","Suspended,Emergency spillway,Dredging",Not Applicable,Not Applicable,Not Applicable,Yes,"Flood,Structure failure",Not Applicable,LouisiaNot Applicable,"Sediment release,Land Management,Flood diversion,Deposition control",Wetlands,Deltas
E00558,L0188,benny-s-bay-diversion,Benny’s Bay Diversion,River diversions and shoaling,2008,"Letter, JV, Pinkard Jr., CF, Raphelt, NA",https://hdl.handle.net/11681/2036,ERDC TN,"Planning,Operations,Analysis","Bathymetry,Sediment,Hydraulics","Hydraulic Equations,Sediment Transport Modeling","Flood risk,Operations","Suspended,Bedload","Suspended,Emergency spillway,Dredging",Not Applicable,Not Applicable,Not Applicable,Yes,"Flood,Structure failure",Not Applicable,LouisiaNot Applicable,"Sediment release,Land Management,Flood diversion,Deposition control",Wetlands,Deltas
E00559,L0188,cubits-gap,Cubits Gap,River diversions and shoaling,2008,"Letter, JV, Pinkard Jr., CF, Raphelt, NA",https://hdl.handle.net/11681/2036,ERDC TN,"Planning,Operations,Analysis","Bathymetry,Sediment,Hydraulics","Hydraulic Equations,Sediment Transport Modeling","Flood risk,Operations","Suspended,Bedload","Suspended,Emergency spillway,Dredging",Not Applicable,Not Applicable,Not Applicable,Yes,"Flood,Structure failure",Not Applicable,LouisiaNot Applicable,"Sediment release,Land Management,Flood diversion,Deposition control",Wetlands,Deltas
E00560,L0188,head-of-passes,Head of Passes,River diversions and shoaling,2008,"Letter, JV, Pinkard Jr., CF, Raphelt, NA",https://hdl.handle.net/11681/2036,ERDC TN,"Planning,Operations,Analysis","Bathymetry,Sediment,Hydraulics","Hydraulic Equations,Sediment Transport Modeling","Flood risk,Operations","Suspended,Bedload","Suspended,Emergency spillway,Dredging",Not Applicable,Not Applicable,Not Applicable,Yes,"Flood,Structure failure",Not Applicable,LouisiaNot Applicable,"Sediment release,Land Management,Flood diversion,Deposition control",Wetlands,Deltas
E00561,L0188,,Mississippi River at Tarbert Landing,River diversions and shoaling,2008,"Letter, JV, Pinkard Jr., CF, Raphelt, NA",https://hdl.handle.net/11681/2036,ERDC TN,"Planning,Operations,Analysis","Bathymetry,Sediment,Hydraulics","Hydraulic Equations,Sediment Transport Modeling","Flood risk,Operations","Suspended,Bedload","Suspended,Emergency spillway,Dredging",Not Applicable,Not Applicable,Not Applicable,Yes,"Flood,Structure failure",Not Applicable,LouisiaNot Applicable,"Sediment release,Land Management,Flood diversion,Deposition control",Wetlands,Deltas
E00562,L0188,,LA,River diversions and shoaling,2008,"Letter, JV, Pinkard Jr., CF, Raphelt, NA",https://hdl.handle.net/11681/2036,ERDC TN,"Planning,Operations,Analysis","Bathymetry,Sediment,Hydraulics","Hydraulic Equations,Sediment Transport Modeling","Flood risk,Operations","Suspended,Bedload","Suspended,Emergency spillway,Dredging",Not Applicable,Not Applicable,Not Applicable,Yes,"Flood,Structure failure",Not Applicable,LouisiaNot Applicable,"Sediment release,Land Management,Flood diversion,Deposition control",Wetlands,Deltas
E00563,L0188,bonnet-carre-spillway,Bonnet Carré Spillway,River diversions and shoaling,2008,"Letter, JV, Pinkard Jr., CF, Raphelt, NA",https://hdl.handle.net/11681/2036,ERDC TN,"Planning,Operations,Analysis","Bathymetry,Sediment,Hydraulics","Hydraulic Equations,Sediment Transport Modeling","Flood risk,Operations","Suspended,Bedload","Suspended,Emergency spillway,Dredging",Not Applicable,Not Applicable,Not Applicable,Yes,"Flood,Structure failure",Not Applicable,LouisiaNot Applicable,"Sediment release,Land Management,Flood diversion,Deposition control",Wetlands,Deltas
E00564,L0188,davis-pond-diversion,Davis Pond Diversion,River diversions and shoaling,2008,"Letter, JV, Pinkard Jr., CF, Raphelt, NA",https://hdl.handle.net/11681/2036,ERDC TN,"Planning,Operations,Analysis","Bathymetry,Sediment,Hydraulics","Hydraulic Equations,Sediment Transport Modeling","Flood risk,Operations","Suspended,Bedload","Suspended,Emergency spillway,Dredging",Not Applicable,Not Applicable,Not Applicable,Yes,"Flood,Structure failure",Not Applicable,LouisiaNot Applicable,"Sediment release,Land Management,Flood diversion,Deposition control",Wetlands,Deltas
E00565,L0188,fort-jackson-diversion,Fort Jackson Diversion,River diversions and shoaling,2008,"Letter, JV, Pinkard Jr., CF, Raphelt, NA",https://hdl.handle.net/11681/2036,ERDC TN,"Planning,Operations,Analysis","Bathymetry,Sediment,Hydraulics","Hydraulic Equations,Sediment Transport Modeling","Flood risk,Operations","Suspended,Bedload","Suspended,Emergency spillway,Dredging",Not Applicable,Not Applicable,Not Applicable,Yes,"Flood,Structure failure",Not Applicable,LouisiaNot Applicable,"Sediment release,Land Management,Flood diversion,Deposition control",Wetlands,Deltas
E00566,L0189,trenton-channel-detroit-river,Trenton Channel/Detroit River,Measurements of erosion of undisturbed bottom sediments with depth,1996,"McNeil, J, Taylor, C, Lick, W",https://doi.org/10.1061/(ASCE)0733-9429(1996)122:6(316),Journal Article,Analysis,"Water Quality,Sediment,Hydraulics",Laboratory analysis,Flood risk,"Cohesive,Silt,Clay",Erosion,Not Applicable,Not Applicable,Not Applicable,Not Applicable,Flood,Not Applicable,"Michigan,Wisconsin",Sediment release,Urban,Cohesive channels
E00567,L0189,lower-fox-river,Lower Fox River,Measurements of erosion of undisturbed bottom sediments with depth,1996,"McNeil, J, Taylor, C, Lick, W",https://doi.org/10.1061/(ASCE)0733-9429(1996)122:6(316),Journal Article,Analysis,"Water Quality,Sediment,Hydraulics",Laboratory analysis,Flood risk,"Cohesive,Silt,Clay",Erosion,Not Applicable,Not Applicable,Not Applicable,Not Applicable,Flood,Not Applicable,"Michigan,Wisconsin",Sediment release,Urban,Cohesive channels
E00568,L0190,indian-river-inlet,Indian River Inlet,Fine-Grained Sediment Transport,2013,"Mehta, AJ, McAnally, WH",https://doi.org/10.1061/9780784408148.ch04,Book,"Design,Reporting,Analysis","Bathymetry,Sediment,Hydraulics","Hydraulic Equations,Laboratory Analysis,Sediment Transport Modeling,Frequency Analysis,Regression",Operations,"Cohesive,Silt,Clay,Flocculation","Suspended,Erosion",Not Applicable,Not Applicable,Not Applicable,Yes,"Flood,Structure failure",Not Applicable,Worldwide,"Sediment release,Deposition control",Beach,Not Applicable
E00569,L0190,union-lake-dam,Union Lake Dam,Fine-Grained Sediment Transport,2013,"Mehta, AJ, McAnally, WH",https://doi.org/10.1061/9780784408148.ch04,Book,"Design,Reporting,Analysis","Bathymetry,Sediment,Hydraulics","Hydraulic Equations,Laboratory Analysis,Sediment Transport Modeling,Frequency Analysis,Regression",Operations,"Cohesive,Silt,Clay,Flocculation","Suspended,Erosion",Not Applicable,Not Applicable,Not Applicable,Yes,"Flood,Structure failure",Not Applicable,Worldwide,"Sediment release,Deposition control",Beach,Not Applicable
E00570,L0190,beach-at-grimsby,Beach at Grimsby,Fine-Grained Sediment Transport,2013,"Mehta, AJ, McAnally, WH",https://doi.org/10.1061/9780784408148.ch04,Book,"Design,Reporting,Analysis","Bathymetry,Sediment,Hydraulics","Hydraulic Equations,Laboratory Analysis,Sediment Transport Modeling,Frequency Analysis,Regression",Operations,"Cohesive,Silt,Clay,Flocculation","Suspended,Erosion",Not Applicable,Not Applicable,Not Applicable,Yes,"Flood,Structure failure",Not Applicable,Worldwide,"Sediment release,Deposition control",Beach,Not Applicable
E00571,L0190,shoreline-at-awoye,Shoreline at Awoye,Fine-Grained Sediment Transport,2013,"Mehta, AJ, McAnally, WH",https://doi.org/10.1061/9780784408148.ch04,Book,"Design,Reporting,Analysis","Bathymetry,Sediment,Hydraulics","Hydraulic Equations,Laboratory Analysis,Sediment Transport Modeling,Frequency Analysis,Regression",Operations,"Cohesive,Silt,Clay,Flocculation","Suspended,Erosion",Not Applicable,Not Applicable,Not Applicable,Yes,"Flood,Structure failure",Not Applicable,Worldwide,"Sediment release,Deposition control",Beach,Not Applicable
E00572,L0191,william-river,William River,"Channel classification, prediction of channel response, and assessment of channel condition",1993,"Montgomery, DR, Buffington, JM",https://www.dnr.wa.gov/publications/fp_tfw_sh10_93_002.pdf,Government Report,"Planning,Reporting","Bathymetry,Sediment,Ecological,Hydraulics",Hydraulic Equations,Watershed planning,Bedload,Erosion,Yes,Yes,Yes,Not Applicable,Not Applicable,Earthquake,"Northwest USA,CaNot Applicableda","Sediment release,Land Management,Deposition Control",Not Applicable,Not Applicable
E00573,L0191,big-beef-creek,Big Beef Creek,"Channel classification, prediction of channel response, and assessment of channel condition",1993,"Montgomery, DR, Buffington, JM",https://www.dnr.wa.gov/publications/fp_tfw_sh10_93_002.pdf,Government Report,"Planning,Reporting","Bathymetry,Sediment,Ecological,Hydraulics",Hydraulic Equations,Watershed planning,Bedload,Erosion,Yes,Yes,Yes,Not Applicable,Not Applicable,Earthquake,"Northwest USA,CaNot Applicableda","Sediment release,Land Management,Deposition Control",Not Applicable,Not Applicable
E00574,L0191,middle-fork-willamette-river,Middle Fork Willamette River,"Channel classification, prediction of channel response, and assessment of channel condition",1993,"Montgomery, DR, Buffington, JM",https://www.dnr.wa.gov/publications/fp_tfw_sh10_93_002.pdf,Government Report,"Planning,Reporting","Bathymetry,Sediment,Ecological,Hydraulics",Hydraulic Equations,Watershed planning,Bedload,Erosion,Yes,Yes,Yes,Not Applicable,Not Applicable,Earthquake,"Northwest USA,CaNot Applicableda","Sediment release,Land Management,Deposition Control",Not Applicable,Not Applicable
E00575,L0191,south-fork-salmon-river,South Fork Salmon River,"Channel classification, prediction of channel response, and assessment of channel condition",1993,"Montgomery, DR, Buffington, JM",https://www.dnr.wa.gov/publications/fp_tfw_sh10_93_002.pdf,Government Report,"Planning,Reporting","Bathymetry,Sediment,Ecological,Hydraulics",Hydraulic Equations,Watershed planning,Bedload,Erosion,Yes,Yes,Yes,Not Applicable,Not Applicable,Earthquake,"Northwest USA,CaNot Applicableda","Sediment release,Land Management,Deposition Control",Not Applicable,Not Applicable
E00576,L0191,salmon-creek,Salmon Creek,"Channel classification, prediction of channel response, and assessment of channel condition",1993,"Montgomery, DR, Buffington, JM",https://www.dnr.wa.gov/publications/fp_tfw_sh10_93_002.pdf,Government Report,"Planning,Reporting","Bathymetry,Sediment,Ecological,Hydraulics",Hydraulic Equations,Watershed planning,Bedload,Erosion,Yes,Yes,Yes,Not Applicable,Not Applicable,Earthquake,"Northwest USA,CaNot Applicableda","Sediment release,Land Management,Deposition Control",Not Applicable,Not Applicable
E00577,L0192,alla-sella-zerbino-dam,Alla Sella Zerbino Dam,Dams and Public Safety,1983,"Jansen, RB",https://www.usbr.gov/tsc/techreferences/mands/mands-pdfs/AZ1130.pdf,Government Report,"Design,Construction,Reporting","Bathymetry,Public Participation",Not Applicable,"Maintenance,Operations",Not Applicable,Not Applicable,Not Applicable,Not Applicable,Not Applicable,Not Applicable,Structure failure,Earthquake,Worldwide,"Dam Removal,Dam Raise",Not Applicable,Not Applicable
E00578,L0192,sadd-el-kafara-dam,Sadd el-Kafara Dam,Dams and Public Safety,1983,"Jansen, RB",https://www.usbr.gov/tsc/techreferences/mands/mands-pdfs/AZ1130.pdf,Government Report,"Design,Construction,Reporting","Bathymetry,Public Participation",Not Applicable,"Maintenance,Operations",Not Applicable,Not Applicable,Not Applicable,Not Applicable,Not Applicable,Not Applicable,Structure failure,Earthquake,Worldwide,"Dam Removal,Dam Raise",Not Applicable,Not Applicable
E00579,L0192,atheim-adheim-adhaim-dam,Atheim/Adheim/Adhaim Dam,Dams and Public Safety,1983,"Jansen, RB",https://www.usbr.gov/tsc/techreferences/mands/mands-pdfs/AZ1130.pdf,Government Report,"Design,Construction,Reporting","Bathymetry,Public Participation",Not Applicable,"Maintenance,Operations",Not Applicable,Not Applicable,Not Applicable,Not Applicable,Not Applicable,Not Applicable,Structure failure,Earthquake,Worldwide,"Dam Removal,Dam Raise",Not Applicable,Not Applicable
E00580,L0192,marib-dam,Marib Dam,Dams and Public Safety,1983,"Jansen, RB",https://www.usbr.gov/tsc/techreferences/mands/mands-pdfs/AZ1130.pdf,Government Report,"Design,Construction,Reporting","Bathymetry,Public Participation",Not Applicable,"Maintenance,Operations",Not Applicable,Not Applicable,Not Applicable,Not Applicable,Not Applicable,Not Applicable,Structure failure,Earthquake,Worldwide,"Dam Removal,Dam Raise",Not Applicable,Not Applicable
E00581,L0192,alcantarilla-dam,Alcantarilla Dam,Dams and Public Safety,1983,"Jansen, RB",https://www.usbr.gov/tsc/techreferences/mands/mands-pdfs/AZ1130.pdf,Government Report,"Design,Construction,Reporting","Bathymetry,Public Participation",Not Applicable,"Maintenance,Operations",Not Applicable,Not Applicable,Not Applicable,Not Applicable,Not Applicable,Not Applicable,Structure failure,Earthquake,Worldwide,"Dam Removal,Dam Raise",Not Applicable,Not Applicable
E00582,L0192,proserpina-dam,Proserpina Dam,Dams and Public Safety,1983,"Jansen, RB",https://www.usbr.gov/tsc/techreferences/mands/mands-pdfs/AZ1130.pdf,Government Report,"Design,Construction,Reporting","Bathymetry,Public Participation",Not Applicable,"Maintenance,Operations",Not Applicable,Not Applicable,Not Applicable,Not Applicable,Not Applicable,Not Applicable,Structure failure,Earthquake,Worldwide,"Dam Removal,Dam Raise",Not Applicable,Not Applicable
E00583,L0192,cornalvo-dam,Cornalvo Dam,Dams and Public Safety,1983,"Jansen, RB",https://www.usbr.gov/tsc/techreferences/mands/mands-pdfs/AZ1130.pdf,Government Report,"Design,Construction,Reporting","Bathymetry,Public Participation",Not Applicable,"Maintenance,Operations",Not Applicable,Not Applicable,Not Applicable,Not Applicable,Not Applicable,Not Applicable,Structure failure,Earthquake,Worldwide,"Dam Removal,Dam Raise",Not Applicable,Not Applicable
E00584,L0192,cavdarhisar-dam,Çavdarhisar Dam,Dams and Public Safety,1983,"Jansen, RB",https://www.usbr.gov/tsc/techreferences/mands/mands-pdfs/AZ1130.pdf,Government Report,"Design,Construction,Reporting","Bathymetry,Public Participation",Not Applicable,"Maintenance,Operations",Not Applicable,Not Applicable,Not Applicable,Not Applicable,Not Applicable,Not Applicable,Structure failure,Earthquake,Worldwide,"Dam Removal,Dam Raise",Not Applicable,Not Applicable
E00585,L0192,al-harbaqa-dam,Al-Harbaqa Dam,Dams and Public Safety,1983,"Jansen, RB",https://www.usbr.gov/tsc/techreferences/mands/mands-pdfs/AZ1130.pdf,Government Report,"Design,Construction,Reporting","Bathymetry,Public Participation",Not Applicable,"Maintenance,Operations",Not Applicable,Not Applicable,Not Applicable,Not Applicable,Not Applicable,Not Applicable,Structure failure,Earthquake,Worldwide,"Dam Removal,Dam Raise",Not Applicable,Not Applicable
E00586,L0192,lake-homs-qattinah-dam,Lake Homs (Qattinah) Dam,Dams and Public Safety,1983,"Jansen, RB",https://www.usbr.gov/tsc/techreferences/mands/mands-pdfs/AZ1130.pdf,Government Report,"Design,Construction,Reporting","Bathymetry,Public Participation",Not Applicable,"Maintenance,Operations",Not Applicable,Not Applicable,Not Applicable,Not Applicable,Not Applicable,Not Applicable,Structure failure,Earthquake,Worldwide,"Dam Removal,Dam Raise",Not Applicable,Not Applicable
E00587,L0193,nunobiki-dam,Nunobiki Dam,Sustainable sediment management in reservoirs and regulated rivers: experiences from five continents,2014,"Kondolf, GM, Gao, Y, Annandale, GW, Morris, GL, Jiang, E, Hotchkiss, R, Carling, P, Wu, B, Zhang, J, Peteuil, C, Wang, HW, Yongtao, C, Fu, K, Guo, Q, Sumi, T, Wang, Z, Wei, Z, Wu, C, Yang, CT",https://doi.org/10.1002/2013EF000184,Journal Article,"Planning,Operations,Maintenance,Reporting","Sediment,Public Participation",Not Applicable,"Maintenance,Operations","Gravel,Sand,Suspended,Rock,Bedload,Silt,Clay","Reservoir pool,Reservoir release",Not Applicable,Not Applicable,Not Applicable,Yes,"Flood,drought,Structure failure,Adaptive MaNot Applicablegement",Not Applicable,Worldwide,"Sediment release,Flood diversion,Deposition control,Silt dams",Not Applicable,Not Applicable
E00588,L0193,asahi-dam,Asahi Dam,Sustainable sediment management in reservoirs and regulated rivers: experiences from five continents,2014,"Kondolf, GM, Gao, Y, Annandale, GW, Morris, GL, Jiang, E, Hotchkiss, R, Carling, P, Wu, B, Zhang, J, Peteuil, C, Wang, HW, Yongtao, C, Fu, K, Guo, Q, Sumi, T, Wang, Z, Wei, Z, Wu, C, Yang, CT",https://doi.org/10.1002/2013EF000184,Journal Article,"Planning,Operations,Maintenance,Reporting","Sediment,Public Participation",Not Applicable,"Maintenance,Operations","Gravel,Sand,Suspended,Rock,Bedload,Silt,Clay","Reservoir pool,Reservoir release",Not Applicable,Not Applicable,Not Applicable,Yes,"Flood,drought,Structure failure,Adaptive MaNot Applicablegement",Not Applicable,Worldwide,"Sediment release,Flood diversion,Deposition control,Silt dams",Not Applicable,Not Applicable
E00589,L0193,miwa-dam,Miwa Dam,Sustainable sediment management in reservoirs and regulated rivers: experiences from five continents,2014,"Kondolf, GM, Gao, Y, Annandale, GW, Morris, GL, Jiang, E, Hotchkiss, R, Carling, P, Wu, B, Zhang, J, Peteuil, C, Wang, HW, Yongtao, C, Fu, K, Guo, Q, Sumi, T, Wang, Z, Wei, Z, Wu, C, Yang, CT",https://doi.org/10.1002/2013EF000184,Journal Article,"Planning,Operations,Maintenance,Reporting","Sediment,Public Participation",Not Applicable,"Maintenance,Operations","Gravel,Sand,Suspended,Rock,Bedload,Silt,Clay","Reservoir pool,Reservoir release",Not Applicable,Not Applicable,Not Applicable,Yes,"Flood,drought,Structure failure,Adaptive MaNot Applicablegement",Not Applicable,Worldwide,"Sediment release,Flood diversion,Deposition control,Silt dams",Not Applicable,Not Applicable
E00590,L0193,matsukawa-dam,Matsukawa Dam,Sustainable sediment management in reservoirs and regulated rivers: experiences from five continents,2014,"Kondolf, GM, Gao, Y, Annandale, GW, Morris, GL, Jiang, E, Hotchkiss, R, Carling, P, Wu, B, Zhang, J, Peteuil, C, Wang, HW, Yongtao, C, Fu, K, Guo, Q, Sumi, T, Wang, Z, Wei, Z, Wu, C, Yang, CT",https://doi.org/10.1002/2013EF000184,Journal Article,"Planning,Operations,Maintenance,Reporting","Sediment,Public Participation",Not Applicable,"Maintenance,Operations","Gravel,Sand,Suspended,Rock,Bedload,Silt,Clay","Reservoir pool,Reservoir release",Not Applicable,Not Applicable,Not Applicable,Yes,"Flood,drought,Structure failure,Adaptive MaNot Applicablegement",Not Applicable,Worldwide,"Sediment release,Flood diversion,Deposition control,Silt dams",Not Applicable,Not Applicable
E00591,L0193,egshi-egschi-dam-bridge,Egshi (Egschi) Dam-Bridge,Sustainable sediment management in reservoirs and regulated rivers: experiences from five continents,2014,"Kondolf, GM, Gao, Y, Annandale, GW, Morris, GL, Jiang, E, Hotchkiss, R, Carling, P, Wu, B, Zhang, J, Peteuil, C, Wang, HW, Yongtao, C, Fu, K, Guo, Q, Sumi, T, Wang, Z, Wei, Z, Wu, C, Yang, CT",https://doi.org/10.1002/2013EF000184,Journal Article,"Planning,Operations,Maintenance,Reporting","Sediment,Public Participation",Not Applicable,"Maintenance,Operations","Gravel,Sand,Suspended,Rock,Bedload,Silt,Clay","Reservoir pool,Reservoir release",Not Applicable,Not Applicable,Not Applicable,Yes,"Flood,drought,Structure failure,Adaptive MaNot Applicablegement",Not Applicable,Worldwide,"Sediment release,Flood diversion,Deposition control,Silt dams",Not Applicable,Not Applicable
E00592,L0193,palagnedra-dam,Palagnedra Dam,Sustainable sediment management in reservoirs and regulated rivers: experiences from five continents,2014,"Kondolf, GM, Gao, Y, Annandale, GW, Morris, GL, Jiang, E, Hotchkiss, R, Carling, P, Wu, B, Zhang, J, Peteuil, C, Wang, HW, Yongtao, C, Fu, K, Guo, Q, Sumi, T, Wang, Z, Wei, Z, Wu, C, Yang, CT",https://doi.org/10.1002/2013EF000184,Journal Article,"Planning,Operations,Maintenance,Reporting","Sediment,Public Participation",Not Applicable,"Maintenance,Operations","Gravel,Sand,Suspended,Rock,Bedload,Silt,Clay","Reservoir pool,Reservoir release",Not Applicable,Not Applicable,Not Applicable,Yes,"Flood,drought,Structure failure,Adaptive MaNot Applicablegement",Not Applicable,Worldwide,"Sediment release,Flood diversion,Deposition control,Silt dams",Not Applicable,Not Applicable
E00593,L0193,pffaffensprung-dam,Pffaffensprung Dam,Sustainable sediment management in reservoirs and regulated rivers: experiences from five continents,2014,"Kondolf, GM, Gao, Y, Annandale, GW, Morris, GL, Jiang, E, Hotchkiss, R, Carling, P, Wu, B, Zhang, J, Peteuil, C, Wang, HW, Yongtao, C, Fu, K, Guo, Q, Sumi, T, Wang, Z, Wei, Z, Wu, C, Yang, CT",https://doi.org/10.1002/2013EF000184,Journal Article,"Planning,Operations,Maintenance,Reporting","Sediment,Public Participation",Not Applicable,"Maintenance,Operations","Gravel,Sand,Suspended,Rock,Bedload,Silt,Clay","Reservoir pool,Reservoir release",Not Applicable,Not Applicable,Not Applicable,Yes,"Flood,drought,Structure failure,Adaptive MaNot Applicablegement",Not Applicable,Worldwide,"Sediment release,Flood diversion,Deposition control,Silt dams",Not Applicable,Not Applicable
E00594,L0193,rempen-dam,Rempen Dam,Sustainable sediment management in reservoirs and regulated rivers: experiences from five continents,2014,"Kondolf, GM, Gao, Y, Annandale, GW, Morris, GL, Jiang, E, Hotchkiss, R, Carling, P, Wu, B, Zhang, J, Peteuil, C, Wang, HW, Yongtao, C, Fu, K, Guo, Q, Sumi, T, Wang, Z, Wei, Z, Wu, C, Yang, CT",https://doi.org/10.1002/2013EF000184,Journal Article,"Planning,Operations,Maintenance,Reporting","Sediment,Public Participation",Not Applicable,"Maintenance,Operations","Gravel,Sand,Suspended,Rock,Bedload,Silt,Clay","Reservoir pool,Reservoir release",Not Applicable,Not Applicable,Not Applicable,Yes,"Flood,drought,Structure failure,Adaptive MaNot Applicablegement",Not Applicable,Worldwide,"Sediment release,Flood diversion,Deposition control,Silt dams",Not Applicable,Not Applicable
E00595,L0193,runcahez-dam,Runcahez Dam,Sustainable sediment management in reservoirs and regulated rivers: experiences from five continents,2014,"Kondolf, GM, Gao, Y, Annandale, GW, Morris, GL, Jiang, E, Hotchkiss, R, Carling, P, Wu, B, Zhang, J, Peteuil, C, Wang, HW, Yongtao, C, Fu, K, Guo, Q, Sumi, T, Wang, Z, Wei, Z, Wu, C, Yang, CT",https://doi.org/10.1002/2013EF000184,Journal Article,"Planning,Operations,Maintenance,Reporting","Sediment,Public Participation",Not Applicable,"Maintenance,Operations","Gravel,Sand,Suspended,Rock,Bedload,Silt,Clay","Reservoir pool,Reservoir release",Not Applicable,Not Applicable,Not Applicable,Yes,"Flood,drought,Structure failure,Adaptive MaNot Applicablegement",Not Applicable,Worldwide,"Sediment release,Flood diversion,Deposition control,Silt dams",Not Applicable,Not Applicable
E00596,L0193,solis-dam,Solis Dam,Sustainable sediment management in reservoirs and regulated rivers: experiences from five continents,2014,"Kondolf, GM, Gao, Y, Annandale, GW, Morris, GL, Jiang, E, Hotchkiss, R, Carling, P, Wu, B, Zhang, J, Peteuil, C, Wang, HW, Yongtao, C, Fu, K, Guo, Q, Sumi, T, Wang, Z, Wei, Z, Wu, C, Yang, CT",https://doi.org/10.1002/2013EF000184,Journal Article,"Planning,Operations,Maintenance,Reporting","Sediment,Public Participation",Not Applicable,"Maintenance,Operations","Gravel,Sand,Suspended,Rock,Bedload,Silt,Clay","Reservoir pool,Reservoir release",Not Applicable,Not Applicable,Not Applicable,Yes,"Flood,drought,Structure failure,Adaptive MaNot Applicablegement",Not Applicable,Worldwide,"Sediment release,Flood diversion,Deposition control,Silt dams",Not Applicable,Not Applicable
E00597,L0193,central-hidroelectrica-san-jose-1-san-jose-hydroelectric-project,Central Hidroeléctrica San José 1 (San José hydroelectric project),Sustainable sediment management in reservoirs and regulated rivers: experiences from five continents,2014,"Kondolf, GM, Gao, Y, Annandale, GW, Morris, GL, Jiang, E, Hotchkiss, R, Carling, P, Wu, B, Zhang, J, Peteuil, C, Wang, HW, Yongtao, C, Fu, K, Guo, Q, Sumi, T, Wang, Z, Wei, Z, Wu, C, Yang, CT",https://doi.org/10.1002/2013EF000184,Journal Article,"Planning,Operations,Maintenance,Reporting","Sediment,Public Participation",Not Applicable,"Maintenance,Operations","Gravel,Sand,Suspended,Rock,Bedload,Silt,Clay","Reservoir pool,Reservoir release",Not Applicable,Not Applicable,Not Applicable,Yes,"Flood,drought,Structure failure,Adaptive MaNot Applicablegement",Not Applicable,Worldwide,"Sediment release,Flood diversion,Deposition control,Silt dams",Not Applicable,Not Applicable
E00598,L0194,conowingo-dam,Conowingo Dam,Sedimentation Dynamics of Reservoirs,2016,"Morris, GL",http://www.chesapeake.org/stac/presentations/249_Morris%20Conowingo.pdf,Conference Paper,"Planning,Design,Construction,Operations, Maintenance,Reporting,Analysis","Bathymetry,Sediment,Hydraulics","Frequency Analysis,Regression","Flood risk,watershed planning,Maintenance,Operations","Cohesive,Gravel,Sand,Suspended,Rock,Bedload,Silt,Clay","Bank erosion,Reservoir pool,Reservoir release,Suspended,Debris,Erosion",Not Applicable,Not Applicable,Not Applicable,Not Applicable,"Flood,Structure failure","Debris flow,Landslide",Worldwide,"Sediment release,Land Management,Flood diversion,Silt dams,Deposition control",Not Applicable,Not Applicable
E00599,L0195,sacramento-river-at-butte-city-station,Sacramento River at Butte City Station,Tests of selected sediment-transport formulas,1990,"Nakato, T",https://doi.org/10.1061/(ASCE)0733-9429(1990)116:3(362,Journal Article,Analysis,"Sediment,Hydraulics","Hydraulic Equations,Regression",Not Applicable,"Sand,Gravel",Suspended,Not Applicable,Not Applicable,Not Applicable,Not Applicable,Not Applicable,Not Applicable,California,Sediment release,Not Applicable,Not Applicable
E00600,L0195,sacramento-river-at-colusa-station,Sacramento River at Colusa Station,Tests of selected sediment-transport formulas,1990,"Nakato, T",https://doi.org/10.1061/(ASCE)0733-9429(1990)116:3(362,Journal Article,Analysis,"Sediment,Hydraulics","Hydraulic Equations,Regression",Not Applicable,"Sand,Gravel",Suspended,Not Applicable,Not Applicable,Not Applicable,Not Applicable,Not Applicable,Not Applicable,California,Sediment release,Not Applicable,Not Applicable
E00601,L0196,toutle-river-at-mt-st-helens,Toutle River at Mt. St. Helens,Hyperconcentrated flow - transitional process between water flow and debris flow,2005,"Pierson, TC",https://doi.org/10.1007/3-540-27129-5_8,Book,Analysis,"Water Quality,Sediment,Hydraulics","Hydraulic Equations,Frequency Analysis,Regression",Flood risk,"Sand,Suspended,Bedload","Suspended,Debris",Not Applicable,Not Applicable,Not Applicable,Not Applicable,Flood,"Debris flow,Volcanos",Worldwide,"Sediment release,Deposition control",Not Applicable,Mountain Torrents
E00602,L0196,,Sacobia River,Hyperconcentrated flow - transitional process between water flow and debris flow,2005,"Pierson, TC",https://doi.org/10.1007/3-540-27129-5_8,Book,Analysis,"Water Quality,Sediment,Hydraulics","Hydraulic Equations,Frequency Analysis,Regression",Flood risk,"Sand,Suspended,Bedload","Suspended,Debris",Not Applicable,Not Applicable,Not Applicable,Not Applicable,Flood,"Debris flow,Volcanos",Worldwide,"Sediment release,Deposition control",Not Applicable,Mountain Torrents
E00603,L0196,,Mt. Pinatubo,Hyperconcentrated flow - transitional process between water flow and debris flow,2005,"Pierson, TC",https://doi.org/10.1007/3-540-27129-5_8,Book,Analysis,"Water Quality,Sediment,Hydraulics","Hydraulic Equations,Frequency Analysis,Regression",Flood risk,"Sand,Suspended,Bedload","Suspended,Debris",Not Applicable,Not Applicable,Not Applicable,Not Applicable,Flood,"Debris flow,Volcanos",Worldwide,"Sediment release,Deposition control",Not Applicable,Mountain Torrents
E00604,L0196,ruapehu-volcano,Ruapehu volcano,Hyperconcentrated flow - transitional process between water flow and debris flow,2005,"Pierson, TC",https://doi.org/10.1007/3-540-27129-5_8,Book,Analysis,"Water Quality,Sediment,Hydraulics","Hydraulic Equations,Frequency Analysis,Regression",Flood risk,"Sand,Suspended,Bedload","Suspended,Debris",Not Applicable,Not Applicable,Not Applicable,Not Applicable,Flood,"Debris flow,Volcanos",Worldwide,"Sediment release,Deposition control",Not Applicable,Mountain Torrents
E00605,L0197,,Gullys near Treynor,Gully and Streambank Erosion,1975,"Piest, RF, Bowie, AJ",https://www.ars.usda.gov/ARSUserFiles/50701000/cswq-t6428-piest.pdf,Conference Paper,Analysis,"Bathymetry,Hydraulics",Frequency Analysis,Watershed planning,"Cohesive,Suspended,Bedload","Bank erosion,Headcut,Erosion",Not Applicable,Not Applicable,Not Applicable,Not Applicable,Not Applicable,Not Applicable,"Iowa,Mississippi","Sediment release,Land Management,Deposition Control",Not Applicable,"Modified streams,Cohesive channels"
E00606,L0197,iowa,Iowa,Gully and Streambank Erosion,1975,"Piest, RF, Bowie, AJ",https://www.ars.usda.gov/ARSUserFiles/50701000/cswq-t6428-piest.pdf,Conference Paper,Analysis,"Bathymetry,Hydraulics",Frequency Analysis,Watershed planning,"Cohesive,Suspended,Bedload","Bank erosion,Headcut,Erosion",Not Applicable,Not Applicable,Not Applicable,Not Applicable,Not Applicable,Not Applicable,"Iowa,Mississippi","Sediment release,Land Management,Deposition Control",Not Applicable,"Modified streams,Cohesive channels"
E00607,L0197,pigeon-roost-creek,Pigeon Roost Creek,Gully and Streambank Erosion,1975,"Piest, RF, Bowie, AJ",https://www.ars.usda.gov/ARSUserFiles/50701000/cswq-t6428-piest.pdf,Conference Paper,Analysis,"Bathymetry,Hydraulics",Frequency Analysis,Watershed planning,"Cohesive,Suspended,Bedload","Bank erosion,Headcut,Erosion",Not Applicable,Not Applicable,Not Applicable,Not Applicable,Not Applicable,Not Applicable,"Iowa,Mississippi","Sediment release,Land Management,Deposition Control",Not Applicable,"Modified streams,Cohesive channels"
E00608,L0198,cedar-canyon-dam-red-dale-gulch,Cedar Canyon Dam (Red Dale Gulch),USACE Reservoir Sedimentation in the Context of Climate Change,2016,"Pinson, A, Baker, B, Boyd, P, Grandpre, R, White, KD, Jonas, M",https://usace.contentdm.oclc.org/digital/collection/p266001coll1/id/5202,USACE Report,"Operations,Maintenance","Bathymetry,Sediment,Hydraulics,Public Participation",Not Applicable,"Flood risk,watershed planning,Maintenance,Operations",Not Applicable,Reservoir pool,Not Applicable,Not Applicable,Not Applicable,Yes,"Flood,drought",Debris flow,USA,Deposition Control,Not Applicable,Regulated rivers
E00609,L0198,oahe-dam-lake-oahe,Oahe Dam (Lake Oahe),USACE Reservoir Sedimentation in the Context of Climate Change,2016,"Pinson, A, Baker, B, Boyd, P, Grandpre, R, White, KD, Jonas, M",https://usace.contentdm.oclc.org/digital/collection/p266001coll1/id/5202,USACE Report,"Operations,Maintenance","Bathymetry,Sediment,Hydraulics,Public Participation",Not Applicable,"Flood risk,watershed planning,Maintenance,Operations",Not Applicable,Reservoir pool,Not Applicable,Not Applicable,Not Applicable,Yes,"Flood,drought",Debris flow,USA,Deposition Control,Not Applicable,Regulated rivers
E00610,L0198,gavins-point-dam-lewis-and-clark-lake,Gavins Point Dam (Lewis and Clark Lake),USACE Reservoir Sedimentation in the Context of Climate Change,2016,"Pinson, A, Baker, B, Boyd, P, Grandpre, R, White, KD, Jonas, M",https://usace.contentdm.oclc.org/digital/collection/p266001coll1/id/5202,USACE Report,"Operations,Maintenance","Bathymetry,Sediment,Hydraulics,Public Participation",Not Applicable,"Flood risk,watershed planning,Maintenance,Operations",Not Applicable,Reservoir pool,Not Applicable,Not Applicable,Not Applicable,Yes,"Flood,drought",Debris flow,USA,Deposition Control,Not Applicable,Regulated rivers
E00611,L0198,olive-creek-dam-and-reservoir,Olive Creek dam and reservoir,USACE Reservoir Sedimentation in the Context of Climate Change,2016,"Pinson, A, Baker, B, Boyd, P, Grandpre, R, White, KD, Jonas, M",https://usace.contentdm.oclc.org/digital/collection/p266001coll1/id/5202,USACE Report,"Operations,Maintenance","Bathymetry,Sediment,Hydraulics,Public Participation",Not Applicable,"Flood risk,watershed planning,Maintenance,Operations",Not Applicable,Reservoir pool,Not Applicable,Not Applicable,Not Applicable,Yes,"Flood,drought",Debris flow,USA,Deposition Control,Not Applicable,Regulated rivers
E00612,L0198,conestoga-dam-site-12-dam-conestoga-reservoir,Conestoga Dam-Site 12 Dam (Conestoga reservoir),USACE Reservoir Sedimentation in the Context of Climate Change,2016,"Pinson, A, Baker, B, Boyd, P, Grandpre, R, White, KD, Jonas, M",https://usace.contentdm.oclc.org/digital/collection/p266001coll1/id/5202,USACE Report,"Operations,Maintenance","Bathymetry,Sediment,Hydraulics,Public Participation",Not Applicable,"Flood risk,watershed planning,Maintenance,Operations",Not Applicable,Reservoir pool,Not Applicable,Not Applicable,Not Applicable,Yes,"Flood,drought",Debris flow,USA,Deposition Control,Not Applicable,Regulated rivers
E00613,L0198,pipestem-dam-pipestem-lake,Pipestem Dam (Pipestem Lake),USACE Reservoir Sedimentation in the Context of Climate Change,2016,"Pinson, A, Baker, B, Boyd, P, Grandpre, R, White, KD, Jonas, M",https://usace.contentdm.oclc.org/digital/collection/p266001coll1/id/5202,USACE Report,"Operations,Maintenance","Bathymetry,Sediment,Hydraulics,Public Participation",Not Applicable,"Flood risk,watershed planning,Maintenance,Operations",Not Applicable,Reservoir pool,Not Applicable,Not Applicable,Not Applicable,Yes,"Flood,drought",Debris flow,USA,Deposition Control,Not Applicable,Regulated rivers
E00614,L0199,selway-river,Selway River,Manual for Computing Bed Load Transport Using BAGS (Bedload Assessment for Gravel-bed Streams) Software,2009,"Pitlick, J, Cui, Y, Wilcock, P",https://doi.org/10.2737/RMRS-GTR-223,Government Report,"Planning,Reporting,Analysis","Bathymetry,Sediment,Hydraulics",Sediment Transport Modeling,"Flood risk,watershed planning,Maintenance,Operations","Gravel,Bedload",Erosion,Not Applicable,Not Applicable,Not Applicable,Yes,Flood,Not Applicable,Idaho,Sediment release,Forestry,Mountain torrents
E00615,L0199,rapid-river,Rapid River,Manual for Computing Bed Load Transport Using BAGS (Bedload Assessment for Gravel-bed Streams) Software,2009,"Pitlick, J, Cui, Y, Wilcock, P",https://doi.org/10.2737/RMRS-GTR-223,Government Report,"Planning,Reporting,Analysis","Bathymetry,Sediment,Hydraulics",Sediment Transport Modeling,"Flood risk,watershed planning,Maintenance,Operations","Gravel,Bedload",Erosion,Not Applicable,Not Applicable,Not Applicable,Yes,Flood,Not Applicable,Idaho,Sediment release,Forestry,Mountain torrents
E00616,L0199,south-fork-salmon-river,South Fork Salmon River,Manual for Computing Bed Load Transport Using BAGS (Bedload Assessment for Gravel-bed Streams) Software,2009,"Pitlick, J, Cui, Y, Wilcock, P",https://doi.org/10.2737/RMRS-GTR-223,Government Report,"Planning,Reporting,Analysis","Bathymetry,Sediment,Hydraulics",Sediment Transport Modeling,"Flood risk,watershed planning,Maintenance,Operations","Gravel,Bedload",Erosion,Not Applicable,Not Applicable,Not Applicable,Yes,Flood,Not Applicable,Idaho,Sediment release,Forestry,Mountain torrents
E00617,L0199,trapper-creek,Trapper Creek,Manual for Computing Bed Load Transport Using BAGS (Bedload Assessment for Gravel-bed Streams) Software,2009,"Pitlick, J, Cui, Y, Wilcock, P",https://doi.org/10.2737/RMRS-GTR-223,Government Report,"Planning,Reporting,Analysis","Bathymetry,Sediment,Hydraulics",Sediment Transport Modeling,"Flood risk,watershed planning,Maintenance,Operations","Gravel,Bedload",Erosion,Not Applicable,Not Applicable,Not Applicable,Yes,Flood,Not Applicable,Idaho,Sediment release,Forestry,Mountain torrents
E00618,L0200,john-redmond-dam,John Redmond Dam,Reservoir Sedimentation and Storage Capacity in the United States: Management Needs for the 21st Century,2015,"Podolak, CJP, Doyle, MW",https://doi.org/10.1061/(ASCE)HY.1943-7900.0000999,Journal Article,"Planning,Reporting,Analysis","Bathymetry,Sediment","Frequency Analysis,Regression",Watershed Planning,Not Applicable,Reservoir pool,Not Applicable,Not Applicable,Not Applicable,Yes,"Flood,drought",Not Applicable,USA,Deposition Control,Not Applicable,Not Applicable
E00619,L0200,b-everett-jordan-dam-jordan-dam,B. Everett Jordan Dam (Jordan Dam),Reservoir Sedimentation and Storage Capacity in the United States: Management Needs for the 21st Century,2015,"Podolak, CJP, Doyle, MW",https://doi.org/10.1061/(ASCE)HY.1943-7900.0000999,Journal Article,"Planning,Reporting,Analysis","Bathymetry,Sediment","Frequency Analysis,Regression",Watershed Planning,Not Applicable,Reservoir pool,Not Applicable,Not Applicable,Not Applicable,Yes,"Flood,drought",Not Applicable,USA,Deposition Control,Not Applicable,Not Applicable
E00620,L0201,apalachicola-river-near-blountstown,Apalachicola River near Blountstown,Development of methodology for predicting fate of dredged material placed on riverbanks,2001,"Raphelt, KN, Tingle, S, Heath, RE, Chu, Y",https://hdl.handle.net/11681/8647,ERDC TN,"Planning,Design,Operations,Maintenance,Analysis","Bathymetry,Sediment,Hydraulics",Sediment Transport Modeling,"Maintenance,Operations","Sand,Suspended,Silt,Clay","Bank erosion,erosion",Not Applicable,Not Applicable,Not Applicable,Yes,Flood,Not Applicable,"Florida,Alabama,Georgia",Beneficial use of dredged material,"Forestry,Wetlands",Not Applicable
E00621,L0201,apalachicola-river-near-chipola-cutoff,Apalachicola River near Chipola Cutoff,Development of methodology for predicting fate of dredged material placed on riverbanks,2001,"Raphelt, KN, Tingle, S, Heath, RE, Chu, Y",https://hdl.handle.net/11681/8647,ERDC TN,"Planning,Design,Operations,Maintenance,Analysis","Bathymetry,Sediment,Hydraulics",Sediment Transport Modeling,"Maintenance,Operations","Sand,Suspended,Silt,Clay","Bank erosion,erosion",Not Applicable,Not Applicable,Not Applicable,Yes,Flood,Not Applicable,"Florida,Alabama,Georgia",Beneficial use of dredged material,"Forestry,Wetlands",Not Applicable
E00622,L0201,apalachicola-river-near-corley-slough,Apalachicola River near Corley Slough,Development of methodology for predicting fate of dredged material placed on riverbanks,2001,"Raphelt, KN, Tingle, S, Heath, RE, Chu, Y",https://hdl.handle.net/11681/8647,ERDC TN,"Planning,Design,Operations,Maintenance,Analysis","Bathymetry,Sediment,Hydraulics",Sediment Transport Modeling,"Maintenance,Operations","Sand,Suspended,Silt,Clay","Bank erosion,erosion",Not Applicable,Not Applicable,Not Applicable,Yes,Flood,Not Applicable,"Florida,Alabama,Georgia",Beneficial use of dredged material,"Forestry,Wetlands",Not Applicable
E00623,L0202,lamar-basin-of-yellowstone-national-park,Lamar Basin of Yellowstone National Park,A Practical Method of Computing Streambank Erosion Rate,2001,"Rosgen, DL",https://semspub.epa.gov/work/01/554370.pdf,Conference Paper,"Planning,Reporting,Analysis","Bathymetry,Water quality,Sediment","Sediment Transport Modeling,Regression",Watershed planning,Bedload,Bank erosion,Not Applicable,Not Applicable,Not Applicable,Yes,Not Applicable,Not Applicable,"MontaNot Applicable,Colorado","Sediment release,Land Management",Forestry,"Braided rivers,Meandering rivers"
E00624,L0202,front-range-of-colorado-arapaho-and-roosevelt-national-forests,Front Range of Colorado (Arapaho and Roosevelt National Forests),A Practical Method of Computing Streambank Erosion Rate,2001,"Rosgen, DL",https://semspub.epa.gov/work/01/554370.pdf,Conference Paper,"Planning,Reporting,Analysis","Bathymetry,Water quality,Sediment","Sediment Transport Modeling,Regression",Watershed planning,Bedload,Bank erosion,Not Applicable,Not Applicable,Not Applicable,Yes,Not Applicable,Not Applicable,"MontaNot Applicable,Colorado","Sediment release,Land Management",Forestry,"Braided rivers,Meandering rivers"
E00625,L0202,front-range-of-colorado-pike-san-isabel-national-forest,Front Range of Colorado (Pike-San Isabel National Forest),A Practical Method of Computing Streambank Erosion Rate,2001,"Rosgen, DL",https://semspub.epa.gov/work/01/554370.pdf,Conference Paper,"Planning,Reporting,Analysis","Bathymetry,Water quality,Sediment","Sediment Transport Modeling,Regression",Watershed planning,Bedload,Bank erosion,Not Applicable,Not Applicable,Not Applicable,Yes,Not Applicable,Not Applicable,"MontaNot Applicable,Colorado","Sediment release,Land Management",Forestry,"Braided rivers,Meandering rivers"
E00626,L0203,cimarron-river,Cimarron River,Engineering Geomorphology,2008,"Schumm, SA, Harvey, MD",https://doi.org/10.1061/9780784408148.ch18,Book,"Planning,Reporting,Analysis","Bathymetry,Sediment,Hydraulics","Frequency Analysis,Regression",Watershed planning,"Cohesive,Gravel","Bank Erosion,Headcut,Erosion",Not Applicable,Not Applicable,Not Applicable,Yes,Flood,Not Applicable,Worldwide,"Sediment release,Land Management","Forestry,Urban,Agriculture","Alluvial fans,Braided rivers,Meandering rivers,Deltas"
E00627,L0203,piceance-creek-basin,Piceance Creek Basin,Engineering Geomorphology,2008,"Schumm, SA, Harvey, MD",https://doi.org/10.1061/9780784408148.ch18,Book,"Planning,Reporting,Analysis","Bathymetry,Sediment,Hydraulics","Frequency Analysis,Regression",Watershed planning,"Cohesive,Gravel","Bank Erosion,Headcut,Erosion",Not Applicable,Not Applicable,Not Applicable,Yes,Flood,Not Applicable,Worldwide,"Sediment release,Land Management","Forestry,Urban,Agriculture","Alluvial fans,Braided rivers,Meandering rivers,Deltas"
E00628,L0203,hickahala-creek,Hickahala Creek,Engineering Geomorphology,2008,"Schumm, SA, Harvey, MD",https://doi.org/10.1061/9780784408148.ch18,Book,"Planning,Reporting,Analysis","Bathymetry,Sediment,Hydraulics","Frequency Analysis,Regression",Watershed planning,"Cohesive,Gravel","Bank Erosion,Headcut,Erosion",Not Applicable,Not Applicable,Not Applicable,Yes,Flood,Not Applicable,Worldwide,"Sediment release,Land Management","Forestry,Urban,Agriculture","Alluvial fans,Braided rivers,Meandering rivers,Deltas"
E00629,L0203,batupan-bogue-creek,Batupan Bogue Creek,Engineering Geomorphology,2008,"Schumm, SA, Harvey, MD",https://doi.org/10.1061/9780784408148.ch18,Book,"Planning,Reporting,Analysis","Bathymetry,Sediment,Hydraulics","Frequency Analysis,Regression",Watershed planning,"Cohesive,Gravel","Bank Erosion,Headcut,Erosion",Not Applicable,Not Applicable,Not Applicable,Yes,Flood,Not Applicable,Worldwide,"Sediment release,Land Management","Forestry,Urban,Agriculture","Alluvial fans,Braided rivers,Meandering rivers,Deltas"
E00630,L0203,hotopha-creek,Hotopha Creek,Engineering Geomorphology,2008,"Schumm, SA, Harvey, MD",https://doi.org/10.1061/9780784408148.ch18,Book,"Planning,Reporting,Analysis","Bathymetry,Sediment,Hydraulics","Frequency Analysis,Regression",Watershed planning,"Cohesive,Gravel","Bank Erosion,Headcut,Erosion",Not Applicable,Not Applicable,Not Applicable,Yes,Flood,Not Applicable,Worldwide,"Sediment release,Land Management","Forestry,Urban,Agriculture","Alluvial fans,Braided rivers,Meandering rivers,Deltas"
E00631,L0204,old-elwha-dam-site,Old Elwha Dam Site,Will Busting Dams boost Salmon?,2011,"Service, RF",https://doi.org/10.1126/science.334.6058.888,Journal Article,"Maintenance,Reporting,Analysis",Ecological,Frequency Analysis,Watershed planning,Not Applicable,Reservoir pool,Yes,Yes,Yes,Yes,Not Applicable,Not Applicable,Washington,Dam removal,Forestry,"Alluvial fans,Deltas"
E00632,L0204,glines-canyon-dam,Glines Canyon Dam,Will Busting Dams boost Salmon?,2011,"Service, RF",https://doi.org/10.1126/science.334.6058.888,Journal Article,"Maintenance,Reporting,Analysis",Ecological,Frequency Analysis,Watershed planning,Not Applicable,Reservoir pool,Yes,Yes,Yes,Yes,Not Applicable,Not Applicable,Washington,Dam removal,Forestry,"Alluvial fans,Deltas"
E00633,L0205,hatchie-river,Hatchie River,A model of channel response in disturbed alluvial channels,1989,"Simon, A",https://doi.org/10.1002/esp.3290140103,Journal Article,"Planning,Design,Maintenance,Reporting,Analysis",Bathymetry,"Frequency Analysis,Regression","Watershed planning,Maintenance","Cohesive,Bedload","Bank erosion,erosion,Dredging",Not Applicable,Not Applicable,Not Applicable,Yes,Structure failure,Not Applicable,West Tennessee,"Sediment release,Land Management",Not Applicable,Meandering rivers
E00634,L0205,obion-and-forked-deer-rivers,Obion and Forked Deer Rivers,A model of channel response in disturbed alluvial channels,1989,"Simon, A",https://doi.org/10.1002/esp.3290140103,Journal Article,"Planning,Design,Maintenance,Reporting,Analysis",Bathymetry,"Frequency Analysis,Regression","Watershed planning,Maintenance","Cohesive,Bedload","Bank erosion,erosion,Dredging",Not Applicable,Not Applicable,Not Applicable,Yes,Structure failure,Not Applicable,West Tennessee,"Sediment release,Land Management",Not Applicable,Meandering rivers
E00635,L0206,richmond-long-wharf,Richmond Long Wharf,Size and settling velocities of cohesive flocs and suspended sediment aggregates in a trailing suction hopper dredge plume,2011,"Smith, SJ, Friedrichs, CT",https://doi.org/10.1016/j.csr.2010.04.002,Journal Article,Analysis,"Bathymetry,Sediment",Regression,Operations,"Suspended,Flocculation",Dredging,Not Applicable,Not Applicable,Not Applicable,Not Applicable,Not Applicable,Not Applicable,California,"Sediment release,Deposition control","Urban,Wetlands",Not Applicable
E00636,L0207,old-river-control-complex-orcc,Old River Control Complex (ORCC),Three-dimensional numerical simulation of mobile-bed hydrodynamics,1994,"Spasojevic, M, Holly, FM",http://hdl.handle.net/11681/6159,ERDC TN,Analysis,"Bathymetry,Sediment,Hydraulics",Sediment Transport Modeling,Not Applicable,"Suspended,Bedload","Suspended,Erosion",Not Applicable,Not Applicable,Not Applicable,Yes,Not Applicable,Not Applicable,LouisiaNot Applicable,"Sediment release,Deposition control",Wetlands,Deltas
E00637,L0208,old-river-control-complex-orcc,Old River Control Complex (ORCC),Two- and Three-Dimensional Numerical Simulation of Mobile-Bed Hydrodynamics and Sedimentation,2008,"Spasojevic, M, Holly, FM",https://doi.org/10.1061/9780784408148.ch15,Book,Analysis,"Bathymetry,Sediment,Hydraulics",Sediment Transport Modeling,Not Applicable,"Suspended,Bedload","Suspended,Erosion",Not Applicable,Not Applicable,Not Applicable,Yes,Not Applicable,Not Applicable,"LouisiaNot Applicable,Kansas,Iowa","Sediment release,Deposition control",Not Applicable,"Deltas,Regulated rivers"
E00638,L0208,,Leavenworth Bend,Two- and Three-Dimensional Numerical Simulation of Mobile-Bed Hydrodynamics and Sedimentation,2008,"Spasojevic, M, Holly, FM",https://doi.org/10.1061/9780784408148.ch15,Book,Analysis,"Bathymetry,Sediment,Hydraulics",Sediment Transport Modeling,Not Applicable,"Suspended,Bedload","Suspended,Erosion",Not Applicable,Not Applicable,Not Applicable,Yes,Not Applicable,Not Applicable,"LouisiaNot Applicable,Kansas,Iowa","Sediment release,Deposition control",Not Applicable,"Deltas,Regulated rivers"
E00639,L0208,missouri-river,Missouri River,Two- and Three-Dimensional Numerical Simulation of Mobile-Bed Hydrodynamics and Sedimentation,2008,"Spasojevic, M, Holly, FM",https://doi.org/10.1061/9780784408148.ch15,Book,Analysis,"Bathymetry,Sediment,Hydraulics",Sediment Transport Modeling,Not Applicable,"Suspended,Bedload","Suspended,Erosion",Not Applicable,Not Applicable,Not Applicable,Yes,Not Applicable,Not Applicable,"LouisiaNot Applicable,Kansas,Iowa","Sediment release,Deposition control",Not Applicable,"Deltas,Regulated rivers"
E00640,L0208,coralville-dam-coralville-lake,Coralville Dam (Coralville Lake),Two- and Three-Dimensional Numerical Simulation of Mobile-Bed Hydrodynamics and Sedimentation,2008,"Spasojevic, M, Holly, FM",https://doi.org/10.1061/9780784408148.ch15,Book,Analysis,"Bathymetry,Sediment,Hydraulics",Sediment Transport Modeling,Not Applicable,"Suspended,Bedload","Suspended,Erosion",Not Applicable,Not Applicable,Not Applicable,Yes,Not Applicable,Not Applicable,"LouisiaNot Applicable,Kansas,Iowa","Sediment release,Deposition control",Not Applicable,"Deltas,Regulated rivers"
E00641,L0208,saylorville-dam-saylorville-reservoir,Saylorville Dam (Saylorville Reservoir),Two- and Three-Dimensional Numerical Simulation of Mobile-Bed Hydrodynamics and Sedimentation,2008,"Spasojevic, M, Holly, FM",https://doi.org/10.1061/9780784408148.ch15,Book,Analysis,"Bathymetry,Sediment,Hydraulics",Sediment Transport Modeling,Not Applicable,"Suspended,Bedload","Suspended,Erosion",Not Applicable,Not Applicable,Not Applicable,Yes,Not Applicable,Not Applicable,"LouisiaNot Applicable,Kansas,Iowa","Sediment release,Deposition control",Not Applicable,"Deltas,Regulated rivers"
E00642,L0208,red-rock-dam-lake-red-rock,Red Rock Dam (Lake Red Rock),Two- and Three-Dimensional Numerical Simulation of Mobile-Bed Hydrodynamics and Sedimentation,2008,"Spasojevic, M, Holly, FM",https://doi.org/10.1061/9780784408148.ch15,Book,Analysis,"Bathymetry,Sediment,Hydraulics",Sediment Transport Modeling,Not Applicable,"Suspended,Bedload","Suspended,Erosion",Not Applicable,Not Applicable,Not Applicable,Yes,Not Applicable,Not Applicable,"LouisiaNot Applicable,Kansas,Iowa","Sediment release,Deposition control",Not Applicable,"Deltas,Regulated rivers"
E00643,L0209,niobrara-river,Niobrara River,Summary and use of selected fluvial sediment-discharge formulas,1989,"Stevens, HH, Yang, CT",https://doi.org/10.3133/wri894026,Government Report,Analysis,"Bathymetry,Sediment,Hydraulics",Sediment Transport Modeling,Not Applicable,"Suspended,Bedload","Suspended,Erosion",Not Applicable,Not Applicable,Not Applicable,Not Applicable,Not Applicable,Not Applicable,Nebraska,"Sediment release,Deposition control",Upland,Regulated rivers
E00644,L0210,peace-river,Peace River,Downstream Channel Gradation in the Regulated Peace River,2015,"Ayles, CP, Church, M",https://onlinelibrary.wiley.com/doi/book/10.1002/9781118906170,Book,Analysis,"Sediment,Elevation,Channel Geometry,Channel Migration","Sediment Transport Modeling,Regression",Not Applicable,"Gravel,Sand","Bedload,Suspended,Erosion",Not Applicable,Not Applicable,Not Applicable,Yes,Not Applicable,Not Applicable,"semiarid Rocky Mountains,subhumid Alberta Plateau",Not Applicable,Not Applicable,Regulated rivers
E00645,L0211,mississippi-river,Mississippi River,"Large-scale Geomorphic Change in the Mississippi River from St Louis, MO, to Donaldsonville, LA, as Revealed by Specific Gage Records",2017,"Biedenharn, DS, Allison, MA, Little, CD, Thorne, CR, Watson, CC",https://usace.contentdm.oclc.org/digital/collection/p266001coll1/id/4309/,USACE Report,Analysis,"Bathymetry,Hydraulics",Not Applicable,Not Applicable,Not Applicable,Not Applicable,Not Applicable,Not Applicable,Not Applicable,Not Applicable,Not Applicable,Not Applicable,Mississippi River,Not Applicable,Not Applicable,"Meandering rivers,Modified streams"
E00646,L0211,,St. Louis,"Large-scale Geomorphic Change in the Mississippi River from St Louis, MO, to Donaldsonville, LA, as Revealed by Specific Gage Records",2017,"Biedenharn, DS, Allison, MA, Little, CD, Thorne, CR, Watson, CC",https://usace.contentdm.oclc.org/digital/collection/p266001coll1/id/4309/,USACE Report,Analysis,"Bathymetry,Hydraulics",Not Applicable,Not Applicable,Not Applicable,Not Applicable,Not Applicable,Not Applicable,Not Applicable,Not Applicable,Not Applicable,Not Applicable,Mississippi River,Not Applicable,Not Applicable,"Meandering rivers,Modified streams"
E00647,L0211,,MO to Donaldsonville,"Large-scale Geomorphic Change in the Mississippi River from St Louis, MO, to Donaldsonville, LA, as Revealed by Specific Gage Records",2017,"Biedenharn, DS, Allison, MA, Little, CD, Thorne, CR, Watson, CC",https://usace.contentdm.oclc.org/digital/collection/p266001coll1/id/4309/,USACE Report,Analysis,"Bathymetry,Hydraulics",Not Applicable,Not Applicable,Not Applicable,Not Applicable,Not Applicable,Not Applicable,Not Applicable,Not Applicable,Not Applicable,Not Applicable,Mississippi River,Not Applicable,Not Applicable,"Meandering rivers,Modified streams"
E00648,L0211,,LA,"Large-scale Geomorphic Change in the Mississippi River from St Louis, MO, to Donaldsonville, LA, as Revealed by Specific Gage Records",2017,"Biedenharn, DS, Allison, MA, Little, CD, Thorne, CR, Watson, CC",https://usace.contentdm.oclc.org/digital/collection/p266001coll1/id/4309/,USACE Report,Analysis,"Bathymetry,Hydraulics",Not Applicable,Not Applicable,Not Applicable,Not Applicable,Not Applicable,Not Applicable,Not Applicable,Not Applicable,Not Applicable,Not Applicable,Mississippi River,Not Applicable,Not Applicable,"Meandering rivers,Modified streams"
E00649,L0212,woodrow-wilson-bridge,Woodrow Wilson Bridge,"Case Histories in Soil and Rock Erosion: Woodrow Wilson Bridge, Brazos River Meander, Normandy Cliffs, and New Orleans Levees",2008,"Briaud, J-L",https://ascelibrary.org/doi/10.1061/%28ASCE%291090-0241%282008%29134%3A10%281425%29,Journal Article,Analysis,Sediment,Sediment Transport Modeling,Not Applicable,Clay,Erosion,Not Applicable,Not Applicable,Not Applicable,Yes,Structure Failure,Not Applicable,Potomac River,Not Applicable,Not Applicable,Not Applicable
E00650,L0213,brazos-river,Brazos River,"Case Histories in Soil and Rock Erosion: Woodrow Wilson Bridge, Brazos River Meander, Normandy Cliffs, and New Orleans Levees",2008,"Briaud, J-L",https://ascelibrary.org/doi/10.1061/%28ASCE%291090-0241%282008%29134%3A10%281425%29,Journal Article,Analysis,"Bathymetry,Sediment",Sediment Transport Modeling,Not Applicable,"Sand,Clay",Erosion,Not Applicable,Not Applicable,Not Applicable,Yes,Structure Failure,Not Applicable,Brazos River,Not Applicable,Not Applicable,Meandering Rivers
E00651,L0214,la-pointe-du-hoc-cliffs,La Pointe du Hoc Cliffs,"Case Histories in Soil and Rock Erosion: Woodrow Wilson Bridge, Brazos River Meander, Normandy Cliffs, and New Orleans Levees",2008,"Briaud, J-L",https://ascelibrary.org/doi/10.1061/%28ASCE%291090-0241%282008%29134%3A10%281425%29,Journal Article,Analysis,Sediment,Sediment Transport Modeling,Not Applicable,,Erosion,Not Applicable,Not Applicable,Not Applicable,Not Applicable,"Structure Failure,Adaptive maNot Applicablegement",Not Applicable,English Channel,Not Applicable,Not Applicable,Not Applicable
E00652,L0215,new-orleans-levees,New Orleans levees,"Case Histories in Soil and Rock Erosion: Woodrow Wilson Bridge, Brazos River Meander, Normandy Cliffs, and New Orleans Levees",2008,"Briaud, J-L",https://ascelibrary.org/doi/10.1061/%28ASCE%291090-0241%282008%29134%3A10%281425%29,Journal Article,Analysis,Sediment,Sediment Transport Modeling,Not Applicable,"Cohesive,Sand,Clay",Erosion,Not Applicable,Not Applicable,Not Applicable,Not Applicable,"Flood,Structure Failure",Not Applicable,,Not Applicable,Urban,Not Applicable
E00653,L0216,jennings-randolph-reservoir,Jennings Randolph Reservoir,"$ Sediment deposition in Jennings Randolph Reservoir, Maryland and West Virginia",1996,"Burns, M, MacArthur, R",https://acwi.gov/sos/pubs/6thFISC/6Fisc-V2/6Fsc2-10.PDF,Conference Paper,Analysis,Sediment,"Frequency Analysis,Regression",Not Applicable,Not Applicable,Not Applicable,Not Applicable,Not Applicable,Not Applicable,Not Applicable,Not Applicable,Not Applicable,Appalachian highlands,Not Applicable,"forestry,Mining",Not Applicable
E00654,L0217,california-and-colorado-burned-basins,California and Colorado burned basins,$ Storm rainfall conditions for floods and debris flows from recently burned areas in southwestern Colorado and southern California,2008,"Cannon, SH, Gartner, JE, Wilson, RC, Laber, JL",https://www.sciencedirect.com/science/article/pii/S0169555X07001778,Journal Article,"Planning,Analysis","Rainfall,Debris",Frequency Analysis,Flood risk,Debris,Debris,Not Applicable,Not Applicable,Not Applicable,Not Applicable,Flood,"Debris flow,wildfire",Western Mountains,Not Applicable,Not Applicable,Not Applicable
E00655,L0218,japan-check-dams,Japan check dams,Sabo check dams: Mountain protection systems in Japan,2004,"Chanson, H",https://www.tandfonline.com/doi/abs/10.1080/15715124.2004.9635240,Journal Article,Design,Not Applicable,Not Applicable,Not Applicable,"Woody Particles,Rock",Debris,Not Applicable,Not Applicable,Not Applicable,Not Applicable,Structure failure,"Debris flow,Earthquake,Volcanos","Steep unstable topography,Mountain",Land Management,Not Applicable,Not Applicable
E00656,L0219,,Clark County,Clark County Regional Flood Control District Hydrologic Criteria and Drainage Design Manual,1999,Clark County,http://gustfront.ccrfcd.org/pdf_arch1/hcddm/current%20manual%20(complete)/hcddm.pdf,Design Manual,Design,Hydraulics,"Hydraulic Equations,Hydraulic Modeling,Sediment Transport Modeling,Frequecy Analysis,Regression",Flood risk,"Gravel,Sand,Suspended,Debris","Bank erosion,Headcut,Suspended,Debris,Erosion",Not Applicable,Not Applicable,Not Applicable,Not Applicable,Not Applicable,Alluvial Fans,"Desert, Mountainous",Not Applicable,Not Applicable,Not Applicable
E00657,L0219,nevada,Nevada,Clark County Regional Flood Control District Hydrologic Criteria and Drainage Design Manual,1999,Clark County,http://gustfront.ccrfcd.org/pdf_arch1/hcddm/current%20manual%20(complete)/hcddm.pdf,Design Manual,Design,Hydraulics,"Hydraulic Equations,Hydraulic Modeling,Sediment Transport Modeling,Frequecy Analysis,Regression",Flood risk,"Gravel,Sand,Suspended,Debris","Bank erosion,Headcut,Suspended,Debris,Erosion",Not Applicable,Not Applicable,Not Applicable,Not Applicable,Not Applicable,Alluvial Fans,"Desert, Mountainous",Not Applicable,Not Applicable,Not Applicable
E00658,L0220,san-lorenzo-river,San Lorenzo River,San Lorenzo River Sedimentation Study: Numerical Model Investigation,1986,"Copeland, RR",https://usace.contentdm.oclc.org/digital/collection/p266001coll1/id/6953/rec/2,ERDC TN,"Maintenance,Analysis","Bathymetry,Sediment,Hydraulics",Sediment Transport Modeling,"Flood risk,Maintenance","Gravel,Sand",Erosion,Not Applicable,Not Applicable,Not Applicable,Yes,Flood,Not Applicable,,Not Applicable,Not Applicable,Modified streams
E00659,L0221,corte-madera-creek,Corte Madera Creek,"Corte Madera Creek, Marin County, California, Modified Unit 4Sedimentation Study",2000,"Copeland, RR",https://erdc-library.erdc.dren.mil/jspui/handle/11681/7463,ERDC TN,"Planning,Analysis","Bathymetry,Sediment,Hydraulics",Sediment Transport Modeling,Flood risk,"Gravel,Sand",Suspended,Not Applicable,Not Applicable,Not Applicable,Not Applicable,Flood,Not Applicable,,Not Applicable,Not Applicable,Modified streams
E00660,L0222,western-oregon-reservoirs,Western Oregon Reservoirs,Annual dam drawdowns evoke mixed reactions from those impacted,2025,"Wright, K",https://kval.com/news/local/annual-dam-drawdowns-evoke-mixed-reactions-from-those-impacted-turbidity-water-treatment-animal-conservation-salmon-migration-boat-ramps,News Article,Reporting,Not Applicable,Not Applicable,"Flood risk,Operations",Not Applicable,Not Applicable,Not Applicable,Yes,Yes,Not Applicable,Flood,Not Applicable,,Not Applicable,Not Applicable,Not Applicable
E00661,L0223,western-oregon-reservoirs,Western Oregon Reservoirs,Army Corps moving forward with Drawdowns in several Willamette Valley Resvoirs,2025,"Salinas, C",https://www.kezi.com/news/local/army-corps-moving-forward-with-drawdowns-in-several-willamette-valley-resvoirs/article_8658a649-0367-4e6f-9c23-1c362654610a.html,News Article,Reporting,Not Applicable,Not Applicable,"Flood risk,Operations",Not Applicable,Not Applicable,Not Applicable,Not Applicable,Yes,Not Applicable,Flood,Not Applicable,,Not Applicable,Not Applicable,Not Applicable
E00662,L0224,sambor-dam-proposed,Sambor Dam (proposed),Assessing Options for Managing Sediment during Design of Sambor Dam,2014,"Annandale, GW, Kaini, P, Patterson, J",https://www.renewableenergyworld.com/energy-storage/assessing-options-for-managing-sediment-during-design-of-sambor-dam/,News Article,Design,Not Applicable,Sediment Transport Modeling,Economics,Not Applicable,Reservoir Release,Not Applicable,Not Applicable,Not Applicable,Not Applicable,Not Applicable,Not Applicable,,Sediment Release,Not Applicable,Not Applicable
E00663,L0225,niobrara-river,Niobrara River,The Movement of Sediment in Rivers,1977,"Yang, CT",https://doi.org/10.1007/BF01449182,Journal Article,Analysis,"Water Quality,Sediment,Hydraulics","Hydraulic Equations,Laboratory Analysis,Sediment Transport Modeling,Regression",Not Applicable,"Suspended,Bedload","Suspended,Erosion",Not Applicable,Not Applicable,Not Applicable,Not Applicable,Not Applicable,Not Applicable,"Nebraska,South CaroliNot Applicable,Missouri",Sediment release,Not Applicable,"Braided rivers,Meandering rivers,Regulated rivers"
E00664,L0225,mountain-creek,Mountain Creek,The Movement of Sediment in Rivers,1977,"Yang, CT",https://doi.org/10.1007/BF01449182,Journal Article,Analysis,"Water Quality,Sediment,Hydraulics","Hydraulic Equations,Laboratory Analysis,Sediment Transport Modeling,Regression",Not Applicable,"Suspended,Bedload","Suspended,Erosion",Not Applicable,Not Applicable,Not Applicable,Not Applicable,Not Applicable,Not Applicable,"Nebraska,South CaroliNot Applicable,Missouri",Sediment release,Not Applicable,"Braided rivers,Meandering rivers,Regulated rivers"
E00665,L0225,middle-loup-river,Middle Loup River,The Movement of Sediment in Rivers,1977,"Yang, CT",https://doi.org/10.1007/BF01449182,Journal Article,Analysis,"Water Quality,Sediment,Hydraulics","Hydraulic Equations,Laboratory Analysis,Sediment Transport Modeling,Regression",Not Applicable,"Suspended,Bedload","Suspended,Erosion",Not Applicable,Not Applicable,Not Applicable,Not Applicable,Not Applicable,Not Applicable,"Nebraska,South CaroliNot Applicable,Missouri",Sediment release,Not Applicable,"Braided rivers,Meandering rivers,Regulated rivers"
E00666,L0225,mississippi-river,Mississippi River,The Movement of Sediment in Rivers,1977,"Yang, CT",https://doi.org/10.1007/BF01449182,Journal Article,Analysis,"Water Quality,Sediment,Hydraulics","Hydraulic Equations,Laboratory Analysis,Sediment Transport Modeling,Regression",Not Applicable,"Suspended,Bedload","Suspended,Erosion",Not Applicable,Not Applicable,Not Applicable,Not Applicable,Not Applicable,Not Applicable,"Nebraska,South CaroliNot Applicable,Missouri",Sediment release,Not Applicable,"Braided rivers,Meandering rivers,Regulated rivers"
E00667,L0226,east-fork-river,East Fork River,Depth-Averaged Two-Dimensional Numerical Modeling of Unsteady Flow and Nonuniform Sediment Transport in Open Channels,2004,"Wu, W",https://doi.org/10.1061/(ASCE)0733-9429(2004)130:10(1013),Journal Article,Analysis,"Bathymetry,Sediment,Hydraulics","Hydraulic Equations,Sediment Transport Modeling,Laboratory Analysis,Regression",Not Applicable,"Suspended,Bedload","Suspended,Erosion",Not Applicable,Not Applicable,Not Applicable,Not Applicable,Not Applicable,Not Applicable,Wyoming,"Sediment release,Deposition control",Not Applicable,Not Applicable
E00668,L0227,rivers-of-new-south-wales,Rivers of New South Wales,Bankfull frequency in rivers,1968,"Woodyer, KD",https://doi.org/10.1016/0022-1694(68)90155-8,Journal Article,"Planning,Reporting,Analysis",Hydraulics,Frequency Analysis,"Flood risk,Operations",Not Applicable,Not Applicable,Not Applicable,Not Applicable,Not Applicable,Not Applicable,Flood,Not Applicable,Australia,"Flood diversion,Deposition control",Wetlands,Not Applicable
E00669,L0228,green-river-at-warren-bridge,Green River at Warren Bridge,A method for sampling coarse river-bed material,1954,"Wolman, MG",https://doi.org/10.1029/TR035i006p00951,Journal Article,Analysis,Sediment,Regression,Not Applicable,"Gravel,Rock",Not Applicable,Not Applicable,Not Applicable,Not Applicable,Not Applicable,Not Applicable,Not Applicable,"Wyoming,Pennsylvania,Maryland",Not Applicable,"Urban,Forestry",Not Applicable
E00670,L0228,wind-river,Wind River,A method for sampling coarse river-bed material,1954,"Wolman, MG",https://doi.org/10.1029/TR035i006p00951,Journal Article,Analysis,Sediment,Regression,Not Applicable,"Gravel,Rock",Not Applicable,Not Applicable,Not Applicable,Not Applicable,Not Applicable,Not Applicable,Not Applicable,"Wyoming,Pennsylvania,Maryland",Not Applicable,"Urban,Forestry",Not Applicable
E00671,L0228,seneca-creek,Seneca Creek,A method for sampling coarse river-bed material,1954,"Wolman, MG",https://doi.org/10.1029/TR035i006p00951,Journal Article,Analysis,Sediment,Regression,Not Applicable,"Gravel,Rock",Not Applicable,Not Applicable,Not Applicable,Not Applicable,Not Applicable,Not Applicable,Not Applicable,"Wyoming,Pennsylvania,Maryland",Not Applicable,"Urban,Forestry",Not Applicable
E00672,L0228,brandywine-creek,Brandywine Creek,A method for sampling coarse river-bed material,1954,"Wolman, MG",https://doi.org/10.1029/TR035i006p00951,Journal Article,Analysis,Sediment,Regression,Not Applicable,"Gravel,Rock",Not Applicable,Not Applicable,Not Applicable,Not Applicable,Not Applicable,Not Applicable,Not Applicable,"Wyoming,Pennsylvania,Maryland",Not Applicable,"Urban,Forestry",Not Applicable
E00673,L0228,watts-branch,Watts Branch,A method for sampling coarse river-bed material,1954,"Wolman, MG",https://doi.org/10.1029/TR035i006p00951,Journal Article,Analysis,Sediment,Regression,Not Applicable,"Gravel,Rock",Not Applicable,Not Applicable,Not Applicable,Not Applicable,Not Applicable,Not Applicable,Not Applicable,"Wyoming,Pennsylvania,Maryland",Not Applicable,"Urban,Forestry",Not Applicable
E00674,L0229,,Watersheds near Riesel,Sediment-yield prediction with universal equation using runoff energy factor,1975,"Williams, JR",https://upload.wikimedia.org/wikipedia/commons/e/e1/FEDLINK_-_United_States_Federal_Collection_%28IA_presentprospecti40sedi%29.pdf,Conference Paper,"Planning,Analysis","Sediment,Hydraulics",Regression,Watershed planning,Suspended,Suspended,Not Applicable,Not Applicable,Not Applicable,Not Applicable,Not Applicable,Not Applicable,Texas,Sediment release,Agriculture,Not Applicable
E00675,L0229,,TX,Sediment-yield prediction with universal equation using runoff energy factor,1975,"Williams, JR",https://upload.wikimedia.org/wikipedia/commons/e/e1/FEDLINK_-_United_States_Federal_Collection_%28IA_presentprospecti40sedi%29.pdf,Conference Paper,"Planning,Analysis","Sediment,Hydraulics",Regression,Watershed planning,Suspended,Suspended,Not Applicable,Not Applicable,Not Applicable,Not Applicable,Not Applicable,Not Applicable,Texas,Sediment release,Agriculture,Not Applicable
E00676,L0230,susitna-river,Susitna River,Measured total sediment loads (suspended loads and bedloads) for 93 United States streams,1989,"Williams, GP, Rosgen, DL",https://pubs.usgs.gov/of/1989/0067/report.pdf,Government Report,Reporting,"Water Quality,Sediment,Hydraulics",Frequency Analysis,Not Applicable,"Suspended,Bedload","Suspended,Erosion",Not Applicable,Not Applicable,Not Applicable,Not Applicable,Not Applicable,Not Applicable,United States,Sediment release,Not Applicable,Not Applicable
E00677,L0230,chulitna-river,Chulitna River,Measured total sediment loads (suspended loads and bedloads) for 93 United States streams,1989,"Williams, GP, Rosgen, DL",https://pubs.usgs.gov/of/1989/0067/report.pdf,Government Report,Reporting,"Water Quality,Sediment,Hydraulics",Frequency Analysis,Not Applicable,"Suspended,Bedload","Suspended,Erosion",Not Applicable,Not Applicable,Not Applicable,Not Applicable,Not Applicable,Not Applicable,United States,Sediment release,Not Applicable,Not Applicable
E00678,L0230,yentna-river,Yentna River,Measured total sediment loads (suspended loads and bedloads) for 93 United States streams,1989,"Williams, GP, Rosgen, DL",https://pubs.usgs.gov/of/1989/0067/report.pdf,Government Report,Reporting,"Water Quality,Sediment,Hydraulics",Frequency Analysis,Not Applicable,"Suspended,Bedload","Suspended,Erosion",Not Applicable,Not Applicable,Not Applicable,Not Applicable,Not Applicable,Not Applicable,United States,Sediment release,Not Applicable,Not Applicable
E00679,L0230,tanana-river,Tanana River,Measured total sediment loads (suspended loads and bedloads) for 93 United States streams,1989,"Williams, GP, Rosgen, DL",https://pubs.usgs.gov/of/1989/0067/report.pdf,Government Report,Reporting,"Water Quality,Sediment,Hydraulics",Frequency Analysis,Not Applicable,"Suspended,Bedload","Suspended,Erosion",Not Applicable,Not Applicable,Not Applicable,Not Applicable,Not Applicable,Not Applicable,United States,Sediment release,Not Applicable,Not Applicable
E00680,L0230,snake-river,Snake River,Measured total sediment loads (suspended loads and bedloads) for 93 United States streams,1989,"Williams, GP, Rosgen, DL",https://pubs.usgs.gov/of/1989/0067/report.pdf,Government Report,Reporting,"Water Quality,Sediment,Hydraulics",Frequency Analysis,Not Applicable,"Suspended,Bedload","Suspended,Erosion",Not Applicable,Not Applicable,Not Applicable,Not Applicable,Not Applicable,Not Applicable,United States,Sediment release,Not Applicable,Not Applicable
E00681,L0230,toutle-river-at-tower-rd,Toutle River at Tower Rd.,Measured total sediment loads (suspended loads and bedloads) for 93 United States streams,1989,"Williams, GP, Rosgen, DL",https://pubs.usgs.gov/of/1989/0067/report.pdf,Government Report,Reporting,"Water Quality,Sediment,Hydraulics",Frequency Analysis,Not Applicable,"Suspended,Bedload","Suspended,Erosion",Not Applicable,Not Applicable,Not Applicable,Not Applicable,Not Applicable,Not Applicable,United States,Sediment release,Not Applicable,Not Applicable
E00682,L0230,north-fork-toutle-river,North Fork Toutle River,Measured total sediment loads (suspended loads and bedloads) for 93 United States streams,1989,"Williams, GP, Rosgen, DL",https://pubs.usgs.gov/of/1989/0067/report.pdf,Government Report,Reporting,"Water Quality,Sediment,Hydraulics",Frequency Analysis,Not Applicable,"Suspended,Bedload","Suspended,Erosion",Not Applicable,Not Applicable,Not Applicable,Not Applicable,Not Applicable,Not Applicable,United States,Sediment release,Not Applicable,Not Applicable
E00683,L0230,oak-creek,Oak Creek,Measured total sediment loads (suspended loads and bedloads) for 93 United States streams,1989,"Williams, GP, Rosgen, DL",https://pubs.usgs.gov/of/1989/0067/report.pdf,Government Report,Reporting,"Water Quality,Sediment,Hydraulics",Frequency Analysis,Not Applicable,"Suspended,Bedload","Suspended,Erosion",Not Applicable,Not Applicable,Not Applicable,Not Applicable,Not Applicable,Not Applicable,United States,Sediment release,Not Applicable,Not Applicable
E00684,L0230,san-antonio-river,San Antonio River,Measured total sediment loads (suspended loads and bedloads) for 93 United States streams,1989,"Williams, GP, Rosgen, DL",https://pubs.usgs.gov/of/1989/0067/report.pdf,Government Report,Reporting,"Water Quality,Sediment,Hydraulics",Frequency Analysis,Not Applicable,"Suspended,Bedload","Suspended,Erosion",Not Applicable,Not Applicable,Not Applicable,Not Applicable,Not Applicable,Not Applicable,United States,Sediment release,Not Applicable,Not Applicable
E00685,L0230,chamise-creek,Chamise Creek,Measured total sediment loads (suspended loads and bedloads) for 93 United States streams,1989,"Williams, GP, Rosgen, DL",https://pubs.usgs.gov/of/1989/0067/report.pdf,Government Report,Reporting,"Water Quality,Sediment,Hydraulics",Frequency Analysis,Not Applicable,"Suspended,Bedload","Suspended,Erosion",Not Applicable,Not Applicable,Not Applicable,Not Applicable,Not Applicable,Not Applicable,United States,Sediment release,Not Applicable,Not Applicable
E00686,L0230,redwood-creek,Redwood Creek,Measured total sediment loads (suspended loads and bedloads) for 93 United States streams,1989,"Williams, GP, Rosgen, DL",https://pubs.usgs.gov/of/1989/0067/report.pdf,Government Report,Reporting,"Water Quality,Sediment,Hydraulics",Frequency Analysis,Not Applicable,"Suspended,Bedload","Suspended,Erosion",Not Applicable,Not Applicable,Not Applicable,Not Applicable,Not Applicable,Not Applicable,United States,Sediment release,Not Applicable,Not Applicable
E00687,L0230,sacramento-river-above-bend-bridge,Sacramento River above Bend Bridge,Measured total sediment loads (suspended loads and bedloads) for 93 United States streams,1989,"Williams, GP, Rosgen, DL",https://pubs.usgs.gov/of/1989/0067/report.pdf,Government Report,Reporting,"Water Quality,Sediment,Hydraulics",Frequency Analysis,Not Applicable,"Suspended,Bedload","Suspended,Erosion",Not Applicable,Not Applicable,Not Applicable,Not Applicable,Not Applicable,Not Applicable,United States,Sediment release,Not Applicable,Not Applicable
E00688,L0231,cache-la-poudre-river,Cache La Poudre River,Bankfull discharge of rivers,1978,"Williams, GP",https://doi.org/10.1029/WR014i006p01141,Journal Article,"Reporting,Analysis",Hydraulics,"Hydraulic Equations,Frequency Analysis,Regression",Flood risk,Not Applicable,Not Applicable,Not Applicable,Not Applicable,Not Applicable,Not Applicable,Flood,Not Applicable,United States,Not Applicable,Not Applicable,Not Applicable
E00689,L0231,elk-river,Elk River,Bankfull discharge of rivers,1978,"Williams, GP",https://doi.org/10.1029/WR014i006p01141,Journal Article,"Reporting,Analysis",Hydraulics,"Hydraulic Equations,Frequency Analysis,Regression",Flood risk,Not Applicable,Not Applicable,Not Applicable,Not Applicable,Not Applicable,Not Applicable,Flood,Not Applicable,United States,Not Applicable,Not Applicable,Not Applicable
E00690,L0231,rock-creek,Rock Creek,Bankfull discharge of rivers,1978,"Williams, GP",https://doi.org/10.1029/WR014i006p01141,Journal Article,"Reporting,Analysis",Hydraulics,"Hydraulic Equations,Frequency Analysis,Regression",Flood risk,Not Applicable,Not Applicable,Not Applicable,Not Applicable,Not Applicable,Not Applicable,Flood,Not Applicable,United States,Not Applicable,Not Applicable,Not Applicable
E00691,L0231,keystone-gulch,Keystone Gulch,Bankfull discharge of rivers,1978,"Williams, GP",https://doi.org/10.1029/WR014i006p01141,Journal Article,"Reporting,Analysis",Hydraulics,"Hydraulic Equations,Frequency Analysis,Regression",Flood risk,Not Applicable,Not Applicable,Not Applicable,Not Applicable,Not Applicable,Not Applicable,Flood,Not Applicable,United States,Not Applicable,Not Applicable,Not Applicable
E00692,L0231,east-river,East River,Bankfull discharge of rivers,1978,"Williams, GP",https://doi.org/10.1029/WR014i006p01141,Journal Article,"Reporting,Analysis",Hydraulics,"Hydraulic Equations,Frequency Analysis,Regression",Flood risk,Not Applicable,Not Applicable,Not Applicable,Not Applicable,Not Applicable,Not Applicable,Flood,Not Applicable,United States,Not Applicable,Not Applicable,Not Applicable
E00693,L0231,lake-fork,Lake Fork,Bankfull discharge of rivers,1978,"Williams, GP",https://doi.org/10.1029/WR014i006p01141,Journal Article,"Reporting,Analysis",Hydraulics,"Hydraulic Equations,Frequency Analysis,Regression",Flood risk,Not Applicable,Not Applicable,Not Applicable,Not Applicable,Not Applicable,Not Applicable,Flood,Not Applicable,United States,Not Applicable,Not Applicable,Not Applicable
E00694,L0231,tomiche-creek,Tomiche Creek,Bankfull discharge of rivers,1978,"Williams, GP",https://doi.org/10.1029/WR014i006p01141,Journal Article,"Reporting,Analysis",Hydraulics,"Hydraulic Equations,Frequency Analysis,Regression",Flood risk,Not Applicable,Not Applicable,Not Applicable,Not Applicable,Not Applicable,Not Applicable,Flood,Not Applicable,United States,Not Applicable,Not Applicable,Not Applicable
E00695,L0231,muddy-creek,Muddy Creek,Bankfull discharge of rivers,1978,"Williams, GP",https://doi.org/10.1029/WR014i006p01141,Journal Article,"Reporting,Analysis",Hydraulics,"Hydraulic Equations,Frequency Analysis,Regression",Flood risk,Not Applicable,Not Applicable,Not Applicable,Not Applicable,Not Applicable,Not Applicable,Flood,Not Applicable,United States,Not Applicable,Not Applicable,Not Applicable
E00696,L0231,white-river,White River,Bankfull discharge of rivers,1978,"Williams, GP",https://doi.org/10.1029/WR014i006p01141,Journal Article,"Reporting,Analysis",Hydraulics,"Hydraulic Equations,Frequency Analysis,Regression",Flood risk,Not Applicable,Not Applicable,Not Applicable,Not Applicable,Not Applicable,Not Applicable,Flood,Not Applicable,United States,Not Applicable,Not Applicable,Not Applicable
E00697,L0231,pine-creek,Pine Creek,Bankfull discharge of rivers,1978,"Williams, GP",https://doi.org/10.1029/WR014i006p01141,Journal Article,"Reporting,Analysis",Hydraulics,"Hydraulic Equations,Frequency Analysis,Regression",Flood risk,Not Applicable,Not Applicable,Not Applicable,Not Applicable,Not Applicable,Not Applicable,Flood,Not Applicable,United States,Not Applicable,Not Applicable,Not Applicable
E00698,L0231,san-francisco-river,San Francisco River,Bankfull discharge of rivers,1978,"Williams, GP",https://doi.org/10.1029/WR014i006p01141,Journal Article,"Reporting,Analysis",Hydraulics,"Hydraulic Equations,Frequency Analysis,Regression",Flood risk,Not Applicable,Not Applicable,Not Applicable,Not Applicable,Not Applicable,Not Applicable,Flood,Not Applicable,United States,Not Applicable,Not Applicable,Not Applicable
E00699,L0231,gila-river,Gila River,Bankfull discharge of rivers,1978,"Williams, GP",https://doi.org/10.1029/WR014i006p01141,Journal Article,"Reporting,Analysis",Hydraulics,"Hydraulic Equations,Frequency Analysis,Regression",Flood risk,Not Applicable,Not Applicable,Not Applicable,Not Applicable,Not Applicable,Not Applicable,Flood,Not Applicable,United States,Not Applicable,Not Applicable,Not Applicable
E00700,L0231,jemez-river,Jemez River,Bankfull discharge of rivers,1978,"Williams, GP",https://doi.org/10.1029/WR014i006p01141,Journal Article,"Reporting,Analysis",Hydraulics,"Hydraulic Equations,Frequency Analysis,Regression",Flood risk,Not Applicable,Not Applicable,Not Applicable,Not Applicable,Not Applicable,Not Applicable,Flood,Not Applicable,United States,Not Applicable,Not Applicable,Not Applicable
E00701,L0231,embulo-creek,Embulo Creek,Bankfull discharge of rivers,1978,"Williams, GP",https://doi.org/10.1029/WR014i006p01141,Journal Article,"Reporting,Analysis",Hydraulics,"Hydraulic Equations,Frequency Analysis,Regression",Flood risk,Not Applicable,Not Applicable,Not Applicable,Not Applicable,Not Applicable,Not Applicable,Flood,Not Applicable,United States,Not Applicable,Not Applicable,Not Applicable
E00702,L0231,rio-chiquito,Rio Chiquito,Bankfull discharge of rivers,1978,"Williams, GP",https://doi.org/10.1029/WR014i006p01141,Journal Article,"Reporting,Analysis",Hydraulics,"Hydraulic Equations,Frequency Analysis,Regression",Flood risk,Not Applicable,Not Applicable,Not Applicable,Not Applicable,Not Applicable,Not Applicable,Flood,Not Applicable,United States,Not Applicable,Not Applicable,Not Applicable
E00703,L0231,rio-grande-del-rancho,Rio Grande del Rancho,Bankfull discharge of rivers,1978,"Williams, GP",https://doi.org/10.1029/WR014i006p01141,Journal Article,"Reporting,Analysis",Hydraulics,"Hydraulic Equations,Frequency Analysis,Regression",Flood risk,Not Applicable,Not Applicable,Not Applicable,Not Applicable,Not Applicable,Not Applicable,Flood,Not Applicable,United States,Not Applicable,Not Applicable,Not Applicable
E00704,L0232,,Roanoke River,Evaluation of the jet test method for determining the erosional properties of cohesive soils: a numerical approach,2012,"Weidner, KL",https://vtechworks.lib.vt.edu/bitstream/handle/10919/72983/etd-05022012-161317_Weidner_KL_T_2012.pdf?sequence=1,Thesis,"Reporting,Analysis","Sediment,Hydraulics",Sediment Transport Modeling,Flood risk,"Cohesive,Clay","Bank Erosion,Erosion",Not Applicable,Not Applicable,Not Applicable,Not Applicable,Flood,Not Applicable,North CaroliNot Applicable,Sediment release,Forestry,Not Applicable
E00705,L0233,canyon-lake-spillway,Canyon Lake Spillway,Risk Assessment of Rock Surface Spillway Erosion Using Parametric Studies,2008,"Villanueva, E, Wibowo, JL",https://hdl.handle.net/11681/10416,ERDC TN,"Planning,Design,Analysis","Bathymetry,Sediment,Hydraulics","Hydraulic Equations,Sediment Transport Modeling,Regression","Flood risk,Operations",Rock,"Emergency Spillway,Erosion",Not Applicable,Not Applicable,Not Applicable,Not Applicable,"Flood,Structure failure",Not Applicable,"Texas,Kansas",Not Applicable,Not Applicable,Not Applicable
E00706,L0233,,Tuttle Creek Spillway,Risk Assessment of Rock Surface Spillway Erosion Using Parametric Studies,2008,"Villanueva, E, Wibowo, JL",https://hdl.handle.net/11681/10416,ERDC TN,"Planning,Design,Analysis","Bathymetry,Sediment,Hydraulics","Hydraulic Equations,Sediment Transport Modeling,Regression","Flood risk,Operations",Rock,"Emergency Spillway,Erosion",Not Applicable,Not Applicable,Not Applicable,Not Applicable,"Flood,Structure failure",Not Applicable,"Texas,Kansas",Not Applicable,Not Applicable,Not Applicable
E00707,L0234,fort-randall-dam,Fort Randall Dam,Fifty Years of Sedimentation,1984,"Vanoni, VA",https://doi.org/10.1061/(ASCE)0733-9429(1984)110:8(1021),Journal Article,Analysis,"Bathymetry,Sediment,Hydraulics","Hydraulic Equations,Laboratory Analysis,Sediment Transport Modeling,Regression",Not Applicable,"Suspended,Bedload","Suspended,Erosion",Not Applicable,Not Applicable,Not Applicable,Yes,Not Applicable,Not Applicable,"South Dakota,Mississippi,Nebraska,Iowa,California","Sediment release,Deposition control",Not Applicable,"Meandering rivers,Modified streams,Regulated rivers"
E00708,L0234,pigeon-roost-creek,Pigeon Roost Creek,Fifty Years of Sedimentation,1984,"Vanoni, VA",https://doi.org/10.1061/(ASCE)0733-9429(1984)110:8(1021),Journal Article,Analysis,"Bathymetry,Sediment,Hydraulics","Hydraulic Equations,Laboratory Analysis,Sediment Transport Modeling,Regression",Not Applicable,"Suspended,Bedload","Suspended,Erosion",Not Applicable,Not Applicable,Not Applicable,Yes,Not Applicable,Not Applicable,"South Dakota,Mississippi,Nebraska,Iowa,California","Sediment release,Deposition control",Not Applicable,"Meandering rivers,Modified streams,Regulated rivers"
E00709,L0234,missouri-river,Missouri River,Fifty Years of Sedimentation,1984,"Vanoni, VA",https://doi.org/10.1061/(ASCE)0733-9429(1984)110:8(1021),Journal Article,Analysis,"Bathymetry,Sediment,Hydraulics","Hydraulic Equations,Laboratory Analysis,Sediment Transport Modeling,Regression",Not Applicable,"Suspended,Bedload","Suspended,Erosion",Not Applicable,Not Applicable,Not Applicable,Yes,Not Applicable,Not Applicable,"South Dakota,Mississippi,Nebraska,Iowa,California","Sediment release,Deposition control",Not Applicable,"Meandering rivers,Modified streams,Regulated rivers"
E00710,L0234,elkhorn-river,Elkhorn River,Fifty Years of Sedimentation,1984,"Vanoni, VA",https://doi.org/10.1061/(ASCE)0733-9429(1984)110:8(1021),Journal Article,Analysis,"Bathymetry,Sediment,Hydraulics","Hydraulic Equations,Laboratory Analysis,Sediment Transport Modeling,Regression",Not Applicable,"Suspended,Bedload","Suspended,Erosion",Not Applicable,Not Applicable,Not Applicable,Yes,Not Applicable,Not Applicable,"South Dakota,Mississippi,Nebraska,Iowa,California","Sediment release,Deposition control",Not Applicable,"Meandering rivers,Modified streams,Regulated rivers"
E00711,L0234,big-sioux-river,Big Sioux River,Fifty Years of Sedimentation,1984,"Vanoni, VA",https://doi.org/10.1061/(ASCE)0733-9429(1984)110:8(1021),Journal Article,Analysis,"Bathymetry,Sediment,Hydraulics","Hydraulic Equations,Laboratory Analysis,Sediment Transport Modeling,Regression",Not Applicable,"Suspended,Bedload","Suspended,Erosion",Not Applicable,Not Applicable,Not Applicable,Yes,Not Applicable,Not Applicable,"South Dakota,Mississippi,Nebraska,Iowa,California","Sediment release,Deposition control",Not Applicable,"Meandering rivers,Modified streams,Regulated rivers"
E00712,L0234,platte-river,Platte River,Fifty Years of Sedimentation,1984,"Vanoni, VA",https://doi.org/10.1061/(ASCE)0733-9429(1984)110:8(1021),Journal Article,Analysis,"Bathymetry,Sediment,Hydraulics","Hydraulic Equations,Laboratory Analysis,Sediment Transport Modeling,Regression",Not Applicable,"Suspended,Bedload","Suspended,Erosion",Not Applicable,Not Applicable,Not Applicable,Yes,Not Applicable,Not Applicable,"South Dakota,Mississippi,Nebraska,Iowa,California","Sediment release,Deposition control",Not Applicable,"Meandering rivers,Modified streams,Regulated rivers"
E00713,L0234,niobrara-river,Niobrara River,Fifty Years of Sedimentation,1984,"Vanoni, VA",https://doi.org/10.1061/(ASCE)0733-9429(1984)110:8(1021),Journal Article,Analysis,"Bathymetry,Sediment,Hydraulics","Hydraulic Equations,Laboratory Analysis,Sediment Transport Modeling,Regression",Not Applicable,"Suspended,Bedload","Suspended,Erosion",Not Applicable,Not Applicable,Not Applicable,Yes,Not Applicable,Not Applicable,"South Dakota,Mississippi,Nebraska,Iowa,California","Sediment release,Deposition control",Not Applicable,"Meandering rivers,Modified streams,Regulated rivers"
E00714,L0234,salinas-river,Salinas River,Fifty Years of Sedimentation,1984,"Vanoni, VA",https://doi.org/10.1061/(ASCE)0733-9429(1984)110:8(1021),Journal Article,Analysis,"Bathymetry,Sediment,Hydraulics","Hydraulic Equations,Laboratory Analysis,Sediment Transport Modeling,Regression",Not Applicable,"Suspended,Bedload","Suspended,Erosion",Not Applicable,Not Applicable,Not Applicable,Yes,Not Applicable,Not Applicable,"South Dakota,Mississippi,Nebraska,Iowa,California","Sediment release,Deposition control",Not Applicable,"Meandering rivers,Modified streams,Regulated rivers"
E00715,L0234,nacimiento-river,Nacimiento River,Fifty Years of Sedimentation,1984,"Vanoni, VA",https://doi.org/10.1061/(ASCE)0733-9429(1984)110:8(1021),Journal Article,Analysis,"Bathymetry,Sediment,Hydraulics","Hydraulic Equations,Laboratory Analysis,Sediment Transport Modeling,Regression",Not Applicable,"Suspended,Bedload","Suspended,Erosion",Not Applicable,Not Applicable,Not Applicable,Yes,Not Applicable,Not Applicable,"South Dakota,Mississippi,Nebraska,Iowa,California","Sediment release,Deposition control",Not Applicable,"Meandering rivers,Modified streams,Regulated rivers"
E00716,L0235,rhein-river,Rhein River,"Some contributions to the problem of velocity formula and roughness coefficient for rivers, canals, and closed conduits",1923,"Strickler, A",https://files.core.ac.uk/download/216155850.pdf,Government Report,"Design,Analysis",Hydraulics,"Hydraulic Equations,Laboratory Analysis,Regression",Not Applicable,Not Applicable,Not Applicable,Not Applicable,Not Applicable,Not Applicable,Not Applicable,Not Applicable,Not Applicable,"Europe,Mississippi",Not Applicable,Not Applicable,"Modified streams,Regulated rivers,Underfit streams"
E00717,L0235,aare-river,Aare River,"Some contributions to the problem of velocity formula and roughness coefficient for rivers, canals, and closed conduits",1923,"Strickler, A",https://files.core.ac.uk/download/216155850.pdf,Government Report,"Design,Analysis",Hydraulics,"Hydraulic Equations,Laboratory Analysis,Regression",Not Applicable,Not Applicable,Not Applicable,Not Applicable,Not Applicable,Not Applicable,Not Applicable,Not Applicable,Not Applicable,"Europe,Mississippi",Not Applicable,Not Applicable,"Modified streams,Regulated rivers,Underfit streams"
E00718,L0235,rhone-river,Rhone River,"Some contributions to the problem of velocity formula and roughness coefficient for rivers, canals, and closed conduits",1923,"Strickler, A",https://files.core.ac.uk/download/216155850.pdf,Government Report,"Design,Analysis",Hydraulics,"Hydraulic Equations,Laboratory Analysis,Regression",Not Applicable,Not Applicable,Not Applicable,Not Applicable,Not Applicable,Not Applicable,Not Applicable,Not Applicable,Not Applicable,"Europe,Mississippi",Not Applicable,Not Applicable,"Modified streams,Regulated rivers,Underfit streams"
E00719,L0235,mississippi-river,Mississippi River,"Some contributions to the problem of velocity formula and roughness coefficient for rivers, canals, and closed conduits",1923,"Strickler, A",https://files.core.ac.uk/download/216155850.pdf,Government Report,"Design,Analysis",Hydraulics,"Hydraulic Equations,Laboratory Analysis,Regression",Not Applicable,Not Applicable,Not Applicable,Not Applicable,Not Applicable,Not Applicable,Not Applicable,Not Applicable,Not Applicable,"Europe,Mississippi",Not Applicable,Not Applicable,"Modified streams,Regulated rivers,Underfit streams"
E00720,L0235,donau-river,Donau River,"Some contributions to the problem of velocity formula and roughness coefficient for rivers, canals, and closed conduits",1923,"Strickler, A",https://files.core.ac.uk/download/216155850.pdf,Government Report,"Design,Analysis",Hydraulics,"Hydraulic Equations,Laboratory Analysis,Regression",Not Applicable,Not Applicable,Not Applicable,Not Applicable,Not Applicable,Not Applicable,Not Applicable,Not Applicable,Not Applicable,"Europe,Mississippi",Not Applicable,Not Applicable,"Modified streams,Regulated rivers,Underfit streams"
E00721,L0235,reuss-river,Reuss River,"Some contributions to the problem of velocity formula and roughness coefficient for rivers, canals, and closed conduits",1923,"Strickler, A",https://files.core.ac.uk/download/216155850.pdf,Government Report,"Design,Analysis",Hydraulics,"Hydraulic Equations,Laboratory Analysis,Regression",Not Applicable,Not Applicable,Not Applicable,Not Applicable,Not Applicable,Not Applicable,Not Applicable,Not Applicable,Not Applicable,"Europe,Mississippi",Not Applicable,Not Applicable,"Modified streams,Regulated rivers,Underfit streams"
E00722,L0236,mississippi-river,Mississippi River,Fluvial Geomorphology: Historical Perspective and Fluvial Geomorphology: Channel Adjustment and River Metamorphosis,1971,"Shen, HW",https://www.worldcat.org/title/river-mechanics/oclc/238313,Book,"Reporting,Analysis","Bathymetry,Sediment,Hydraulics",Regression,Watershed planning,Bedload,"Erosion,Suspended",Not Applicable,Not Applicable,Not Applicable,Yes,Not Applicable,Not Applicable,Worldwide,Land Management,"Wetlands,Agriculture","Deltas,Alluvial fans,Regulated Rivers"
E00723,L0236,lake-kyoga-region,Lake Kyoga region,Fluvial Geomorphology: Historical Perspective and Fluvial Geomorphology: Channel Adjustment and River Metamorphosis,1971,"Shen, HW",https://www.worldcat.org/title/river-mechanics/oclc/238313,Book,"Reporting,Analysis","Bathymetry,Sediment,Hydraulics",Regression,Watershed planning,Bedload,"Erosion,Suspended",Not Applicable,Not Applicable,Not Applicable,Yes,Not Applicable,Not Applicable,Worldwide,Land Management,"Wetlands,Agriculture","Deltas,Alluvial fans,Regulated Rivers"
E00724,L0236,indus-river,Indus River,Fluvial Geomorphology: Historical Perspective and Fluvial Geomorphology: Channel Adjustment and River Metamorphosis,1971,"Shen, HW",https://www.worldcat.org/title/river-mechanics/oclc/238313,Book,"Reporting,Analysis","Bathymetry,Sediment,Hydraulics",Regression,Watershed planning,Bedload,"Erosion,Suspended",Not Applicable,Not Applicable,Not Applicable,Yes,Not Applicable,Not Applicable,Worldwide,Land Management,"Wetlands,Agriculture","Deltas,Alluvial fans,Regulated Rivers"
E00725,L0236,ganges-river,Ganges River,Fluvial Geomorphology: Historical Perspective and Fluvial Geomorphology: Channel Adjustment and River Metamorphosis,1971,"Shen, HW",https://www.worldcat.org/title/river-mechanics/oclc/238313,Book,"Reporting,Analysis","Bathymetry,Sediment,Hydraulics",Regression,Watershed planning,Bedload,"Erosion,Suspended",Not Applicable,Not Applicable,Not Applicable,Yes,Not Applicable,Not Applicable,Worldwide,Land Management,"Wetlands,Agriculture","Deltas,Alluvial fans,Regulated Rivers"
E00726,L0236,missouri-river,Missouri River,Fluvial Geomorphology: Historical Perspective and Fluvial Geomorphology: Channel Adjustment and River Metamorphosis,1971,"Shen, HW",https://www.worldcat.org/title/river-mechanics/oclc/238313,Book,"Reporting,Analysis","Bathymetry,Sediment,Hydraulics",Regression,Watershed planning,Bedload,"Erosion,Suspended",Not Applicable,Not Applicable,Not Applicable,Yes,Not Applicable,Not Applicable,Worldwide,Land Management,"Wetlands,Agriculture","Deltas,Alluvial fans,Regulated Rivers"
E00727,L0236,north-platte-river,North Platte River,Fluvial Geomorphology: Historical Perspective and Fluvial Geomorphology: Channel Adjustment and River Metamorphosis,1971,"Shen, HW",https://www.worldcat.org/title/river-mechanics/oclc/238313,Book,"Reporting,Analysis","Bathymetry,Sediment,Hydraulics",Regression,Watershed planning,Bedload,"Erosion,Suspended",Not Applicable,Not Applicable,Not Applicable,Yes,Not Applicable,Not Applicable,Worldwide,Land Management,"Wetlands,Agriculture","Deltas,Alluvial fans,Regulated Rivers"
E00728,L0236,south-platte-river,South Platte River,Fluvial Geomorphology: Historical Perspective and Fluvial Geomorphology: Channel Adjustment and River Metamorphosis,1971,"Shen, HW",https://www.worldcat.org/title/river-mechanics/oclc/238313,Book,"Reporting,Analysis","Bathymetry,Sediment,Hydraulics",Regression,Watershed planning,Bedload,"Erosion,Suspended",Not Applicable,Not Applicable,Not Applicable,Yes,Not Applicable,Not Applicable,Worldwide,Land Management,"Wetlands,Agriculture","Deltas,Alluvial fans,Regulated Rivers"
E00729,L0236,murrumbidgee-river,Murrumbidgee River,Fluvial Geomorphology: Historical Perspective and Fluvial Geomorphology: Channel Adjustment and River Metamorphosis,1971,"Shen, HW",https://www.worldcat.org/title/river-mechanics/oclc/238313,Book,"Reporting,Analysis","Bathymetry,Sediment,Hydraulics",Regression,Watershed planning,Bedload,"Erosion,Suspended",Not Applicable,Not Applicable,Not Applicable,Yes,Not Applicable,Not Applicable,Worldwide,Land Management,"Wetlands,Agriculture","Deltas,Alluvial fans,Regulated Rivers"
E00730,L0237,terek-river,Terek River,The Schoklitsch bed-load formula,1935,"Shulitis, S",https://public.ucrlib.aspace.cdlib.org/repositories/5/archival_objects/579823,Journal Article,Analysis,"Sediment,Hydraulics","Laboratory Analysis,Regression",Not Applicable,"Bedload,sand","Erosion,Suspended",Not Applicable,Not Applicable,Not Applicable,Not Applicable,Not Applicable,Not Applicable,Europe,"Sediment release,Deposition control",Not Applicable,Not Applicable
E00731,L0237,mur-river,Mur River,The Schoklitsch bed-load formula,1935,"Shulitis, S",https://public.ucrlib.aspace.cdlib.org/repositories/5/archival_objects/579823,Journal Article,Analysis,"Sediment,Hydraulics","Laboratory Analysis,Regression",Not Applicable,"Bedload,sand","Erosion,Suspended",Not Applicable,Not Applicable,Not Applicable,Not Applicable,Not Applicable,Not Applicable,Europe,"Sediment release,Deposition control",Not Applicable,Not Applicable
E00732,L0237,danube-river,Danube River,The Schoklitsch bed-load formula,1935,"Shulitis, S",https://public.ucrlib.aspace.cdlib.org/repositories/5/archival_objects/579823,Journal Article,Analysis,"Sediment,Hydraulics","Laboratory Analysis,Regression",Not Applicable,"Bedload,sand","Erosion,Suspended",Not Applicable,Not Applicable,Not Applicable,Not Applicable,Not Applicable,Not Applicable,Europe,"Sediment release,Deposition control",Not Applicable,Not Applicable
E00733,L0238,sage-creek,Sage Creek,The shape of alluvial channels in relation to sediment type,1960,"Schumm, SA",https://pubs.usgs.gov/pp/0352b/report.pdf,Government Report,"Reporting,Analysis","Bathymetry,Sediment,Hydraulics",Regression,Not Applicable,"Bedload,silt,clay","Erosion,Suspended",Not Applicable,Not Applicable,Not Applicable,Not Applicable,Not Applicable,Not Applicable,"Kansas,Colorado,Nebraska,New Mexico,South Dakota,Wyoming,MontaNot Applicable","Sediment release,Deposition control",Not Applicable,Not Applicable
E00734,L0238,sand-creek,Sand Creek,The shape of alluvial channels in relation to sediment type,1960,"Schumm, SA",https://pubs.usgs.gov/pp/0352b/report.pdf,Government Report,"Reporting,Analysis","Bathymetry,Sediment,Hydraulics",Regression,Not Applicable,"Bedload,silt,clay","Erosion,Suspended",Not Applicable,Not Applicable,Not Applicable,Not Applicable,Not Applicable,Not Applicable,"Kansas,Colorado,Nebraska,New Mexico,South Dakota,Wyoming,MontaNot Applicable","Sediment release,Deposition control",Not Applicable,Not Applicable
E00735,L0238,arroyo-calabasas,Arroyo Calabasas,The shape of alluvial channels in relation to sediment type,1960,"Schumm, SA",https://pubs.usgs.gov/pp/0352b/report.pdf,Government Report,"Reporting,Analysis","Bathymetry,Sediment,Hydraulics",Regression,Not Applicable,"Bedload,silt,clay","Erosion,Suspended",Not Applicable,Not Applicable,Not Applicable,Not Applicable,Not Applicable,Not Applicable,"Kansas,Colorado,Nebraska,New Mexico,South Dakota,Wyoming,MontaNot Applicable","Sediment release,Deposition control",Not Applicable,Not Applicable
E00736,L0238,bayou-gulch,Bayou Gulch,The shape of alluvial channels in relation to sediment type,1960,"Schumm, SA",https://pubs.usgs.gov/pp/0352b/report.pdf,Government Report,"Reporting,Analysis","Bathymetry,Sediment,Hydraulics",Regression,Not Applicable,"Bedload,silt,clay","Erosion,Suspended",Not Applicable,Not Applicable,Not Applicable,Not Applicable,Not Applicable,Not Applicable,"Kansas,Colorado,Nebraska,New Mexico,South Dakota,Wyoming,MontaNot Applicable","Sediment release,Deposition control",Not Applicable,Not Applicable
E00737,L0238,medano-creek,Medano Creek,The shape of alluvial channels in relation to sediment type,1960,"Schumm, SA",https://pubs.usgs.gov/pp/0352b/report.pdf,Government Report,"Reporting,Analysis","Bathymetry,Sediment,Hydraulics",Regression,Not Applicable,"Bedload,silt,clay","Erosion,Suspended",Not Applicable,Not Applicable,Not Applicable,Not Applicable,Not Applicable,Not Applicable,"Kansas,Colorado,Nebraska,New Mexico,South Dakota,Wyoming,MontaNot Applicable","Sediment release,Deposition control",Not Applicable,Not Applicable
E00738,L0238,saline-river,Saline River,The shape of alluvial channels in relation to sediment type,1960,"Schumm, SA",https://pubs.usgs.gov/pp/0352b/report.pdf,Government Report,"Reporting,Analysis","Bathymetry,Sediment,Hydraulics",Regression,Not Applicable,"Bedload,silt,clay","Erosion,Suspended",Not Applicable,Not Applicable,Not Applicable,Not Applicable,Not Applicable,Not Applicable,"Kansas,Colorado,Nebraska,New Mexico,South Dakota,Wyoming,MontaNot Applicable","Sediment release,Deposition control",Not Applicable,Not Applicable
E00739,L0238,paradise-creek,Paradise Creek,The shape of alluvial channels in relation to sediment type,1960,"Schumm, SA",https://pubs.usgs.gov/pp/0352b/report.pdf,Government Report,"Reporting,Analysis","Bathymetry,Sediment,Hydraulics",Regression,Not Applicable,"Bedload,silt,clay","Erosion,Suspended",Not Applicable,Not Applicable,Not Applicable,Not Applicable,Not Applicable,Not Applicable,"Kansas,Colorado,Nebraska,New Mexico,South Dakota,Wyoming,MontaNot Applicable","Sediment release,Deposition control",Not Applicable,Not Applicable
E00740,L0238,north-fork-salmon-river,North Fork Salmon River,The shape of alluvial channels in relation to sediment type,1960,"Schumm, SA",https://pubs.usgs.gov/pp/0352b/report.pdf,Government Report,"Reporting,Analysis","Bathymetry,Sediment,Hydraulics",Regression,Not Applicable,"Bedload,silt,clay","Erosion,Suspended",Not Applicable,Not Applicable,Not Applicable,Not Applicable,Not Applicable,Not Applicable,"Kansas,Colorado,Nebraska,New Mexico,South Dakota,Wyoming,MontaNot Applicable","Sediment release,Deposition control",Not Applicable,Not Applicable
E00741,L0238,salmon-river,Salmon River,The shape of alluvial channels in relation to sediment type,1960,"Schumm, SA",https://pubs.usgs.gov/pp/0352b/report.pdf,Government Report,"Reporting,Analysis","Bathymetry,Sediment,Hydraulics",Regression,Not Applicable,"Bedload,silt,clay","Erosion,Suspended",Not Applicable,Not Applicable,Not Applicable,Not Applicable,Not Applicable,Not Applicable,"Kansas,Colorado,Nebraska,New Mexico,South Dakota,Wyoming,MontaNot Applicable","Sediment release,Deposition control",Not Applicable,Not Applicable
E00742,L0238,praire-dog-creek,Praire Dog Creek,The shape of alluvial channels in relation to sediment type,1960,"Schumm, SA",https://pubs.usgs.gov/pp/0352b/report.pdf,Government Report,"Reporting,Analysis","Bathymetry,Sediment,Hydraulics",Regression,Not Applicable,"Bedload,silt,clay","Erosion,Suspended",Not Applicable,Not Applicable,Not Applicable,Not Applicable,Not Applicable,Not Applicable,"Kansas,Colorado,Nebraska,New Mexico,South Dakota,Wyoming,MontaNot Applicable","Sediment release,Deposition control",Not Applicable,Not Applicable
E00743,L0238,sappa-creek,Sappa Creek,The shape of alluvial channels in relation to sediment type,1960,"Schumm, SA",https://pubs.usgs.gov/pp/0352b/report.pdf,Government Report,"Reporting,Analysis","Bathymetry,Sediment,Hydraulics",Regression,Not Applicable,"Bedload,silt,clay","Erosion,Suspended",Not Applicable,Not Applicable,Not Applicable,Not Applicable,Not Applicable,Not Applicable,"Kansas,Colorado,Nebraska,New Mexico,South Dakota,Wyoming,MontaNot Applicable","Sediment release,Deposition control",Not Applicable,Not Applicable
E00744,L0238,beaver-creek,Beaver Creek,The shape of alluvial channels in relation to sediment type,1960,"Schumm, SA",https://pubs.usgs.gov/pp/0352b/report.pdf,Government Report,"Reporting,Analysis","Bathymetry,Sediment,Hydraulics",Regression,Not Applicable,"Bedload,silt,clay","Erosion,Suspended",Not Applicable,Not Applicable,Not Applicable,Not Applicable,Not Applicable,Not Applicable,"Kansas,Colorado,Nebraska,New Mexico,South Dakota,Wyoming,MontaNot Applicable","Sediment release,Deposition control",Not Applicable,Not Applicable
E00745,L0238,frenchman-creek,Frenchman Creek,The shape of alluvial channels in relation to sediment type,1960,"Schumm, SA",https://pubs.usgs.gov/pp/0352b/report.pdf,Government Report,"Reporting,Analysis","Bathymetry,Sediment,Hydraulics",Regression,Not Applicable,"Bedload,silt,clay","Erosion,Suspended",Not Applicable,Not Applicable,Not Applicable,Not Applicable,Not Applicable,Not Applicable,"Kansas,Colorado,Nebraska,New Mexico,South Dakota,Wyoming,MontaNot Applicable","Sediment release,Deposition control",Not Applicable,Not Applicable
E00746,L0238,blackwood-creek,Blackwood Creek,The shape of alluvial channels in relation to sediment type,1960,"Schumm, SA",https://pubs.usgs.gov/pp/0352b/report.pdf,Government Report,"Reporting,Analysis","Bathymetry,Sediment,Hydraulics",Regression,Not Applicable,"Bedload,silt,clay","Erosion,Suspended",Not Applicable,Not Applicable,Not Applicable,Not Applicable,Not Applicable,Not Applicable,"Kansas,Colorado,Nebraska,New Mexico,South Dakota,Wyoming,MontaNot Applicable","Sediment release,Deposition control",Not Applicable,Not Applicable
E00747,L0239,mississippi-river,Mississippi River,The statistical review of three papers on specific gage analysis,2009,"Samaranayake, VA",https://www.mvs-wc.usace.army.mil/arec/Documents/Physical_Effects/The_Statistical_Review_of_Three_Paperson_Specific_Gage_Analysis.pdf,Government Report,Analysis,Hydraulics,Frequency Analysis,Not Applicable,Not Applicable,Not Applicable,Not Applicable,Not Applicable,Not Applicable,Not Applicable,Not Applicable,Not Applicable,Missouri,Not Applicable,Not Applicable,Regulated Rivers
E00748,L0240,,US Forest Service Regions 1 through 6,Evaluating the Effectiveness of Postfire Rehabilitation Treatments,2000,"Robichaud, PR, Beyers, JL, Neary, DG",https://www.fs.usda.gov/research/treesearch/23617,Government Report,"Maintenance,Reporting","Water Quality,Sediment,Ecological",Regression,Flood risk,"Suspended,Bedload,Gravel,Sand,Silt,Clay,Woody Particles",Erosion,Yes,Yes,Yes,Not Applicable,Flood,"Debris flow,wildfire",Western USA,"Sediment Release,Land Management,Deposition Control","Urban,forestry","Mountain torrents,Alluvial fans"
E00749,L0241,chief-joseph-dam,Chief Joseph Dam,Climate and Hydrology Datasets for Use in the River Management Joint Operating Committee (RMJOC) Agencies' Longer-Term Planning Studies Part IV - Summary,2011,RMJOC,https://www.usbr.gov/pn/climate/planning/reports/index.html,Government Report,"Planning,Operations,Reporting","Water Quality,Public Participation,Hydraulics","Hydraulic Modeling,Frequency Analysis","Flood risk,watershed planning,Operations",Not Applicable,Not Applicable,Not Applicable,Not Applicable,Not Applicable,Yes,Flood,Not Applicable,Northwest USA,Land Management,Not Applicable,Regulated Rivers
E00750,L0241,kotenay-river,Kotenay River,Climate and Hydrology Datasets for Use in the River Management Joint Operating Committee (RMJOC) Agencies' Longer-Term Planning Studies Part IV - Summary,2011,RMJOC,https://www.usbr.gov/pn/climate/planning/reports/index.html,Government Report,"Planning,Operations,Reporting","Water Quality,Public Participation,Hydraulics","Hydraulic Modeling,Frequency Analysis","Flood risk,watershed planning,Operations",Not Applicable,Not Applicable,Not Applicable,Not Applicable,Not Applicable,Yes,Flood,Not Applicable,Northwest USA,Land Management,Not Applicable,Regulated Rivers
E00751,L0241,the-dalles,The Dalles,Climate and Hydrology Datasets for Use in the River Management Joint Operating Committee (RMJOC) Agencies' Longer-Term Planning Studies Part IV - Summary,2011,RMJOC,https://www.usbr.gov/pn/climate/planning/reports/index.html,Government Report,"Planning,Operations,Reporting","Water Quality,Public Participation,Hydraulics","Hydraulic Modeling,Frequency Analysis","Flood risk,watershed planning,Operations",Not Applicable,Not Applicable,Not Applicable,Not Applicable,Not Applicable,Yes,Flood,Not Applicable,Northwest USA,Land Management,Not Applicable,Regulated Rivers
E00752,L0241,north-fork-clearwater-river,North Fork Clearwater River,Climate and Hydrology Datasets for Use in the River Management Joint Operating Committee (RMJOC) Agencies' Longer-Term Planning Studies Part IV - Summary,2011,RMJOC,https://www.usbr.gov/pn/climate/planning/reports/index.html,Government Report,"Planning,Operations,Reporting","Water Quality,Public Participation,Hydraulics","Hydraulic Modeling,Frequency Analysis","Flood risk,watershed planning,Operations",Not Applicable,Not Applicable,Not Applicable,Not Applicable,Not Applicable,Yes,Flood,Not Applicable,Northwest USA,Land Management,Not Applicable,Regulated Rivers
E00753,L0241,ice-harbor-lock-and-dam-ice-harbor-on-snake-river,Ice Harbor Lock and Dam (Ice Harbor on Snake River),Climate and Hydrology Datasets for Use in the River Management Joint Operating Committee (RMJOC) Agencies' Longer-Term Planning Studies Part IV - Summary,2011,RMJOC,https://www.usbr.gov/pn/climate/planning/reports/index.html,Government Report,"Planning,Operations,Reporting","Water Quality,Public Participation,Hydraulics","Hydraulic Modeling,Frequency Analysis","Flood risk,watershed planning,Operations",Not Applicable,Not Applicable,Not Applicable,Not Applicable,Not Applicable,Yes,Flood,Not Applicable,Northwest USA,Land Management,Not Applicable,Regulated Rivers
E00754,L0241,flathead-river,Flathead River,Climate and Hydrology Datasets for Use in the River Management Joint Operating Committee (RMJOC) Agencies' Longer-Term Planning Studies Part IV - Summary,2011,RMJOC,https://www.usbr.gov/pn/climate/planning/reports/index.html,Government Report,"Planning,Operations,Reporting","Water Quality,Public Participation,Hydraulics","Hydraulic Modeling,Frequency Analysis","Flood risk,watershed planning,Operations",Not Applicable,Not Applicable,Not Applicable,Not Applicable,Not Applicable,Yes,Flood,Not Applicable,Northwest USA,Land Management,Not Applicable,Regulated Rivers
E00755,L0241,willamette-river,Willamette River,Climate and Hydrology Datasets for Use in the River Management Joint Operating Committee (RMJOC) Agencies' Longer-Term Planning Studies Part IV - Summary,2011,RMJOC,https://www.usbr.gov/pn/climate/planning/reports/index.html,Government Report,"Planning,Operations,Reporting","Water Quality,Public Participation,Hydraulics","Hydraulic Modeling,Frequency Analysis","Flood risk,watershed planning,Operations",Not Applicable,Not Applicable,Not Applicable,Not Applicable,Not Applicable,Yes,Flood,Not Applicable,Northwest USA,Land Management,Not Applicable,Regulated Rivers
E00756,L0241,yakima-river,Yakima River,Climate and Hydrology Datasets for Use in the River Management Joint Operating Committee (RMJOC) Agencies' Longer-Term Planning Studies Part IV - Summary,2011,RMJOC,https://www.usbr.gov/pn/climate/planning/reports/index.html,Government Report,"Planning,Operations,Reporting","Water Quality,Public Participation,Hydraulics","Hydraulic Modeling,Frequency Analysis","Flood risk,watershed planning,Operations",Not Applicable,Not Applicable,Not Applicable,Not Applicable,Not Applicable,Yes,Flood,Not Applicable,Northwest USA,Land Management,Not Applicable,Regulated Rivers
E00757,L0242,dez-dam,Dez Dam,Characterization of Sedimentation Pattern in Reservoirs,2012,"Rahmanian, MR, Banihashemi, MA",https://doi.org/10.1139/l2012-079,Journal Article,"Planning,Analysis","Bathymetry,Sediment",Frequency Analysis,Not Applicable,"Silt,Clay",Reservoir pool,Not Applicable,Not Applicable,Not Applicable,Not Applicable,Not Applicable,Not Applicable,Iran,deposition control,Not Applicable,Not Applicable
E00758,L0242,sefidrud-dam-manjil-dam,Sefidrud Dam (Manjil Dam),Characterization of Sedimentation Pattern in Reservoirs,2012,"Rahmanian, MR, Banihashemi, MA",https://doi.org/10.1139/l2012-079,Journal Article,"Planning,Analysis","Bathymetry,Sediment",Frequency Analysis,Not Applicable,"Silt,Clay",Reservoir pool,Not Applicable,Not Applicable,Not Applicable,Not Applicable,Not Applicable,Not Applicable,Iran,deposition control,Not Applicable,Not Applicable
E00759,L0242,dorudzan-dam-doroodzan-dam,Dorudzan Dam (Doroodzan Dam),Characterization of Sedimentation Pattern in Reservoirs,2012,"Rahmanian, MR, Banihashemi, MA",https://doi.org/10.1139/l2012-079,Journal Article,"Planning,Analysis","Bathymetry,Sediment",Frequency Analysis,Not Applicable,"Silt,Clay",Reservoir pool,Not Applicable,Not Applicable,Not Applicable,Not Applicable,Not Applicable,Not Applicable,Iran,deposition control,Not Applicable,Not Applicable
E00760,L0242,minab-dam,Minab Dam,Characterization of Sedimentation Pattern in Reservoirs,2012,"Rahmanian, MR, Banihashemi, MA",https://doi.org/10.1139/l2012-079,Journal Article,"Planning,Analysis","Bathymetry,Sediment",Frequency Analysis,Not Applicable,"Silt,Clay",Reservoir pool,Not Applicable,Not Applicable,Not Applicable,Not Applicable,Not Applicable,Not Applicable,Iran,deposition control,Not Applicable,Not Applicable
E00761,L0242,karaj-dam-amir-kabir-dam,Karaj Dam (Amir Kabir Dam),Characterization of Sedimentation Pattern in Reservoirs,2012,"Rahmanian, MR, Banihashemi, MA",https://doi.org/10.1139/l2012-079,Journal Article,"Planning,Analysis","Bathymetry,Sediment",Frequency Analysis,Not Applicable,"Silt,Clay",Reservoir pool,Not Applicable,Not Applicable,Not Applicable,Not Applicable,Not Applicable,Not Applicable,Iran,deposition control,Not Applicable,Not Applicable
E00762,L0242,sadd-e-barun-dam-makoo-dam,Sadd-e Barun Dam (Makoo Dam),Characterization of Sedimentation Pattern in Reservoirs,2012,"Rahmanian, MR, Banihashemi, MA",https://doi.org/10.1139/l2012-079,Journal Article,"Planning,Analysis","Bathymetry,Sediment",Frequency Analysis,Not Applicable,"Silt,Clay",Reservoir pool,Not Applicable,Not Applicable,Not Applicable,Not Applicable,Not Applicable,Not Applicable,Iran,deposition control,Not Applicable,Not Applicable
E00763,L0242,latyan-dam-latian-dam,Latyan Dam (Latian Dam),Characterization of Sedimentation Pattern in Reservoirs,2012,"Rahmanian, MR, Banihashemi, MA",https://doi.org/10.1139/l2012-079,Journal Article,"Planning,Analysis","Bathymetry,Sediment",Frequency Analysis,Not Applicable,"Silt,Clay",Reservoir pool,Not Applicable,Not Applicable,Not Applicable,Not Applicable,Not Applicable,Not Applicable,Iran,deposition control,Not Applicable,Not Applicable
E00764,L0242,karkheh-dam-kardeh-dam,Karkheh Dam (Kardeh Dam),Characterization of Sedimentation Pattern in Reservoirs,2012,"Rahmanian, MR, Banihashemi, MA",https://doi.org/10.1139/l2012-079,Journal Article,"Planning,Analysis","Bathymetry,Sediment",Frequency Analysis,Not Applicable,"Silt,Clay",Reservoir pool,Not Applicable,Not Applicable,Not Applicable,Not Applicable,Not Applicable,Not Applicable,Iran,deposition control,Not Applicable,Not Applicable
E00765,L0243,powder-river,Powder River,Streambank Erosion and River Width Adjustment,2008,"Pizzuto, JE",https://sp360.asce.org/PersonifyEbusiness/Merchandise/Product-Details/productId/232121132,Book,"Planning,Analysis","Bathymetry,Sediment,Hydraulics","Sediment Transport Modeling,Frequency Analysis,Regression",Not Applicable,"Suspended,Bedload",Bank erosion,Not Applicable,Not Applicable,Not Applicable,Not Applicable,Not Applicable,Not Applicable,USA,sediment release,Not Applicable,Not Applicable
E00766,L0243,oaklimeter-creek,Oaklimeter Creek,Streambank Erosion and River Width Adjustment,2008,"Pizzuto, JE",https://sp360.asce.org/PersonifyEbusiness/Merchandise/Product-Details/productId/232121132,Book,"Planning,Analysis","Bathymetry,Sediment,Hydraulics","Sediment Transport Modeling,Frequency Analysis,Regression",Not Applicable,"Suspended,Bedload",Bank erosion,Not Applicable,Not Applicable,Not Applicable,Not Applicable,Not Applicable,Not Applicable,USA,sediment release,Not Applicable,Not Applicable
E00767,L0243,brandywine-creek,Brandywine Creek,Streambank Erosion and River Width Adjustment,2008,"Pizzuto, JE",https://sp360.asce.org/PersonifyEbusiness/Merchandise/Product-Details/productId/232121132,Book,"Planning,Analysis","Bathymetry,Sediment,Hydraulics","Sediment Transport Modeling,Frequency Analysis,Regression",Not Applicable,"Suspended,Bedload",Bank erosion,Not Applicable,Not Applicable,Not Applicable,Not Applicable,Not Applicable,Not Applicable,USA,sediment release,Not Applicable,Not Applicable
E00768,L0244,cumberland-plain-cumberland-basin,Cumberland Plain (Cumberland Basin),Effects of hydrologic regime on magnitude and frequency of dominant discharge,1976,"Pickup, G, Warner, RF",https://doi.org/10.1016/0022-1694(76)90005-6,Journal Article,Analysis,"Sediment,Hydraulics","Hydraulic Modeling,Frequency Analysis,Regression",Flood,"Sand,Bedload",Bank erosion,Not Applicable,Not Applicable,Not Applicable,Not Applicable,Flood,Not Applicable,Australia,sediment release,Lowland,Not Applicable
E00769,L0245,,Tuttle Creek Spillway,Modeling Erosion of an Unlined Spillway Chute Cut in Rock,2010,"Perlea, V, Mathews, D, Walberg, F",https://hdl.handle.net/20.500.11970/100271,Conference Paper,"Planning,Analysis","Bathymetry,Sediment,Hydraulics","Sediment Transport Modeling,Hydraulic Modeling,Frequency Analysis","Flood risk,Operations",Rock,"Headcut,Bank erosion,Emergency spillway",Not Applicable,Not Applicable,Not Applicable,Yes,Flood,Not Applicable,Kansas,flood diversion,Not Applicable,Regulated Rivers
E00770,L0246,rio-grande-2,Rio Grande,Einstein's Bed Load Function Applied to Channel Design and Degradation,1972,"Pemberton, EL",https://books.google.com/books/about/Sedimentation_Symposium_to_Honor_Profess.html?id=bSZAAAAAIAAJ,Conference Paper,"Reporting,Analysis","Bathymetry,Sediment,Hydraulics","Sediment Transport Modeling,Regression",Not Applicable,"Gravel,Sand,Bedload",Erosion,Not Applicable,Not Applicable,Not Applicable,Not Applicable,Not Applicable,Not Applicable,"New Mexico,Nebraska","Sediment release,Deposition control",Not Applicable,Regulated Rivers
E00771,L0246,middle-loup-river,Middle Loup River,Einstein's Bed Load Function Applied to Channel Design and Degradation,1972,"Pemberton, EL",https://books.google.com/books/about/Sedimentation_Symposium_to_Honor_Profess.html?id=bSZAAAAAIAAJ,Conference Paper,"Reporting,Analysis","Bathymetry,Sediment,Hydraulics","Sediment Transport Modeling,Regression",Not Applicable,"Gravel,Sand,Bedload",Erosion,Not Applicable,Not Applicable,Not Applicable,Not Applicable,Not Applicable,Not Applicable,"New Mexico,Nebraska","Sediment release,Deposition control",Not Applicable,Regulated Rivers
E00772,L0246,niobrara-river,Niobrara River,Einstein's Bed Load Function Applied to Channel Design and Degradation,1972,"Pemberton, EL",https://books.google.com/books/about/Sedimentation_Symposium_to_Honor_Profess.html?id=bSZAAAAAIAAJ,Conference Paper,"Reporting,Analysis","Bathymetry,Sediment,Hydraulics","Sediment Transport Modeling,Regression",Not Applicable,"Gravel,Sand,Bedload",Erosion,Not Applicable,Not Applicable,Not Applicable,Not Applicable,Not Applicable,Not Applicable,"New Mexico,Nebraska","Sediment release,Deposition control",Not Applicable,Regulated Rivers
E00773,L0247,scripps-submarine-canyon,Scripps Submarine Canyon,Self-accelerating turbidity currents,1986,"Parker, G, Fukushima, Y, Pantin, HM",https://doi.org/10.1017/S0022112086001404,Journal Article,Analysis,"Sediment,Hydraulics","Hydraulic Equations,Sediment Transport Modeling",Not Applicable,Suspended,Suspended,Not Applicable,Not Applicable,Not Applicable,Not Applicable,Not Applicable,Not Applicable,California,"Sediment release,Deposition control",Not Applicable,Not Applicable
E00774,L0248,elbow-river,Elbow River,Surface-based bedload transport relation for gravel rivers,1990,"Parker, G",https://doi.org/10.1080/00221689009499058,Journal Article,Analysis,"Sediment,Hydraulics","Hydraulic Equations,Sediment Transport Modeling,Regression",Not Applicable,"Bedload,Gravel",Erosion,Not Applicable,Not Applicable,Not Applicable,Not Applicable,Not Applicable,Not Applicable,"CaNot Applicableda,Oregon","Sediment release,Deposition control",Not Applicable,Not Applicable
E00775,L0248,oak-creek,Oak Creek,Surface-based bedload transport relation for gravel rivers,1990,"Parker, G",https://doi.org/10.1080/00221689009499058,Journal Article,Analysis,"Sediment,Hydraulics","Hydraulic Equations,Sediment Transport Modeling,Regression",Not Applicable,"Bedload,Gravel",Erosion,Not Applicable,Not Applicable,Not Applicable,Not Applicable,Not Applicable,Not Applicable,"CaNot Applicableda,Oregon","Sediment release,Deposition control",Not Applicable,Not Applicable
E00776,L0249,rio-grande-2,Rio Grande,Measurement and Analysis of Suspended Sediment Loads in Streams,1951,"Nelson, ME, Benedict, PC",https://doi.org/10.1061/TACEAT.0006548,Journal Article,"Reporting,Analysis","Water Quality,Sediment,Hydraulics","Laboratory Analysis,Regression",Not Applicable,Suspended,Suspended,Not Applicable,Not Applicable,Not Applicable,Not Applicable,Not Applicable,Not Applicable,USA,Sediment release,Not Applicable,Not Applicable
E00777,L0250,colorado-river-at-blue-river,Colorado River at Blue River,Soil and water assessment tool theoretical documentation version 2009,2012,"Nelson, JM, McDonald, RR, Kinzel, PJ, Shimizu, Y",https://pubs.er.usgs.gov/publication/70189363,Conference Paper,Analysis,"Bathymetry,Sediment,Hydraulics","Hydraulic Modeling,Sediment Transport Modeling",Not Applicable,Sand,Erosion,Not Applicable,Not Applicable,Not Applicable,Yes,Not Applicable,Not Applicable,Colorado,"Sediment release,Deposition control",Not Applicable,Regulated Rivers
E00778,L0100,cheney-reservoir-dam,Cheney Reservoir Dam,Evaluation of the Importance of Channel Processes in CEAP-Watershed Suspended Sediment Yields,2006,"Simon, A",https://www.ars.usda.gov/research/publications/publication/?seqNo115=186464,Conference Paper,"Planning,Reporting,Analysis","Bathymetry,Water Quality,Sediment",Regression,Watershed planning,Suspended,"Bank erosion,Suspended",Not Applicable,Not Applicable,Not Applicable,Not Applicable,Flood,Not Applicable,USA,Land management,"Upland,Agriculture",Modified Streams
E00779,L0100,washita-river-denison-dam,Washita River (Denison Dam),Evaluation of the Importance of Channel Processes in CEAP-Watershed Suspended Sediment Yields,2006,"Simon, A",https://www.ars.usda.gov/research/publications/publication/?seqNo115=186464,Conference Paper,"Planning,Reporting,Analysis","Bathymetry,Water Quality,Sediment",Regression,Watershed planning,Suspended,"Bank erosion,Suspended",Not Applicable,Not Applicable,Not Applicable,Not Applicable,Flood,Not Applicable,USA,Land management,"Upland,Agriculture",Modified Streams
E00780,L0100,north-bosque-river-waco-dam,North Bosque River (Waco Dam),Evaluation of the Importance of Channel Processes in CEAP-Watershed Suspended Sediment Yields,2006,"Simon, A",https://www.ars.usda.gov/research/publications/publication/?seqNo115=186464,Conference Paper,"Planning,Reporting,Analysis","Bathymetry,Water Quality,Sediment",Regression,Watershed planning,Suspended,"Bank erosion,Suspended",Not Applicable,Not Applicable,Not Applicable,Not Applicable,Flood,Not Applicable,USA,Land management,"Upland,Agriculture",Modified Streams
E00781,L0100,leon-river-belton-dam,Leon River (Belton Dam),Evaluation of the Importance of Channel Processes in CEAP-Watershed Suspended Sediment Yields,2006,"Simon, A",https://www.ars.usda.gov/research/publications/publication/?seqNo115=186464,Conference Paper,"Planning,Reporting,Analysis","Bathymetry,Water Quality,Sediment",Regression,Watershed planning,Suspended,"Bank erosion,Suspended",Not Applicable,Not Applicable,Not Applicable,Not Applicable,Flood,Not Applicable,USA,Land management,"Upland,Agriculture",Modified Streams
E00782,L0100,goodwin-creek,Goodwin Creek,Evaluation of the Importance of Channel Processes in CEAP-Watershed Suspended Sediment Yields,2006,"Simon, A",https://www.ars.usda.gov/research/publications/publication/?seqNo115=186464,Conference Paper,"Planning,Reporting,Analysis","Bathymetry,Water Quality,Sediment",Regression,Watershed planning,Suspended,"Bank erosion,Suspended",Not Applicable,Not Applicable,Not Applicable,Not Applicable,Flood,Not Applicable,USA,Land management,"Upland,Agriculture",Modified Streams
E00783,L0100,yalobusha-river-grenada-dam,Yalobusha River (Grenada Dam),Evaluation of the Importance of Channel Processes in CEAP-Watershed Suspended Sediment Yields,2006,"Simon, A",https://www.ars.usda.gov/research/publications/publication/?seqNo115=186464,Conference Paper,"Planning,Reporting,Analysis","Bathymetry,Water Quality,Sediment",Regression,Watershed planning,Suspended,"Bank erosion,Suspended",Not Applicable,Not Applicable,Not Applicable,Not Applicable,Flood,Not Applicable,USA,Land management,"Upland,Agriculture",Modified Streams
E00784,L0100,little-river,Little River,Evaluation of the Importance of Channel Processes in CEAP-Watershed Suspended Sediment Yields,2006,"Simon, A",https://www.ars.usda.gov/research/publications/publication/?seqNo115=186464,Conference Paper,"Planning,Reporting,Analysis","Bathymetry,Water Quality,Sediment",Regression,Watershed planning,Suspended,"Bank erosion,Suspended",Not Applicable,Not Applicable,Not Applicable,Not Applicable,Flood,Not Applicable,USA,Land management,"Upland,Agriculture",Modified Streams
E00785,L0100,little-bear-river-hyrum-dam,Little Bear River (Hyrum Dam),Evaluation of the Importance of Channel Processes in CEAP-Watershed Suspended Sediment Yields,2006,"Simon, A",https://www.ars.usda.gov/research/publications/publication/?seqNo115=186464,Conference Paper,"Planning,Reporting,Analysis","Bathymetry,Water Quality,Sediment",Regression,Watershed planning,Suspended,"Bank erosion,Suspended",Not Applicable,Not Applicable,Not Applicable,Not Applicable,Flood,Not Applicable,USA,Land management,"Upland,Agriculture",Modified Streams
E00786,L0100,upper-snake-rock-minidoka-dam,Upper Snake Rock (Minidoka Dam),Evaluation of the Importance of Channel Processes in CEAP-Watershed Suspended Sediment Yields,2006,"Simon, A",https://www.ars.usda.gov/research/publications/publication/?seqNo115=186464,Conference Paper,"Planning,Reporting,Analysis","Bathymetry,Water Quality,Sediment",Regression,Watershed planning,Suspended,"Bank erosion,Suspended",Not Applicable,Not Applicable,Not Applicable,Not Applicable,Flood,Not Applicable,USA,Land management,"Upland,Agriculture",Modified Streams
E00787,L0100,paradise-creek,Paradise Creek,Evaluation of the Importance of Channel Processes in CEAP-Watershed Suspended Sediment Yields,2006,"Simon, A",https://www.ars.usda.gov/research/publications/publication/?seqNo115=186464,Conference Paper,"Planning,Reporting,Analysis","Bathymetry,Water Quality,Sediment",Regression,Watershed planning,Suspended,"Bank erosion,Suspended",Not Applicable,Not Applicable,Not Applicable,Not Applicable,Flood,Not Applicable,USA,Land management,"Upland,Agriculture",Modified Streams
E00788,L0100,sprague-river,Sprague River,Evaluation of the Importance of Channel Processes in CEAP-Watershed Suspended Sediment Yields,2006,"Simon, A",https://www.ars.usda.gov/research/publications/publication/?seqNo115=186464,Conference Paper,"Planning,Reporting,Analysis","Bathymetry,Water Quality,Sediment",Regression,Watershed planning,Suspended,"Bank erosion,Suspended",Not Applicable,Not Applicable,Not Applicable,Not Applicable,Flood,Not Applicable,USA,Land management,"Upland,Agriculture",Modified Streams
E00789,L0100,stemple-creek,Stemple Creek,Evaluation of the Importance of Channel Processes in CEAP-Watershed Suspended Sediment Yields,2006,"Simon, A",https://www.ars.usda.gov/research/publications/publication/?seqNo115=186464,Conference Paper,"Planning,Reporting,Analysis","Bathymetry,Water Quality,Sediment",Regression,Watershed planning,Suspended,"Bank erosion,Suspended",Not Applicable,Not Applicable,Not Applicable,Not Applicable,Flood,Not Applicable,USA,Land management,"Upland,Agriculture",Modified Streams
E00790,L0103,glenville-thorpe-dam,Glenville (Thorpe) Dam,A comparison of the Brune and Churchill methods for computing sediment yields applied to a reservoir system,1992,"Trimble, SW, Carey, WP",https://pubs.usgs.gov/wsp/wsp2340/pdf/wsp-2340.pdf,Government Report,"Reporting,Analysis","Sediment,Hydraulics",Sediment Transport Modeling,Watershed planning,Suspended,"Reservoir pool,Reservoir release,Erosion,Suspended",Not Applicable,Not Applicable,Not Applicable,Not Applicable,Not Applicable,Not Applicable,Tennessee,"Sediment release,Deposition control",Not Applicable,Regulated rivers
E00791,L0103,fontana-dam,Fontana Dam,A comparison of the Brune and Churchill methods for computing sediment yields applied to a reservoir system,1992,"Trimble, SW, Carey, WP",https://pubs.usgs.gov/wsp/wsp2340/pdf/wsp-2340.pdf,Government Report,"Reporting,Analysis","Sediment,Hydraulics",Sediment Transport Modeling,Watershed planning,Suspended,"Reservoir pool,Reservoir release,Erosion,Suspended",Not Applicable,Not Applicable,Not Applicable,Not Applicable,Not Applicable,Not Applicable,Tennessee,"Sediment release,Deposition control",Not Applicable,Regulated rivers
E00792,L0103,norris-dam,Norris Dam,A comparison of the Brune and Churchill methods for computing sediment yields applied to a reservoir system,1992,"Trimble, SW, Carey, WP",https://pubs.usgs.gov/wsp/wsp2340/pdf/wsp-2340.pdf,Government Report,"Reporting,Analysis","Sediment,Hydraulics",Sediment Transport Modeling,Watershed planning,Suspended,"Reservoir pool,Reservoir release,Erosion,Suspended",Not Applicable,Not Applicable,Not Applicable,Not Applicable,Not Applicable,Not Applicable,Tennessee,"Sediment release,Deposition control",Not Applicable,Regulated rivers
E00793,L0103,melton-hill-dam,Melton Hill Dam,A comparison of the Brune and Churchill methods for computing sediment yields applied to a reservoir system,1992,"Trimble, SW, Carey, WP",https://pubs.usgs.gov/wsp/wsp2340/pdf/wsp-2340.pdf,Government Report,"Reporting,Analysis","Sediment,Hydraulics",Sediment Transport Modeling,Watershed planning,Suspended,"Reservoir pool,Reservoir release,Erosion,Suspended",Not Applicable,Not Applicable,Not Applicable,Not Applicable,Not Applicable,Not Applicable,Tennessee,"Sediment release,Deposition control",Not Applicable,Regulated rivers
E00794,L0103,watts-bar-dam,Watts Bar Dam,A comparison of the Brune and Churchill methods for computing sediment yields applied to a reservoir system,1992,"Trimble, SW, Carey, WP",https://pubs.usgs.gov/wsp/wsp2340/pdf/wsp-2340.pdf,Government Report,"Reporting,Analysis","Sediment,Hydraulics",Sediment Transport Modeling,Watershed planning,Suspended,"Reservoir pool,Reservoir release,Erosion,Suspended",Not Applicable,Not Applicable,Not Applicable,Not Applicable,Not Applicable,Not Applicable,Tennessee,"Sediment release,Deposition control",Not Applicable,Regulated rivers
E00795,L0103,chatuge-dam,Chatuge Dam,A comparison of the Brune and Churchill methods for computing sediment yields applied to a reservoir system,1992,"Trimble, SW, Carey, WP",https://pubs.usgs.gov/wsp/wsp2340/pdf/wsp-2340.pdf,Government Report,"Reporting,Analysis","Sediment,Hydraulics",Sediment Transport Modeling,Watershed planning,Suspended,"Reservoir pool,Reservoir release,Erosion,Suspended",Not Applicable,Not Applicable,Not Applicable,Not Applicable,Not Applicable,Not Applicable,Tennessee,"Sediment release,Deposition control",Not Applicable,Regulated rivers
E00796,L0103,nottely-dam,Nottely Dam,A comparison of the Brune and Churchill methods for computing sediment yields applied to a reservoir system,1992,"Trimble, SW, Carey, WP",https://pubs.usgs.gov/wsp/wsp2340/pdf/wsp-2340.pdf,Government Report,"Reporting,Analysis","Sediment,Hydraulics",Sediment Transport Modeling,Watershed planning,Suspended,"Reservoir pool,Reservoir release,Erosion,Suspended",Not Applicable,Not Applicable,Not Applicable,Not Applicable,Not Applicable,Not Applicable,Tennessee,"Sediment release,Deposition control",Not Applicable,Regulated rivers
E00797,L0103,hiwassee-dam,Hiwassee Dam,A comparison of the Brune and Churchill methods for computing sediment yields applied to a reservoir system,1992,"Trimble, SW, Carey, WP",https://pubs.usgs.gov/wsp/wsp2340/pdf/wsp-2340.pdf,Government Report,"Reporting,Analysis","Sediment,Hydraulics",Sediment Transport Modeling,Watershed planning,Suspended,"Reservoir pool,Reservoir release,Erosion,Suspended",Not Applicable,Not Applicable,Not Applicable,Not Applicable,Not Applicable,Not Applicable,Tennessee,"Sediment release,Deposition control",Not Applicable,Regulated rivers
E00798,L0103,apalachia-dam,Apalachia Dam,A comparison of the Brune and Churchill methods for computing sediment yields applied to a reservoir system,1992,"Trimble, SW, Carey, WP",https://pubs.usgs.gov/wsp/wsp2340/pdf/wsp-2340.pdf,Government Report,"Reporting,Analysis","Sediment,Hydraulics",Sediment Transport Modeling,Watershed planning,Suspended,"Reservoir pool,Reservoir release,Erosion,Suspended",Not Applicable,Not Applicable,Not Applicable,Not Applicable,Not Applicable,Not Applicable,Tennessee,"Sediment release,Deposition control",Not Applicable,Regulated rivers
E00799,L0103,blue-ridge-dam,Blue Ridge Dam,A comparison of the Brune and Churchill methods for computing sediment yields applied to a reservoir system,1992,"Trimble, SW, Carey, WP",https://pubs.usgs.gov/wsp/wsp2340/pdf/wsp-2340.pdf,Government Report,"Reporting,Analysis","Sediment,Hydraulics",Sediment Transport Modeling,Watershed planning,Suspended,"Reservoir pool,Reservoir release,Erosion,Suspended",Not Applicable,Not Applicable,Not Applicable,Not Applicable,Not Applicable,Not Applicable,Tennessee,"Sediment release,Deposition control",Not Applicable,Regulated rivers
E00800,L0103,ocoee-dam-no-3,Ocoee Dam No. 3,A comparison of the Brune and Churchill methods for computing sediment yields applied to a reservoir system,1992,"Trimble, SW, Carey, WP",https://pubs.usgs.gov/wsp/wsp2340/pdf/wsp-2340.pdf,Government Report,"Reporting,Analysis","Sediment,Hydraulics",Sediment Transport Modeling,Watershed planning,Suspended,"Reservoir pool,Reservoir release,Erosion,Suspended",Not Applicable,Not Applicable,Not Applicable,Not Applicable,Not Applicable,Not Applicable,Tennessee,"Sediment release,Deposition control",Not Applicable,Regulated rivers
E00801,L0103,ocoee-dam-no-1,Ocoee Dam No. 1,A comparison of the Brune and Churchill methods for computing sediment yields applied to a reservoir system,1992,"Trimble, SW, Carey, WP",https://pubs.usgs.gov/wsp/wsp2340/pdf/wsp-2340.pdf,Government Report,"Reporting,Analysis","Sediment,Hydraulics",Sediment Transport Modeling,Watershed planning,Suspended,"Reservoir pool,Reservoir release,Erosion,Suspended",Not Applicable,Not Applicable,Not Applicable,Not Applicable,Not Applicable,Not Applicable,Tennessee,"Sediment release,Deposition control",Not Applicable,Regulated rivers
E00802,L0103,chickamauga-dam,Chickamauga Dam,A comparison of the Brune and Churchill methods for computing sediment yields applied to a reservoir system,1992,"Trimble, SW, Carey, WP",https://pubs.usgs.gov/wsp/wsp2340/pdf/wsp-2340.pdf,Government Report,"Reporting,Analysis","Sediment,Hydraulics",Sediment Transport Modeling,Watershed planning,Suspended,"Reservoir pool,Reservoir release,Erosion,Suspended",Not Applicable,Not Applicable,Not Applicable,Not Applicable,Not Applicable,Not Applicable,Tennessee,"Sediment release,Deposition control",Not Applicable,Regulated rivers
E00803,L0103,guntersville-dam,Guntersville Dam,A comparison of the Brune and Churchill methods for computing sediment yields applied to a reservoir system,1992,"Trimble, SW, Carey, WP",https://pubs.usgs.gov/wsp/wsp2340/pdf/wsp-2340.pdf,Government Report,"Reporting,Analysis","Sediment,Hydraulics",Sediment Transport Modeling,Watershed planning,Suspended,"Reservoir pool,Reservoir release,Erosion,Suspended",Not Applicable,Not Applicable,Not Applicable,Not Applicable,Not Applicable,Not Applicable,Tennessee,"Sediment release,Deposition control",Not Applicable,Regulated rivers
E00804,L0103,wheeler-dam,Wheeler Dam,A comparison of the Brune and Churchill methods for computing sediment yields applied to a reservoir system,1992,"Trimble, SW, Carey, WP",https://pubs.usgs.gov/wsp/wsp2340/pdf/wsp-2340.pdf,Government Report,"Reporting,Analysis","Sediment,Hydraulics",Sediment Transport Modeling,Watershed planning,Suspended,"Reservoir pool,Reservoir release,Erosion,Suspended",Not Applicable,Not Applicable,Not Applicable,Not Applicable,Not Applicable,Not Applicable,Tennessee,"Sediment release,Deposition control",Not Applicable,Regulated rivers
E00805,L0103,wilson-dam,Wilson Dam,A comparison of the Brune and Churchill methods for computing sediment yields applied to a reservoir system,1992,"Trimble, SW, Carey, WP",https://pubs.usgs.gov/wsp/wsp2340/pdf/wsp-2340.pdf,Government Report,"Reporting,Analysis","Sediment,Hydraulics",Sediment Transport Modeling,Watershed planning,Suspended,"Reservoir pool,Reservoir release,Erosion,Suspended",Not Applicable,Not Applicable,Not Applicable,Not Applicable,Not Applicable,Not Applicable,Tennessee,"Sediment release,Deposition control",Not Applicable,Regulated rivers
E00806,L0103,pickwick-landing-dam,Pickwick Landing Dam,A comparison of the Brune and Churchill methods for computing sediment yields applied to a reservoir system,1992,"Trimble, SW, Carey, WP",https://pubs.usgs.gov/wsp/wsp2340/pdf/wsp-2340.pdf,Government Report,"Reporting,Analysis","Sediment,Hydraulics",Sediment Transport Modeling,Watershed planning,Suspended,"Reservoir pool,Reservoir release,Erosion,Suspended",Not Applicable,Not Applicable,Not Applicable,Not Applicable,Not Applicable,Not Applicable,Tennessee,"Sediment release,Deposition control",Not Applicable,Regulated rivers
E00807,L0103,kentucky-dam,Kentucky Dam,A comparison of the Brune and Churchill methods for computing sediment yields applied to a reservoir system,1992,"Trimble, SW, Carey, WP",https://pubs.usgs.gov/wsp/wsp2340/pdf/wsp-2340.pdf,Government Report,"Reporting,Analysis","Sediment,Hydraulics",Sediment Transport Modeling,Watershed planning,Suspended,"Reservoir pool,Reservoir release,Erosion,Suspended",Not Applicable,Not Applicable,Not Applicable,Not Applicable,Not Applicable,Not Applicable,Tennessee,"Sediment release,Deposition control",Not Applicable,Regulated rivers
E00808,L0115,ute-creek,Ute Creek,Magnitude and frequency of forces in geomorphic processes,1960,"Wolman, MG, Miller, JP",https://doi.org/10.1086/626637,Journal Article,"Reporting,Analysis","Water Quality,Sediment,Hydraulics","Frequency Analysis,Regression",Watershed planning,"Suspended,Bedload","Bank Erosion,Erosion",Not Applicable,Not Applicable,Not Applicable,Not Applicable,Flood,Not Applicable,USA,"Sediment release,land management",Not Applicable,"Alluvial fans,Meandering rivers"
E00809,L0115,allegheny-river,Allegheny River,Magnitude and frequency of forces in geomorphic processes,1960,"Wolman, MG, Miller, JP",https://doi.org/10.1086/626637,Journal Article,"Reporting,Analysis","Water Quality,Sediment,Hydraulics","Frequency Analysis,Regression",Watershed planning,"Suspended,Bedload","Bank Erosion,Erosion",Not Applicable,Not Applicable,Not Applicable,Not Applicable,Flood,Not Applicable,USA,"Sediment release,land management",Not Applicable,"Alluvial fans,Meandering rivers"
E00810,L0115,green-river,Green River,Magnitude and frequency of forces in geomorphic processes,1960,"Wolman, MG, Miller, JP",https://doi.org/10.1086/626637,Journal Article,"Reporting,Analysis","Water Quality,Sediment,Hydraulics","Frequency Analysis,Regression",Watershed planning,"Suspended,Bedload","Bank Erosion,Erosion",Not Applicable,Not Applicable,Not Applicable,Not Applicable,Flood,Not Applicable,USA,"Sediment release,land management",Not Applicable,"Alluvial fans,Meandering rivers"
E00811,L0115,gunnison-river,Gunnison River,Magnitude and frequency of forces in geomorphic processes,1960,"Wolman, MG, Miller, JP",https://doi.org/10.1086/626637,Journal Article,"Reporting,Analysis","Water Quality,Sediment,Hydraulics","Frequency Analysis,Regression",Watershed planning,"Suspended,Bedload","Bank Erosion,Erosion",Not Applicable,Not Applicable,Not Applicable,Not Applicable,Flood,Not Applicable,USA,"Sediment release,land management",Not Applicable,"Alluvial fans,Meandering rivers"
E00812,L0115,popo-agie-river,Popo Agie River,Magnitude and frequency of forces in geomorphic processes,1960,"Wolman, MG, Miller, JP",https://doi.org/10.1086/626637,Journal Article,"Reporting,Analysis","Water Quality,Sediment,Hydraulics","Frequency Analysis,Regression",Watershed planning,"Suspended,Bedload","Bank Erosion,Erosion",Not Applicable,Not Applicable,Not Applicable,Not Applicable,Flood,Not Applicable,USA,"Sediment release,land management",Not Applicable,"Alluvial fans,Meandering rivers"
E00813,L0121,kootenai-national-forest,Kootenai National Forest,"A Northern Rocky Mountain polygon fire history: Accuracy, limitations, strengths, applications, and recommended protocol of digital fire perimeter data",2006,"Gibson, CE",https://alliance-uidaho.primo.exlibrisgroup.com/permalink/01ALLIANCE UID/2vsn7u/alma99138264601851,Thesis,"Planning,Reporting",Ecological,Ecological Modeling,Watershed planning,Not Applicable,Not Applicable,Yes,Yes,Yes,Yes,Not Applicable,Wildfire,"Northern Rocky Mountains, USA",land management,Forestry,Mountain Torrents
E00814,L0121,lolo-national-forest,Lolo National Forest,"A Northern Rocky Mountain polygon fire history: Accuracy, limitations, strengths, applications, and recommended protocol of digital fire perimeter data",2006,"Gibson, CE",https://alliance-uidaho.primo.exlibrisgroup.com/permalink/01ALLIANCE UID/2vsn7u/alma99138264601851,Thesis,"Planning,Reporting",Ecological,Ecological Modeling,Watershed planning,Not Applicable,Not Applicable,Yes,Yes,Yes,Yes,Not Applicable,Wildfire,"Northern Rocky Mountains, USA",land management,Forestry,Mountain Torrents
E00815,L0121,nez-perce-national-forest,Nez Perce National Forest,"A Northern Rocky Mountain polygon fire history: Accuracy, limitations, strengths, applications, and recommended protocol of digital fire perimeter data",2006,"Gibson, CE",https://alliance-uidaho.primo.exlibrisgroup.com/permalink/01ALLIANCE UID/2vsn7u/alma99138264601851,Thesis,"Planning,Reporting",Ecological,Ecological Modeling,Watershed planning,Not Applicable,Not Applicable,Yes,Yes,Yes,Yes,Not Applicable,Wildfire,"Northern Rocky Mountains, USA",land management,Forestry,Mountain Torrents
E00816,L0121,payette-national-forest,Payette National Forest,"A Northern Rocky Mountain polygon fire history: Accuracy, limitations, strengths, applications, and recommended protocol of digital fire perimeter data",2006,"Gibson, CE",https://alliance-uidaho.primo.exlibrisgroup.com/permalink/01ALLIANCE UID/2vsn7u/alma99138264601851,Thesis,"Planning,Reporting",Ecological,Ecological Modeling,Watershed planning,Not Applicable,Not Applicable,Yes,Yes,Yes,Yes,Not Applicable,Wildfire,"Northern Rocky Mountains, USA",land management,Forestry,Mountain Torrents
E00817,L0121,salmon-challis-national-forest,Salmon-Challis National Forest,"A Northern Rocky Mountain polygon fire history: Accuracy, limitations, strengths, applications, and recommended protocol of digital fire perimeter data",2006,"Gibson, CE",https://alliance-uidaho.primo.exlibrisgroup.com/permalink/01ALLIANCE UID/2vsn7u/alma99138264601851,Thesis,"Planning,Reporting",Ecological,Ecological Modeling,Watershed planning,Not Applicable,Not Applicable,Yes,Yes,Yes,Yes,Not Applicable,Wildfire,"Northern Rocky Mountains, USA",land management,Forestry,Mountain Torrents
E00818,L0121,sawtooth-national-forest,Sawtooth National Forest,"A Northern Rocky Mountain polygon fire history: Accuracy, limitations, strengths, applications, and recommended protocol of digital fire perimeter data",2006,"Gibson, CE",https://alliance-uidaho.primo.exlibrisgroup.com/permalink/01ALLIANCE UID/2vsn7u/alma99138264601851,Thesis,"Planning,Reporting",Ecological,Ecological Modeling,Watershed planning,Not Applicable,Not Applicable,Yes,Yes,Yes,Yes,Not Applicable,Wildfire,"Northern Rocky Mountains, USA",land management,Forestry,Mountain Torrents
E00819,L0121,yellowstone-national-park,Yellowstone National Park,"A Northern Rocky Mountain polygon fire history: Accuracy, limitations, strengths, applications, and recommended protocol of digital fire perimeter data",2006,"Gibson, CE",https://alliance-uidaho.primo.exlibrisgroup.com/permalink/01ALLIANCE UID/2vsn7u/alma99138264601851,Thesis,"Planning,Reporting",Ecological,Ecological Modeling,Watershed planning,Not Applicable,Not Applicable,Yes,Yes,Yes,Yes,Not Applicable,Wildfire,"Northern Rocky Mountains, USA",land management,Forestry,Mountain Torrents
E00820,L0126,missouri-river-from-gavins-point-dam-to-sioux-city,Missouri River from Gavins Point Dam to Sioux City,Review of the Regulation of the Missouri River Mainstem Reservoir System During the Flood of 2011,2012,"Grigg, N, McCarthy, C, Lawrence, B, Ockerman, D",https://www.nwd-mr.usace.army.mil/rcc/reports/pdfs/MRIndependentReviewPanel.pdf,USACE Report,"Planning,Operations,Reporting,Analysis","Public Participation,Hydraulics","Hydraulic Modeling,Frequency Analysis","Flood risk,watershed planning,Operations",Suspended,Emergency Spillway,Not Applicable,Not Applicable,Not Applicable,Yes,"Flood,Structure failure",Not Applicable,"MontaNot Applicable,North Dakota,South Dakota,Nebraska,Iowa,Kansas,Missouri",Flood diversion,"Urban,Agriculture",Regulated rivers
E00821,L0126,missouri-river-from-sioux-city-to-omaha,Missouri River from Sioux City to Omaha,Review of the Regulation of the Missouri River Mainstem Reservoir System During the Flood of 2011,2012,"Grigg, N, McCarthy, C, Lawrence, B, Ockerman, D",https://www.nwd-mr.usace.army.mil/rcc/reports/pdfs/MRIndependentReviewPanel.pdf,USACE Report,"Planning,Operations,Reporting,Analysis","Public Participation,Hydraulics","Hydraulic Modeling,Frequency Analysis","Flood risk,watershed planning,Operations",Suspended,Emergency Spillway,Not Applicable,Not Applicable,Not Applicable,Yes,"Flood,Structure failure",Not Applicable,"MontaNot Applicable,North Dakota,South Dakota,Nebraska,Iowa,Kansas,Missouri",Flood diversion,"Urban,Agriculture",Regulated rivers
E00822,L0126,missouri-river-from-omaha-to-kansas-city,Missouri River from Omaha to Kansas City,Review of the Regulation of the Missouri River Mainstem Reservoir System During the Flood of 2011,2012,"Grigg, N, McCarthy, C, Lawrence, B, Ockerman, D",https://www.nwd-mr.usace.army.mil/rcc/reports/pdfs/MRIndependentReviewPanel.pdf,USACE Report,"Planning,Operations,Reporting,Analysis","Public Participation,Hydraulics","Hydraulic Modeling,Frequency Analysis","Flood risk,watershed planning,Operations",Suspended,Emergency Spillway,Not Applicable,Not Applicable,Not Applicable,Yes,"Flood,Structure failure",Not Applicable,"MontaNot Applicable,North Dakota,South Dakota,Nebraska,Iowa,Kansas,Missouri",Flood diversion,"Urban,Agriculture",Regulated rivers
E00823,L0126,missouri-river-from-kansas-city-to-mouth,Missouri River from Kansas City to mouth,Review of the Regulation of the Missouri River Mainstem Reservoir System During the Flood of 2011,2012,"Grigg, N, McCarthy, C, Lawrence, B, Ockerman, D",https://www.nwd-mr.usace.army.mil/rcc/reports/pdfs/MRIndependentReviewPanel.pdf,USACE Report,"Planning,Operations,Reporting,Analysis","Public Participation,Hydraulics","Hydraulic Modeling,Frequency Analysis","Flood risk,watershed planning,Operations",Suspended,Emergency Spillway,Not Applicable,Not Applicable,Not Applicable,Yes,"Flood,Structure failure",Not Applicable,"MontaNot Applicable,North Dakota,South Dakota,Nebraska,Iowa,Kansas,Missouri",Flood diversion,"Urban,Agriculture",Regulated rivers
E00824,L0171,,Magpie Creek,"A synthesis of post-fire road treatments for BAER teams: methods, treatment effectiveness, and decision-making tools for rehabilitation",2009,"Foltz, RB, Robichaud, PR, Rhee, H",https://doi.org/10.2737/RMRS-GTR-228,Government Report,"Planning,Design,Operations,Maintenance","Sediment,Hydraulics","Hydraulic Modeling,Regression","Flood risk,Maintenance,Operations","Suspended,Bedload","Debris,Erosion",Not Applicable,Not Applicable,Not Applicable,Yes,"Flood,Structure failure","Debris flow,wildfire",MontaNot Applicable,"Land management,Deposition control",Forestry,Mountain torrents
E00825,L0171,,Canyon Ferry,"A synthesis of post-fire road treatments for BAER teams: methods, treatment effectiveness, and decision-making tools for rehabilitation",2009,"Foltz, RB, Robichaud, PR, Rhee, H",https://doi.org/10.2737/RMRS-GTR-228,Government Report,"Planning,Design,Operations,Maintenance","Sediment,Hydraulics","Hydraulic Modeling,Regression","Flood risk,Maintenance,Operations","Suspended,Bedload","Debris,Erosion",Not Applicable,Not Applicable,Not Applicable,Yes,"Flood,Structure failure","Debris flow,wildfire",MontaNot Applicable,"Land management,Deposition control",Forestry,Mountain torrents
E00826,L0171,,Hellgate Gulch,"A synthesis of post-fire road treatments for BAER teams: methods, treatment effectiveness, and decision-making tools for rehabilitation",2009,"Foltz, RB, Robichaud, PR, Rhee, H",https://doi.org/10.2737/RMRS-GTR-228,Government Report,"Planning,Design,Operations,Maintenance","Sediment,Hydraulics","Hydraulic Modeling,Regression","Flood risk,Maintenance,Operations","Suspended,Bedload","Debris,Erosion",Not Applicable,Not Applicable,Not Applicable,Yes,"Flood,Structure failure","Debris flow,wildfire",MontaNot Applicable,"Land management,Deposition control",Forestry,Mountain torrents
E00827,L0171,,Canyon Ferry,"A synthesis of post-fire road treatments for BAER teams: methods, treatment effectiveness, and decision-making tools for rehabilitation",2009,"Foltz, RB, Robichaud, PR, Rhee, H",https://doi.org/10.2737/RMRS-GTR-228,Government Report,"Planning,Design,Operations,Maintenance","Sediment,Hydraulics","Hydraulic Modeling,Regression","Flood risk,Maintenance,Operations","Suspended,Bedload","Debris,Erosion",Not Applicable,Not Applicable,Not Applicable,Yes,"Flood,Structure failure","Debris flow,wildfire",MontaNot Applicable,"Land management,Deposition control",Forestry,Mountain torrents
E00828,L0171,,Upper Paget Creek,"A synthesis of post-fire road treatments for BAER teams: methods, treatment effectiveness, and decision-making tools for rehabilitation",2009,"Foltz, RB, Robichaud, PR, Rhee, H",https://doi.org/10.2737/RMRS-GTR-228,Government Report,"Planning,Design,Operations,Maintenance","Sediment,Hydraulics","Hydraulic Modeling,Regression","Flood risk,Maintenance,Operations","Suspended,Bedload","Debris,Erosion",Not Applicable,Not Applicable,Not Applicable,Yes,"Flood,Structure failure","Debris flow,wildfire",MontaNot Applicable,"Land management,Deposition control",Forestry,Mountain torrents
E00829,L0171,,Ashland,"A synthesis of post-fire road treatments for BAER teams: methods, treatment effectiveness, and decision-making tools for rehabilitation",2009,"Foltz, RB, Robichaud, PR, Rhee, H",https://doi.org/10.2737/RMRS-GTR-228,Government Report,"Planning,Design,Operations,Maintenance","Sediment,Hydraulics","Hydraulic Modeling,Regression","Flood risk,Maintenance,Operations","Suspended,Bedload","Debris,Erosion",Not Applicable,Not Applicable,Not Applicable,Yes,"Flood,Structure failure","Debris flow,wildfire",MontaNot Applicable,"Land management,Deposition control",Forestry,Mountain torrents
E00830,L0176,,Missouri River at Hermann,Verification of Bedload Transport Formula at the Sub-Cross-Section Scale,2016,"Abraham, D, Shelley, J, McAlpin, T, May, D, Adenihun, J",https://www.worldcat.org/title/river-flow-2016-proceedings-of-the-international-conference-on-fluvial-hydralics-river-flow-2016-st-louis-usa-11-14-july-2016/oclc/1003204237,Conference Paper,"Reporting,Analysis","Bathymetry,Sediment,Hydraulics","Hydraulic Modeling,Sediment Transport Modeling,Regression",Operations,"Sand,Bedload,Suspended","Suspended,Erosion",Not Applicable,Not Applicable,Not Applicable,Not Applicable,Not Applicable,Not Applicable,"Iowa,Nebraska,Missouri,Kansas","Sediment release,Deposition control",Urban,Regulated rivers
E00831,L0188,myrtle-grove-diversion,Myrtle Grove Diversion,River diversions and shoaling,2008,"Letter, JV, Pinkard Jr., CF, Raphelt, NA",https://hdl.handle.net/11681/2036,ERDC TN,"Planning,Operations,Analysis","Bathymetry,Sediment,Hydraulics","Hydraulic Equations,Sediment Transport Modeling","Flood risk,Operations","Suspended,Bedload","Suspended,Emergency spillway,Dredging",Not Applicable,Not Applicable,Not Applicable,Yes,"Flood,Structure failure",Not Applicable,LouisiaNot Applicable,"Sediment release,land management,Flood diversion,Deposition control",Wetlands,Deltas
E00832,L0188,bohemia-spillway-mardi-gras-pass,Bohemia spillway/Mardi Gras Pass,River diversions and shoaling,2008,"Letter, JV, Pinkard Jr., CF, Raphelt, NA",https://hdl.handle.net/11681/2036,ERDC TN,"Planning,Operations,Analysis","Bathymetry,Sediment,Hydraulics","Hydraulic Equations,Sediment Transport Modeling","Flood risk,Operations","Suspended,Bedload","Suspended,Emergency spillway,Dredging",Not Applicable,Not Applicable,Not Applicable,Yes,"Flood,Structure failure",Not Applicable,LouisiaNot Applicable,"Sediment release,land management,Flood diversion,Deposition control",Wetlands,Deltas
E00833,L0188,southwest-pass-mississippi-river,Southwest Pass (Mississippi River),River diversions and shoaling,2008,"Letter, JV, Pinkard Jr., CF, Raphelt, NA",https://hdl.handle.net/11681/2036,ERDC TN,"Planning,Operations,Analysis","Bathymetry,Sediment,Hydraulics","Hydraulic Equations,Sediment Transport Modeling","Flood risk,Operations","Suspended,Bedload","Suspended,Emergency spillway,Dredging",Not Applicable,Not Applicable,Not Applicable,Yes,"Flood,Structure failure",Not Applicable,LouisiaNot Applicable,"Sediment release,land management,Flood diversion,Deposition control",Wetlands,Deltas
E00834,L0188,redeye-crossing,Redeye Crossing,River diversions and shoaling,2008,"Letter, JV, Pinkard Jr., CF, Raphelt, NA",https://hdl.handle.net/11681/2036,ERDC TN,"Planning,Operations,Analysis","Bathymetry,Sediment,Hydraulics","Hydraulic Equations,Sediment Transport Modeling","Flood risk,Operations","Suspended,Bedload","Suspended,Emergency spillway,Dredging",Not Applicable,Not Applicable,Not Applicable,Yes,"Flood,Structure failure",Not Applicable,LouisiaNot Applicable,"Sediment release,land management,Flood diversion,Deposition control",Wetlands,Deltas
E00835,L0188,caernarvon-diversion,Caernarvon Diversion,River diversions and shoaling,2008,"Letter, JV, Pinkard Jr., CF, Raphelt, NA",https://hdl.handle.net/11681/2036,ERDC TN,"Planning,Operations,Analysis","Bathymetry,Sediment,Hydraulics","Hydraulic Equations,Sediment Transport Modeling","Flood risk,Operations","Suspended,Bedload","Suspended,Emergency spillway,Dredging",Not Applicable,Not Applicable,Not Applicable,Yes,"Flood,Structure failure",Not Applicable,LouisiaNot Applicable,"Sediment release,land management,Flood diversion,Deposition control",Wetlands,Deltas
E00836,L0188,colorado-river-texas,Colorado River (Texas),River diversions and shoaling,2008,"Letter, JV, Pinkard Jr., CF, Raphelt, NA",https://hdl.handle.net/11681/2036,ERDC TN,"Planning,Operations,Analysis","Bathymetry,Sediment,Hydraulics","Hydraulic Equations,Sediment Transport Modeling","Flood risk,Operations","Suspended,Bedload","Suspended,Emergency spillway,Dredging",Not Applicable,Not Applicable,Not Applicable,Yes,"Flood,Structure failure",Not Applicable,LouisiaNot Applicable,"Sediment release,land management,Flood diversion,Deposition control",Wetlands,Deltas
E00837,L0188,santee-river-into-cooper-river-diversion,Santee River into Cooper River diversion,River diversions and shoaling,2008,"Letter, JV, Pinkard Jr., CF, Raphelt, NA",https://hdl.handle.net/11681/2036,ERDC TN,"Planning,Operations,Analysis","Bathymetry,Sediment,Hydraulics","Hydraulic Equations,Sediment Transport Modeling","Flood risk,Operations","Suspended,Bedload","Suspended,Emergency spillway,Dredging",Not Applicable,Not Applicable,Not Applicable,Yes,"Flood,Structure failure",Not Applicable,LouisiaNot Applicable,"Sediment release,land management,Flood diversion,Deposition control",Wetlands,Deltas
E00838,L0192,kalaweva-tank-dam,Kalaweva Tank Dam,Dams and Public Safety,1983,"Jansen, RB",https://www.usbr.gov/tsc/techreferences/mands/mands-pdfs/AZ1130.pdf,Government Report,"Design,Construction,Reporting","Bathymetry,Public Participation",Not Applicable,"Maintenance,Operations",Not Applicable,Not Applicable,Not Applicable,Not Applicable,Not Applicable,Not Applicable,Structure failure,Earthquake,Worldwide,"Dam Removal,Dam Raise",Not Applicable,Not Applicable
E00839,L0192,tashanyan-tuoshanyan-dam,Tashanyan (Tuoshanyan) Dam,Dams and Public Safety,1983,"Jansen, RB",https://www.usbr.gov/tsc/techreferences/mands/mands-pdfs/AZ1130.pdf,Government Report,"Design,Construction,Reporting","Bathymetry,Public Participation",Not Applicable,"Maintenance,Operations",Not Applicable,Not Applicable,Not Applicable,Not Applicable,Not Applicable,Not Applicable,Structure failure,Earthquake,Worldwide,"Dam Removal,Dam Raise",Not Applicable,Not Applicable
E00840,L0192,moti-talab-dam,Moti-Talab Dam,Dams and Public Safety,1983,"Jansen, RB",https://www.usbr.gov/tsc/techreferences/mands/mands-pdfs/AZ1130.pdf,Government Report,"Design,Construction,Reporting","Bathymetry,Public Participation",Not Applicable,"Maintenance,Operations",Not Applicable,Not Applicable,Not Applicable,Not Applicable,Not Applicable,Not Applicable,Structure failure,Earthquake,Worldwide,"Dam Removal,Dam Raise",Not Applicable,Not Applicable
E00841,L0192,veeranam-dam,Veeranam Dam,Dams and Public Safety,1983,"Jansen, RB",https://www.usbr.gov/tsc/techreferences/mands/mands-pdfs/AZ1130.pdf,Government Report,"Design,Construction,Reporting","Bathymetry,Public Participation",Not Applicable,"Maintenance,Operations",Not Applicable,Not Applicable,Not Applicable,Not Applicable,Not Applicable,Not Applicable,Structure failure,Earthquake,Worldwide,"Dam Removal,Dam Raise",Not Applicable,Not Applicable
E00842,L0192,daimonike-dam,Daimonike Dam,Dams and Public Safety,1983,"Jansen, RB",https://www.usbr.gov/tsc/techreferences/mands/mands-pdfs/AZ1130.pdf,Government Report,"Design,Construction,Reporting","Bathymetry,Public Participation",Not Applicable,"Maintenance,Operations",Not Applicable,Not Applicable,Not Applicable,Not Applicable,Not Applicable,Not Applicable,Structure failure,Earthquake,Worldwide,"Dam Removal,Dam Raise",Not Applicable,Not Applicable
E00843,L0192,padawiya-dam,Padawiya Dam,Dams and Public Safety,1983,"Jansen, RB",https://www.usbr.gov/tsc/techreferences/mands/mands-pdfs/AZ1130.pdf,Government Report,"Design,Construction,Reporting","Bathymetry,Public Participation",Not Applicable,"Maintenance,Operations",Not Applicable,Not Applicable,Not Applicable,Not Applicable,Not Applicable,Not Applicable,Structure failure,Earthquake,Worldwide,"Dam Removal,Dam Raise",Not Applicable,Not Applicable
E00844,L0192,almonacid-de-la-cuba-dam,Almonacid de la Cuba Dam,Dams and Public Safety,1983,"Jansen, RB",https://www.usbr.gov/tsc/techreferences/mands/mands-pdfs/AZ1130.pdf,Government Report,"Design,Construction,Reporting","Bathymetry,Public Participation",Not Applicable,"Maintenance,Operations",Not Applicable,Not Applicable,Not Applicable,Not Applicable,Not Applicable,Not Applicable,Structure failure,Earthquake,Worldwide,"Dam Removal,Dam Raise",Not Applicable,Not Applicable
E00845,L0192,saveh-dam,Saveh Dam,Dams and Public Safety,1983,"Jansen, RB",https://www.usbr.gov/tsc/techreferences/mands/mands-pdfs/AZ1130.pdf,Government Report,"Design,Construction,Reporting","Bathymetry,Public Participation",Not Applicable,"Maintenance,Operations",Not Applicable,Not Applicable,Not Applicable,Not Applicable,Not Applicable,Not Applicable,Structure failure,Earthquake,Worldwide,"Dam Removal,Dam Raise",Not Applicable,Not Applicable
E00846,L0192,almansa-dam,Almansa Dam,Dams and Public Safety,1983,"Jansen, RB",https://www.usbr.gov/tsc/techreferences/mands/mands-pdfs/AZ1130.pdf,Government Report,"Design,Construction,Reporting","Bathymetry,Public Participation",Not Applicable,"Maintenance,Operations",Not Applicable,Not Applicable,Not Applicable,Not Applicable,Not Applicable,Not Applicable,Structure failure,Earthquake,Worldwide,"Dam Removal,Dam Raise",Not Applicable,Not Applicable
E00847,L0192,tibi-dam,Tibi Dam,Dams and Public Safety,1983,"Jansen, RB",https://www.usbr.gov/tsc/techreferences/mands/mands-pdfs/AZ1130.pdf,Government Report,"Design,Construction,Reporting","Bathymetry,Public Participation",Not Applicable,"Maintenance,Operations",Not Applicable,Not Applicable,Not Applicable,Not Applicable,Not Applicable,Not Applicable,Structure failure,Earthquake,Worldwide,"Dam Removal,Dam Raise",Not Applicable,Not Applicable
E00848,L0192,elche-dam,Elche Dam,Dams and Public Safety,1983,"Jansen, RB",https://www.usbr.gov/tsc/techreferences/mands/mands-pdfs/AZ1130.pdf,Government Report,"Design,Construction,Reporting","Bathymetry,Public Participation",Not Applicable,"Maintenance,Operations",Not Applicable,Not Applicable,Not Applicable,Not Applicable,Not Applicable,Not Applicable,Structure failure,Earthquake,Worldwide,"Dam Removal,Dam Raise",Not Applicable,Not Applicable
E00849,L0192,relleu-dam,Relleu Dam,Dams and Public Safety,1983,"Jansen, RB",https://www.usbr.gov/tsc/techreferences/mands/mands-pdfs/AZ1130.pdf,Government Report,"Design,Construction,Reporting","Bathymetry,Public Participation",Not Applicable,"Maintenance,Operations",Not Applicable,Not Applicable,Not Applicable,Not Applicable,Not Applicable,Not Applicable,Structure failure,Earthquake,Worldwide,"Dam Removal,Dam Raise",Not Applicable,Not Applicable
E00850,L0192,ponte-alto-dam,Ponte Alto Dam,Dams and Public Safety,1983,"Jansen, RB",https://www.usbr.gov/tsc/techreferences/mands/mands-pdfs/AZ1130.pdf,Government Report,"Design,Construction,Reporting","Bathymetry,Public Participation",Not Applicable,"Maintenance,Operations",Not Applicable,Not Applicable,Not Applicable,Not Applicable,Not Applicable,Not Applicable,Structure failure,Earthquake,Worldwide,"Dam Removal,Dam Raise",Not Applicable,Not Applicable
E00851,L0192,pul-i-khadju-bridge-dam-khaju-bridge,Pul-i-Khadju bridge-dam (Khaju Bridge),Dams and Public Safety,1983,"Jansen, RB",https://www.usbr.gov/tsc/techreferences/mands/mands-pdfs/AZ1130.pdf,Government Report,"Design,Construction,Reporting","Bathymetry,Public Participation",Not Applicable,"Maintenance,Operations",Not Applicable,Not Applicable,Not Applicable,Not Applicable,Not Applicable,Not Applicable,Structure failure,Earthquake,Worldwide,"Dam Removal,Dam Raise",Not Applicable,Not Applicable
E00852,L0192,st-ferreol-dam,St. Ferreol Dam,Dams and Public Safety,1983,"Jansen, RB",https://www.usbr.gov/tsc/techreferences/mands/mands-pdfs/AZ1130.pdf,Government Report,"Design,Construction,Reporting","Bathymetry,Public Participation",Not Applicable,"Maintenance,Operations",Not Applicable,Not Applicable,Not Applicable,Not Applicable,Not Applicable,Not Applicable,Structure failure,Earthquake,Worldwide,"Dam Removal,Dam Raise",Not Applicable,Not Applicable
E00853,L0192,oderteich-dam,Oderteich Dam,Dams and Public Safety,1983,"Jansen, RB",https://www.usbr.gov/tsc/techreferences/mands/mands-pdfs/AZ1130.pdf,Government Report,"Design,Construction,Reporting","Bathymetry,Public Participation",Not Applicable,"Maintenance,Operations",Not Applicable,Not Applicable,Not Applicable,Not Applicable,Not Applicable,Not Applicable,Structure failure,Earthquake,Worldwide,"Dam Removal,Dam Raise",Not Applicable,Not Applicable
E00854,L0192,almendralejo-dam-dam-of-albuera-de-feria,Almendralejo Dam (dam of Albuera de Feria),Dams and Public Safety,1983,"Jansen, RB",https://www.usbr.gov/tsc/techreferences/mands/mands-pdfs/AZ1130.pdf,Government Report,"Design,Construction,Reporting","Bathymetry,Public Participation",Not Applicable,"Maintenance,Operations",Not Applicable,Not Applicable,Not Applicable,Not Applicable,Not Applicable,Not Applicable,Structure failure,Earthquake,Worldwide,"Dam Removal,Dam Raise",Not Applicable,Not Applicable
E00855,L0192,pabellon-san-blas-dam,Pabellón (San Blás) Dam,Dams and Public Safety,1983,"Jansen, RB",https://www.usbr.gov/tsc/techreferences/mands/mands-pdfs/AZ1130.pdf,Government Report,"Design,Construction,Reporting","Bathymetry,Public Participation",Not Applicable,"Maintenance,Operations",Not Applicable,Not Applicable,Not Applicable,Not Applicable,Not Applicable,Not Applicable,Structure failure,Earthquake,Worldwide,"Dam Removal,Dam Raise",Not Applicable,Not Applicable
E00856,L0192,old-mission-dam,Old Mission Dam,Dams and Public Safety,1983,"Jansen, RB",https://www.usbr.gov/tsc/techreferences/mands/mands-pdfs/AZ1130.pdf,Government Report,"Design,Construction,Reporting","Bathymetry,Public Participation",Not Applicable,"Maintenance,Operations",Not Applicable,Not Applicable,Not Applicable,Not Applicable,Not Applicable,Not Applicable,Structure failure,Earthquake,Worldwide,"Dam Removal,Dam Raise",Not Applicable,Not Applicable
E00857,L0192,puentes-dam,Puentes Dam,Dams and Public Safety,1983,"Jansen, RB",https://www.usbr.gov/tsc/techreferences/mands/mands-pdfs/AZ1130.pdf,Government Report,"Design,Construction,Reporting","Bathymetry,Public Participation",Not Applicable,"Maintenance,Operations",Not Applicable,Not Applicable,Not Applicable,Not Applicable,Not Applicable,Not Applicable,Structure failure,Earthquake,Worldwide,"Dam Removal,Dam Raise",Not Applicable,Not Applicable
E00858,L0192,valdeinfierno-dam,Valdeinfierno Dam,Dams and Public Safety,1983,"Jansen, RB",https://www.usbr.gov/tsc/techreferences/mands/mands-pdfs/AZ1130.pdf,Government Report,"Design,Construction,Reporting","Bathymetry,Public Participation",Not Applicable,"Maintenance,Operations",Not Applicable,Not Applicable,Not Applicable,Not Applicable,Not Applicable,Not Applicable,Structure failure,Earthquake,Worldwide,"Dam Removal,Dam Raise",Not Applicable,Not Applicable
E00859,L0192,mir-alam-dam,Mir Alam Dam,Dams and Public Safety,1983,"Jansen, RB",https://www.usbr.gov/tsc/techreferences/mands/mands-pdfs/AZ1130.pdf,Government Report,"Design,Construction,Reporting","Bathymetry,Public Participation",Not Applicable,"Maintenance,Operations",Not Applicable,Not Applicable,Not Applicable,Not Applicable,Not Applicable,Not Applicable,Structure failure,Earthquake,Worldwide,"Dam Removal,Dam Raise",Not Applicable,Not Applicable
E00860,L0192,couzon-dam,Couzon Dam,Dams and Public Safety,1983,"Jansen, RB",https://www.usbr.gov/tsc/techreferences/mands/mands-pdfs/AZ1130.pdf,Government Report,"Design,Construction,Reporting","Bathymetry,Public Participation",Not Applicable,"Maintenance,Operations",Not Applicable,Not Applicable,Not Applicable,Not Applicable,Not Applicable,Not Applicable,Structure failure,Earthquake,Worldwide,"Dam Removal,Dam Raise",Not Applicable,Not Applicable
E00861,L0192,yeni-sultan-mahmut-dam-new-dam,Yeni (Sultan Mahmut) Dam (New Dam),Dams and Public Safety,1983,"Jansen, RB",https://www.usbr.gov/tsc/techreferences/mands/mands-pdfs/AZ1130.pdf,Government Report,"Design,Construction,Reporting","Bathymetry,Public Participation",Not Applicable,"Maintenance,Operations",Not Applicable,Not Applicable,Not Applicable,Not Applicable,Not Applicable,Not Applicable,Structure failure,Earthquake,Worldwide,"Dam Removal,Dam Raise",Not Applicable,Not Applicable
E00862,L0192,old-croton-dam,Old Croton Dam,Dams and Public Safety,1983,"Jansen, RB",https://www.usbr.gov/tsc/techreferences/mands/mands-pdfs/AZ1130.pdf,Government Report,"Design,Construction,Reporting","Bathymetry,Public Participation",Not Applicable,"Maintenance,Operations",Not Applicable,Not Applicable,Not Applicable,Not Applicable,Not Applicable,Not Applicable,Structure failure,Earthquake,Worldwide,"Dam Removal,Dam Raise",Not Applicable,Not Applicable
E00863,L0192,lake-cochituate-dam,Lake Cochituate Dam,Dams and Public Safety,1983,"Jansen, RB",https://www.usbr.gov/tsc/techreferences/mands/mands-pdfs/AZ1130.pdf,Government Report,"Design,Construction,Reporting","Bathymetry,Public Participation",Not Applicable,"Maintenance,Operations",Not Applicable,Not Applicable,Not Applicable,Not Applicable,Not Applicable,Not Applicable,Structure failure,Earthquake,Worldwide,"Dam Removal,Dam Raise",Not Applicable,Not Applicable
E00864,L0192,druid-lake-dam,Druid Lake Dam,Dams and Public Safety,1983,"Jansen, RB",https://www.usbr.gov/tsc/techreferences/mands/mands-pdfs/AZ1130.pdf,Government Report,"Design,Construction,Reporting","Bathymetry,Public Participation",Not Applicable,"Maintenance,Operations",Not Applicable,Not Applicable,Not Applicable,Not Applicable,Not Applicable,Not Applicable,Structure failure,Earthquake,Worldwide,"Dam Removal,Dam Raise",Not Applicable,Not Applicable
E00865,L0192,zola-dam,Zola Dam,Dams and Public Safety,1983,"Jansen, RB",https://www.usbr.gov/tsc/techreferences/mands/mands-pdfs/AZ1130.pdf,Government Report,"Design,Construction,Reporting","Bathymetry,Public Participation",Not Applicable,"Maintenance,Operations",Not Applicable,Not Applicable,Not Applicable,Not Applicable,Not Applicable,Not Applicable,Structure failure,Earthquake,Worldwide,"Dam Removal,Dam Raise",Not Applicable,Not Applicable
E00866,L0192,gouffre-d-enfer-dam,Gouffre d'Enfer Dam,Dams and Public Safety,1983,"Jansen, RB",https://www.usbr.gov/tsc/techreferences/mands/mands-pdfs/AZ1130.pdf,Government Report,"Design,Construction,Reporting","Bathymetry,Public Participation",Not Applicable,"Maintenance,Operations",Not Applicable,Not Applicable,Not Applicable,Not Applicable,Not Applicable,Not Applicable,Structure failure,Earthquake,Worldwide,"Dam Removal,Dam Raise",Not Applicable,Not Applicable
E00867,L0192,khadakwasla-poona-dam,Khadakwasla (Poona) Dam,Dams and Public Safety,1983,"Jansen, RB",https://www.usbr.gov/tsc/techreferences/mands/mands-pdfs/AZ1130.pdf,Government Report,"Design,Construction,Reporting","Bathymetry,Public Participation",Not Applicable,"Maintenance,Operations",Not Applicable,Not Applicable,Not Applicable,Not Applicable,Not Applicable,Not Applicable,Structure failure,Earthquake,Worldwide,"Dam Removal,Dam Raise",Not Applicable,Not Applicable
E00868,L0192,bhatgarh-dam,Bhatgarh Dam,Dams and Public Safety,1983,"Jansen, RB",https://www.usbr.gov/tsc/techreferences/mands/mands-pdfs/AZ1130.pdf,Government Report,"Design,Construction,Reporting","Bathymetry,Public Participation",Not Applicable,"Maintenance,Operations",Not Applicable,Not Applicable,Not Applicable,Not Applicable,Not Applicable,Not Applicable,Structure failure,Earthquake,Worldwide,"Dam Removal,Dam Raise",Not Applicable,Not Applicable
E00869,L0192,tansa-dam,Tansa Dam,Dams and Public Safety,1983,"Jansen, RB",https://www.usbr.gov/tsc/techreferences/mands/mands-pdfs/AZ1130.pdf,Government Report,"Design,Construction,Reporting","Bathymetry,Public Participation",Not Applicable,"Maintenance,Operations",Not Applicable,Not Applicable,Not Applicable,Not Applicable,Not Applicable,Not Applicable,Structure failure,Earthquake,Worldwide,"Dam Removal,Dam Raise",Not Applicable,Not Applicable
E00870,L0192,mullaperiyar-dam,Mullaperiyar Dam,Dams and Public Safety,1983,"Jansen, RB",https://www.usbr.gov/tsc/techreferences/mands/mands-pdfs/AZ1130.pdf,Government Report,"Design,Construction,Reporting","Bathymetry,Public Participation",Not Applicable,"Maintenance,Operations",Not Applicable,Not Applicable,Not Applicable,Not Applicable,Not Applicable,Not Applicable,Structure failure,Earthquake,Worldwide,"Dam Removal,Dam Raise",Not Applicable,Not Applicable
E00871,L0192,lower-san-leandro-chabot-dam,Lower San Leandro (Chabot) Dam,Dams and Public Safety,1983,"Jansen, RB",https://www.usbr.gov/tsc/techreferences/mands/mands-pdfs/AZ1130.pdf,Government Report,"Design,Construction,Reporting","Bathymetry,Public Participation",Not Applicable,"Maintenance,Operations",Not Applicable,Not Applicable,Not Applicable,Not Applicable,Not Applicable,Not Applicable,Structure failure,Earthquake,Worldwide,"Dam Removal,Dam Raise",Not Applicable,Not Applicable
E00872,L0192,aswan-low-dam,Aswan Low Dam,Dams and Public Safety,1983,"Jansen, RB",https://www.usbr.gov/tsc/techreferences/mands/mands-pdfs/AZ1130.pdf,Government Report,"Design,Construction,Reporting","Bathymetry,Public Participation",Not Applicable,"Maintenance,Operations",Not Applicable,Not Applicable,Not Applicable,Not Applicable,Not Applicable,Not Applicable,Structure failure,Earthquake,Worldwide,"Dam Removal,Dam Raise",Not Applicable,Not Applicable
E00873,L0192,cheesman-dam,Cheesman Dam,Dams and Public Safety,1983,"Jansen, RB",https://www.usbr.gov/tsc/techreferences/mands/mands-pdfs/AZ1130.pdf,Government Report,"Design,Construction,Reporting","Bathymetry,Public Participation",Not Applicable,"Maintenance,Operations",Not Applicable,Not Applicable,Not Applicable,Not Applicable,Not Applicable,Not Applicable,Structure failure,Earthquake,Worldwide,"Dam Removal,Dam Raise",Not Applicable,Not Applicable
E00874,L0192,vyrnwy-dam,Vyrnwy Dam,Dams and Public Safety,1983,"Jansen, RB",https://www.usbr.gov/tsc/techreferences/mands/mands-pdfs/AZ1130.pdf,Government Report,"Design,Construction,Reporting","Bathymetry,Public Participation",Not Applicable,"Maintenance,Operations",Not Applicable,Not Applicable,Not Applicable,Not Applicable,Not Applicable,Not Applicable,Structure failure,Earthquake,Worldwide,"Dam Removal,Dam Raise",Not Applicable,Not Applicable
E00875,L0192,wachusetts-dam,Wachusetts Dam,Dams and Public Safety,1983,"Jansen, RB",https://www.usbr.gov/tsc/techreferences/mands/mands-pdfs/AZ1130.pdf,Government Report,"Design,Construction,Reporting","Bathymetry,Public Participation",Not Applicable,"Maintenance,Operations",Not Applicable,Not Applicable,Not Applicable,Not Applicable,Not Applicable,Not Applicable,Structure failure,Earthquake,Worldwide,"Dam Removal,Dam Raise",Not Applicable,Not Applicable
E00876,L0192,olive-bridge-dam,Olive Bridge Dam,Dams and Public Safety,1983,"Jansen, RB",https://www.usbr.gov/tsc/techreferences/mands/mands-pdfs/AZ1130.pdf,Government Report,"Design,Construction,Reporting","Bathymetry,Public Participation",Not Applicable,"Maintenance,Operations",Not Applicable,Not Applicable,Not Applicable,Not Applicable,Not Applicable,Not Applicable,Structure failure,Earthquake,Worldwide,"Dam Removal,Dam Raise",Not Applicable,Not Applicable
E00877,L0192,medina-dam,Medina Dam,Dams and Public Safety,1983,"Jansen, RB",https://www.usbr.gov/tsc/techreferences/mands/mands-pdfs/AZ1130.pdf,Government Report,"Design,Construction,Reporting","Bathymetry,Public Participation",Not Applicable,"Maintenance,Operations",Not Applicable,Not Applicable,Not Applicable,Not Applicable,Not Applicable,Not Applicable,Structure failure,Earthquake,Worldwide,"Dam Removal,Dam Raise",Not Applicable,Not Applicable
E00878,L0192,arrowrock-dam,Arrowrock Dam,Dams and Public Safety,1983,"Jansen, RB",https://www.usbr.gov/tsc/techreferences/mands/mands-pdfs/AZ1130.pdf,Government Report,"Design,Construction,Reporting","Bathymetry,Public Participation",Not Applicable,"Maintenance,Operations",Not Applicable,Not Applicable,Not Applicable,Not Applicable,Not Applicable,Not Applicable,Structure failure,Earthquake,Worldwide,"Dam Removal,Dam Raise",Not Applicable,Not Applicable
E00879,L0192,elephant-butte-dam,Elephant Butte Dam,Dams and Public Safety,1983,"Jansen, RB",https://www.usbr.gov/tsc/techreferences/mands/mands-pdfs/AZ1130.pdf,Government Report,"Design,Construction,Reporting","Bathymetry,Public Participation",Not Applicable,"Maintenance,Operations",Not Applicable,Not Applicable,Not Applicable,Not Applicable,Not Applicable,Not Applicable,Structure failure,Earthquake,Worldwide,"Dam Removal,Dam Raise",Not Applicable,Not Applicable
E00880,L0192,new-croton-dam,New Croton Dam,Dams and Public Safety,1983,"Jansen, RB",https://www.usbr.gov/tsc/techreferences/mands/mands-pdfs/AZ1130.pdf,Government Report,"Design,Construction,Reporting","Bathymetry,Public Participation",Not Applicable,"Maintenance,Operations",Not Applicable,Not Applicable,Not Applicable,Not Applicable,Not Applicable,Not Applicable,Structure failure,Earthquake,Worldwide,"Dam Removal,Dam Raise",Not Applicable,Not Applicable
E00881,L0192,bull-shoals-dam,Bull Shoals Dam,Dams and Public Safety,1983,"Jansen, RB",https://www.usbr.gov/tsc/techreferences/mands/mands-pdfs/AZ1130.pdf,Government Report,"Design,Construction,Reporting","Bathymetry,Public Participation",Not Applicable,"Maintenance,Operations",Not Applicable,Not Applicable,Not Applicable,Not Applicable,Not Applicable,Not Applicable,Structure failure,Earthquake,Worldwide,"Dam Removal,Dam Raise",Not Applicable,Not Applicable
E00882,L0192,j-strom-thurmond-clarks-hill-dam,J. Strom Thurmond (Clarks Hill) Dam,Dams and Public Safety,1983,"Jansen, RB",https://www.usbr.gov/tsc/techreferences/mands/mands-pdfs/AZ1130.pdf,Government Report,"Design,Construction,Reporting","Bathymetry,Public Participation",Not Applicable,"Maintenance,Operations",Not Applicable,Not Applicable,Not Applicable,Not Applicable,Not Applicable,Not Applicable,Structure failure,Earthquake,Worldwide,"Dam Removal,Dam Raise",Not Applicable,Not Applicable
E00883,L0192,wolf-creek-dam,Wolf Creek Dam,Dams and Public Safety,1983,"Jansen, RB",https://www.usbr.gov/tsc/techreferences/mands/mands-pdfs/AZ1130.pdf,Government Report,"Design,Construction,Reporting","Bathymetry,Public Participation",Not Applicable,"Maintenance,Operations",Not Applicable,Not Applicable,Not Applicable,Not Applicable,Not Applicable,Not Applicable,Structure failure,Earthquake,Worldwide,"Dam Removal,Dam Raise",Not Applicable,Not Applicable
E00884,L0192,theodore-roosevelt-dam,Theodore Roosevelt Dam,Dams and Public Safety,1983,"Jansen, RB",https://www.usbr.gov/tsc/techreferences/mands/mands-pdfs/AZ1130.pdf,Government Report,"Design,Construction,Reporting","Bathymetry,Public Participation",Not Applicable,"Maintenance,Operations",Not Applicable,Not Applicable,Not Applicable,Not Applicable,Not Applicable,Not Applicable,Structure failure,Earthquake,Worldwide,"Dam Removal,Dam Raise",Not Applicable,Not Applicable
E00885,L0192,pathfinder-dam,Pathfinder Dam,Dams and Public Safety,1983,"Jansen, RB",https://www.usbr.gov/tsc/techreferences/mands/mands-pdfs/AZ1130.pdf,Government Report,"Design,Construction,Reporting","Bathymetry,Public Participation",Not Applicable,"Maintenance,Operations",Not Applicable,Not Applicable,Not Applicable,Not Applicable,Not Applicable,Not Applicable,Structure failure,Earthquake,Worldwide,"Dam Removal,Dam Raise",Not Applicable,Not Applicable
E00886,L0192,buffalo-bill-shoshone-dam,Buffalo Bill (Shoshone) Dam,Dams and Public Safety,1983,"Jansen, RB",https://www.usbr.gov/tsc/techreferences/mands/mands-pdfs/AZ1130.pdf,Government Report,"Design,Construction,Reporting","Bathymetry,Public Participation",Not Applicable,"Maintenance,Operations",Not Applicable,Not Applicable,Not Applicable,Not Applicable,Not Applicable,Not Applicable,Structure failure,Earthquake,Worldwide,"Dam Removal,Dam Raise",Not Applicable,Not Applicable
E00887,L0192,kensico-dam,Kensico Dam,Dams and Public Safety,1983,"Jansen, RB",https://www.usbr.gov/tsc/techreferences/mands/mands-pdfs/AZ1130.pdf,Government Report,"Design,Construction,Reporting","Bathymetry,Public Participation",Not Applicable,"Maintenance,Operations",Not Applicable,Not Applicable,Not Applicable,Not Applicable,Not Applicable,Not Applicable,Structure failure,Earthquake,Worldwide,"Dam Removal,Dam Raise",Not Applicable,Not Applicable
E00888,L0192,san-pablo-dam,San Pablo Dam,Dams and Public Safety,1983,"Jansen, RB",https://www.usbr.gov/tsc/techreferences/mands/mands-pdfs/AZ1130.pdf,Government Report,"Design,Construction,Reporting","Bathymetry,Public Participation",Not Applicable,"Maintenance,Operations",Not Applicable,Not Applicable,Not Applicable,Not Applicable,Not Applicable,Not Applicable,Structure failure,Earthquake,Worldwide,"Dam Removal,Dam Raise",Not Applicable,Not Applicable
E00889,L0192,calaveras-dam,Calaveras Dam,Dams and Public Safety,1983,"Jansen, RB",https://www.usbr.gov/tsc/techreferences/mands/mands-pdfs/AZ1130.pdf,Government Report,"Design,Construction,Reporting","Bathymetry,Public Participation",Not Applicable,"Maintenance,Operations",Not Applicable,Not Applicable,Not Applicable,Not Applicable,Not Applicable,Not Applicable,Structure failure,Earthquake,Worldwide,"Dam Removal,Dam Raise",Not Applicable,Not Applicable
E00890,L0192,saluda-dam,Saluda Dam,Dams and Public Safety,1983,"Jansen, RB",https://www.usbr.gov/tsc/techreferences/mands/mands-pdfs/AZ1130.pdf,Government Report,"Design,Construction,Reporting","Bathymetry,Public Participation",Not Applicable,"Maintenance,Operations",Not Applicable,Not Applicable,Not Applicable,Not Applicable,Not Applicable,Not Applicable,Structure failure,Earthquake,Worldwide,"Dam Removal,Dam Raise",Not Applicable,Not Applicable
E00891,L0192,fort-peck-dam,Fort Peck Dam,Dams and Public Safety,1983,"Jansen, RB",https://www.usbr.gov/tsc/techreferences/mands/mands-pdfs/AZ1130.pdf,Government Report,"Design,Construction,Reporting","Bathymetry,Public Participation",Not Applicable,"Maintenance,Operations",Not Applicable,Not Applicable,Not Applicable,Not Applicable,Not Applicable,Not Applicable,Structure failure,Earthquake,Worldwide,"Dam Removal,Dam Raise",Not Applicable,Not Applicable
E00892,L0192,dix-river-dix-dam,Dix River (Dix) Dam,Dams and Public Safety,1983,"Jansen, RB",https://www.usbr.gov/tsc/techreferences/mands/mands-pdfs/AZ1130.pdf,Government Report,"Design,Construction,Reporting","Bathymetry,Public Participation",Not Applicable,"Maintenance,Operations",Not Applicable,Not Applicable,Not Applicable,Not Applicable,Not Applicable,Not Applicable,Structure failure,Earthquake,Worldwide,"Dam Removal,Dam Raise",Not Applicable,Not Applicable
E00893,L0192,salt-springs-dam,Salt Springs Dam,Dams and Public Safety,1983,"Jansen, RB",https://www.usbr.gov/tsc/techreferences/mands/mands-pdfs/AZ1130.pdf,Government Report,"Design,Construction,Reporting","Bathymetry,Public Participation",Not Applicable,"Maintenance,Operations",Not Applicable,Not Applicable,Not Applicable,Not Applicable,Not Applicable,Not Applicable,Structure failure,Earthquake,Worldwide,"Dam Removal,Dam Raise",Not Applicable,Not Applicable
E00894,L0192,pacoima-dam,Pacoima Dam,Dams and Public Safety,1983,"Jansen, RB",https://www.usbr.gov/tsc/techreferences/mands/mands-pdfs/AZ1130.pdf,Government Report,"Design,Construction,Reporting","Bathymetry,Public Participation",Not Applicable,"Maintenance,Operations",Not Applicable,Not Applicable,Not Applicable,Not Applicable,Not Applicable,Not Applicable,Structure failure,Earthquake,Worldwide,"Dam Removal,Dam Raise",Not Applicable,Not Applicable
E00895,L0192,diablo-dam,Diablo Dam,Dams and Public Safety,1983,"Jansen, RB",https://www.usbr.gov/tsc/techreferences/mands/mands-pdfs/AZ1130.pdf,Government Report,"Design,Construction,Reporting","Bathymetry,Public Participation",Not Applicable,"Maintenance,Operations",Not Applicable,Not Applicable,Not Applicable,Not Applicable,Not Applicable,Not Applicable,Structure failure,Earthquake,Worldwide,"Dam Removal,Dam Raise",Not Applicable,Not Applicable
E00896,L0192,owyhee-dam,Owyhee Dam,Dams and Public Safety,1983,"Jansen, RB",https://www.usbr.gov/tsc/techreferences/mands/mands-pdfs/AZ1130.pdf,Government Report,"Design,Construction,Reporting","Bathymetry,Public Participation",Not Applicable,"Maintenance,Operations",Not Applicable,Not Applicable,Not Applicable,Not Applicable,Not Applicable,Not Applicable,Structure failure,Earthquake,Worldwide,"Dam Removal,Dam Raise",Not Applicable,Not Applicable
E00897,L0192,calderwood-dam,Calderwood Dam,Dams and Public Safety,1983,"Jansen, RB",https://www.usbr.gov/tsc/techreferences/mands/mands-pdfs/AZ1130.pdf,Government Report,"Design,Construction,Reporting","Bathymetry,Public Participation",Not Applicable,"Maintenance,Operations",Not Applicable,Not Applicable,Not Applicable,Not Applicable,Not Applicable,Not Applicable,Structure failure,Earthquake,Worldwide,"Dam Removal,Dam Raise",Not Applicable,Not Applicable
E00898,L0192,chute-a-caron-dam,Chute à Caron Dam,Dams and Public Safety,1983,"Jansen, RB",https://www.usbr.gov/tsc/techreferences/mands/mands-pdfs/AZ1130.pdf,Government Report,"Design,Construction,Reporting","Bathymetry,Public Participation",Not Applicable,"Maintenance,Operations",Not Applicable,Not Applicable,Not Applicable,Not Applicable,Not Applicable,Not Applicable,Structure failure,Earthquake,Worldwide,"Dam Removal,Dam Raise",Not Applicable,Not Applicable
E00899,L0192,hoover-dam,Hoover Dam,Dams and Public Safety,1983,"Jansen, RB",https://www.usbr.gov/tsc/techreferences/mands/mands-pdfs/AZ1130.pdf,Government Report,"Design,Construction,Reporting","Bathymetry,Public Participation",Not Applicable,"Maintenance,Operations",Not Applicable,Not Applicable,Not Applicable,Not Applicable,Not Applicable,Not Applicable,Structure failure,Earthquake,Worldwide,"Dam Removal,Dam Raise",Not Applicable,Not Applicable
E00900,L0192,grand-coulee-dam,Grand Coulee Dam,Dams and Public Safety,1983,"Jansen, RB",https://www.usbr.gov/tsc/techreferences/mands/mands-pdfs/AZ1130.pdf,Government Report,"Design,Construction,Reporting","Bathymetry,Public Participation",Not Applicable,"Maintenance,Operations",Not Applicable,Not Applicable,Not Applicable,Not Applicable,Not Applicable,Not Applicable,Structure failure,Earthquake,Worldwide,"Dam Removal,Dam Raise",Not Applicable,Not Applicable
E00901,L0192,shasta-dam,Shasta Dam,Dams and Public Safety,1983,"Jansen, RB",https://www.usbr.gov/tsc/techreferences/mands/mands-pdfs/AZ1130.pdf,Government Report,"Design,Construction,Reporting","Bathymetry,Public Participation",Not Applicable,"Maintenance,Operations",Not Applicable,Not Applicable,Not Applicable,Not Applicable,Not Applicable,Not Applicable,Structure failure,Earthquake,Worldwide,"Dam Removal,Dam Raise",Not Applicable,Not Applicable
E00902,L0192,glen-canyon-dam,Glen Canyon Dam,Dams and Public Safety,1983,"Jansen, RB",https://www.usbr.gov/tsc/techreferences/mands/mands-pdfs/AZ1130.pdf,Government Report,"Design,Construction,Reporting","Bathymetry,Public Participation",Not Applicable,"Maintenance,Operations",Not Applicable,Not Applicable,Not Applicable,Not Applicable,Not Applicable,Not Applicable,Structure failure,Earthquake,Worldwide,"Dam Removal,Dam Raise",Not Applicable,Not Applicable
E00903,L0192,dworshak-dam,Dworshak Dam,Dams and Public Safety,1983,"Jansen, RB",https://www.usbr.gov/tsc/techreferences/mands/mands-pdfs/AZ1130.pdf,Government Report,"Design,Construction,Reporting","Bathymetry,Public Participation",Not Applicable,"Maintenance,Operations",Not Applicable,Not Applicable,Not Applicable,Not Applicable,Not Applicable,Not Applicable,Structure failure,Earthquake,Worldwide,"Dam Removal,Dam Raise",Not Applicable,Not Applicable
E00904,L0192,oroville-dam,Oroville Dam,Dams and Public Safety,1983,"Jansen, RB",https://www.usbr.gov/tsc/techreferences/mands/mands-pdfs/AZ1130.pdf,Government Report,"Design,Construction,Reporting","Bathymetry,Public Participation",Not Applicable,"Maintenance,Operations",Not Applicable,Not Applicable,Not Applicable,Not Applicable,Not Applicable,Not Applicable,Structure failure,Earthquake,Worldwide,"Dam Removal,Dam Raise",Not Applicable,Not Applicable
E00905,L0192,daniel-johnson-manic-no-5-dam,Daniel Johnson (Manic No. 5) Dam,Dams and Public Safety,1983,"Jansen, RB",https://www.usbr.gov/tsc/techreferences/mands/mands-pdfs/AZ1130.pdf,Government Report,"Design,Construction,Reporting","Bathymetry,Public Participation",Not Applicable,"Maintenance,Operations",Not Applicable,Not Applicable,Not Applicable,Not Applicable,Not Applicable,Not Applicable,Structure failure,Earthquake,Worldwide,"Dam Removal,Dam Raise",Not Applicable,Not Applicable
E00906,L0192,mica-dam,Mica Dam,Dams and Public Safety,1983,"Jansen, RB",https://www.usbr.gov/tsc/techreferences/mands/mands-pdfs/AZ1130.pdf,Government Report,"Design,Construction,Reporting","Bathymetry,Public Participation",Not Applicable,"Maintenance,Operations",Not Applicable,Not Applicable,Not Applicable,Not Applicable,Not Applicable,Not Applicable,Structure failure,Earthquake,Worldwide,"Dam Removal,Dam Raise",Not Applicable,Not Applicable
E00907,L0192,mauvoisin-dam,Mauvoisin Dam,Dams and Public Safety,1983,"Jansen, RB",https://www.usbr.gov/tsc/techreferences/mands/mands-pdfs/AZ1130.pdf,Government Report,"Design,Construction,Reporting","Bathymetry,Public Participation",Not Applicable,"Maintenance,Operations",Not Applicable,Not Applicable,Not Applicable,Not Applicable,Not Applicable,Not Applicable,Structure failure,Earthquake,Worldwide,"Dam Removal,Dam Raise",Not Applicable,Not Applicable
E00908,L0192,vaiont-dam,Vaiont Dam,Dams and Public Safety,1983,"Jansen, RB",https://www.usbr.gov/tsc/techreferences/mands/mands-pdfs/AZ1130.pdf,Government Report,"Design,Construction,Reporting","Bathymetry,Public Participation",Not Applicable,"Maintenance,Operations",Not Applicable,Not Applicable,Not Applicable,Not Applicable,Not Applicable,Not Applicable,Structure failure,Earthquake,Worldwide,"Dam Removal,Dam Raise",Not Applicable,Not Applicable
E00909,L0192,grand-dixence-dam,Grand Dixence Dam,Dams and Public Safety,1983,"Jansen, RB",https://www.usbr.gov/tsc/techreferences/mands/mands-pdfs/AZ1130.pdf,Government Report,"Design,Construction,Reporting","Bathymetry,Public Participation",Not Applicable,"Maintenance,Operations",Not Applicable,Not Applicable,Not Applicable,Not Applicable,Not Applicable,Not Applicable,Structure failure,Earthquake,Worldwide,"Dam Removal,Dam Raise",Not Applicable,Not Applicable
E00910,L0192,contra-dam,Contra Dam,Dams and Public Safety,1983,"Jansen, RB",https://www.usbr.gov/tsc/techreferences/mands/mands-pdfs/AZ1130.pdf,Government Report,"Design,Construction,Reporting","Bathymetry,Public Participation",Not Applicable,"Maintenance,Operations",Not Applicable,Not Applicable,Not Applicable,Not Applicable,Not Applicable,Not Applicable,Structure failure,Earthquake,Worldwide,"Dam Removal,Dam Raise",Not Applicable,Not Applicable
E00911,L0192,sangtuda-vakhsh-dam,Sangtuda (Vakhsh) Dam,Dams and Public Safety,1983,"Jansen, RB",https://www.usbr.gov/tsc/techreferences/mands/mands-pdfs/AZ1130.pdf,Government Report,"Design,Construction,Reporting","Bathymetry,Public Participation",Not Applicable,"Maintenance,Operations",Not Applicable,Not Applicable,Not Applicable,Not Applicable,Not Applicable,Not Applicable,Structure failure,Earthquake,Worldwide,"Dam Removal,Dam Raise",Not Applicable,Not Applicable
E00912,L0192,rogun-dam,Rogun Dam,Dams and Public Safety,1983,"Jansen, RB",https://www.usbr.gov/tsc/techreferences/mands/mands-pdfs/AZ1130.pdf,Government Report,"Design,Construction,Reporting","Bathymetry,Public Participation",Not Applicable,"Maintenance,Operations",Not Applicable,Not Applicable,Not Applicable,Not Applicable,Not Applicable,Not Applicable,Structure failure,Earthquake,Worldwide,"Dam Removal,Dam Raise",Not Applicable,Not Applicable
E00913,L0192,enguri-inguri-dam,Enguri (Inguri) Dam,Dams and Public Safety,1983,"Jansen, RB",https://www.usbr.gov/tsc/techreferences/mands/mands-pdfs/AZ1130.pdf,Government Report,"Design,Construction,Reporting","Bathymetry,Public Participation",Not Applicable,"Maintenance,Operations",Not Applicable,Not Applicable,Not Applicable,Not Applicable,Not Applicable,Not Applicable,Structure failure,Earthquake,Worldwide,"Dam Removal,Dam Raise",Not Applicable,Not Applicable
E00914,L0192,tarbela-dam,Tarbela Dam,Dams and Public Safety,1983,"Jansen, RB",https://www.usbr.gov/tsc/techreferences/mands/mands-pdfs/AZ1130.pdf,Government Report,"Design,Construction,Reporting","Bathymetry,Public Participation",Not Applicable,"Maintenance,Operations",Not Applicable,Not Applicable,Not Applicable,Not Applicable,Not Applicable,Not Applicable,Structure failure,Earthquake,Worldwide,"Dam Removal,Dam Raise",Not Applicable,Not Applicable
E00915,L0192,nurek-dam,Nurek Dam,Dams and Public Safety,1983,"Jansen, RB",https://www.usbr.gov/tsc/techreferences/mands/mands-pdfs/AZ1130.pdf,Government Report,"Design,Construction,Reporting","Bathymetry,Public Participation",Not Applicable,"Maintenance,Operations",Not Applicable,Not Applicable,Not Applicable,Not Applicable,Not Applicable,Not Applicable,Structure failure,Earthquake,Worldwide,"Dam Removal,Dam Raise",Not Applicable,Not Applicable
E00916,L0192,chicoasen-dam,Chicoasén Dam,Dams and Public Safety,1983,"Jansen, RB",https://www.usbr.gov/tsc/techreferences/mands/mands-pdfs/AZ1130.pdf,Government Report,"Design,Construction,Reporting","Bathymetry,Public Participation",Not Applicable,"Maintenance,Operations",Not Applicable,Not Applicable,Not Applicable,Not Applicable,Not Applicable,Not Applicable,Structure failure,Earthquake,Worldwide,"Dam Removal,Dam Raise",Not Applicable,Not Applicable
E00917,L0192,tehri-dam,Tehri Dam,Dams and Public Safety,1983,"Jansen, RB",https://www.usbr.gov/tsc/techreferences/mands/mands-pdfs/AZ1130.pdf,Government Report,"Design,Construction,Reporting","Bathymetry,Public Participation",Not Applicable,"Maintenance,Operations",Not Applicable,Not Applicable,Not Applicable,Not Applicable,Not Applicable,Not Applicable,Structure failure,Earthquake,Worldwide,"Dam Removal,Dam Raise",Not Applicable,Not Applicable
E00918,L0192,sayano-shushenskaya-dam,Sayano-Shushenskaya Dam,Dams and Public Safety,1983,"Jansen, RB",https://www.usbr.gov/tsc/techreferences/mands/mands-pdfs/AZ1130.pdf,Government Report,"Design,Construction,Reporting","Bathymetry,Public Participation",Not Applicable,"Maintenance,Operations",Not Applicable,Not Applicable,Not Applicable,Not Applicable,Not Applicable,Not Applicable,Structure failure,Earthquake,Worldwide,"Dam Removal,Dam Raise",Not Applicable,Not Applicable
E00919,L0192,,Mihoesti Dam,Dams and Public Safety,1983,"Jansen, RB",https://www.usbr.gov/tsc/techreferences/mands/mands-pdfs/AZ1130.pdf,Government Report,"Design,Construction,Reporting","Bathymetry,Public Participation",Not Applicable,"Maintenance,Operations",Not Applicable,Not Applicable,Not Applicable,Not Applicable,Not Applicable,Not Applicable,Structure failure,Earthquake,Worldwide,"Dam Removal,Dam Raise",Not Applicable,Not Applicable
E00920,L0192,la-esmeralda-chivor-dam,La Esmeralda (Chivor) Dam,Dams and Public Safety,1983,"Jansen, RB",https://www.usbr.gov/tsc/techreferences/mands/mands-pdfs/AZ1130.pdf,Government Report,"Design,Construction,Reporting","Bathymetry,Public Participation",Not Applicable,"Maintenance,Operations",Not Applicable,Not Applicable,Not Applicable,Not Applicable,Not Applicable,Not Applicable,Structure failure,Earthquake,Worldwide,"Dam Removal,Dam Raise",Not Applicable,Not Applicable
E00921,L0192,chirkey-dam,Chirkey Dam,Dams and Public Safety,1983,"Jansen, RB",https://www.usbr.gov/tsc/techreferences/mands/mands-pdfs/AZ1130.pdf,Government Report,"Design,Construction,Reporting","Bathymetry,Public Participation",Not Applicable,"Maintenance,Operations",Not Applicable,Not Applicable,Not Applicable,Not Applicable,Not Applicable,Not Applicable,Structure failure,Earthquake,Worldwide,"Dam Removal,Dam Raise",Not Applicable,Not Applicable
E00922,L0192,bhakra-dam,Bhakra Dam,Dams and Public Safety,1983,"Jansen, RB",https://www.usbr.gov/tsc/techreferences/mands/mands-pdfs/AZ1130.pdf,Government Report,"Design,Construction,Reporting","Bathymetry,Public Participation",Not Applicable,"Maintenance,Operations",Not Applicable,Not Applicable,Not Applicable,Not Applicable,Not Applicable,Not Applicable,Structure failure,Earthquake,Worldwide,"Dam Removal,Dam Raise",Not Applicable,Not Applicable
E00923,L0192,el-cajon-dam,El Cajón Dam,Dams and Public Safety,1983,"Jansen, RB",https://www.usbr.gov/tsc/techreferences/mands/mands-pdfs/AZ1130.pdf,Government Report,"Design,Construction,Reporting","Bathymetry,Public Participation",Not Applicable,"Maintenance,Operations",Not Applicable,Not Applicable,Not Applicable,Not Applicable,Not Applicable,Not Applicable,Structure failure,Earthquake,Worldwide,"Dam Removal,Dam Raise",Not Applicable,Not Applicable
E00924,L0192,piva-mratinje-dam,Piva (Mratinje) Dam,Dams and Public Safety,1983,"Jansen, RB",https://www.usbr.gov/tsc/techreferences/mands/mands-pdfs/AZ1130.pdf,Government Report,"Design,Construction,Reporting","Bathymetry,Public Participation",Not Applicable,"Maintenance,Operations",Not Applicable,Not Applicable,Not Applicable,Not Applicable,Not Applicable,Not Applicable,Structure failure,Earthquake,Worldwide,"Dam Removal,Dam Raise",Not Applicable,Not Applicable
E00925,L0192,toktogul-dam,Toktogul Dam,Dams and Public Safety,1983,"Jansen, RB",https://www.usbr.gov/tsc/techreferences/mands/mands-pdfs/AZ1130.pdf,Government Report,"Design,Construction,Reporting","Bathymetry,Public Participation",Not Applicable,"Maintenance,Operations",Not Applicable,Not Applicable,Not Applicable,Not Applicable,Not Applicable,Not Applicable,Structure failure,Earthquake,Worldwide,"Dam Removal,Dam Raise",Not Applicable,Not Applicable
E00926,L0192,san-rogue-san-roque-dam,San Rogue (San Roque) Dam,Dams and Public Safety,1983,"Jansen, RB",https://www.usbr.gov/tsc/techreferences/mands/mands-pdfs/AZ1130.pdf,Government Report,"Design,Construction,Reporting","Bathymetry,Public Participation",Not Applicable,"Maintenance,Operations",Not Applicable,Not Applicable,Not Applicable,Not Applicable,Not Applicable,Not Applicable,Structure failure,Earthquake,Worldwide,"Dam Removal,Dam Raise",Not Applicable,Not Applicable
E00927,L0192,luzzone-dam,Luzzone Dam,Dams and Public Safety,1983,"Jansen, RB",https://www.usbr.gov/tsc/techreferences/mands/mands-pdfs/AZ1130.pdf,Government Report,"Design,Construction,Reporting","Bathymetry,Public Participation",Not Applicable,"Maintenance,Operations",Not Applicable,Not Applicable,Not Applicable,Not Applicable,Not Applicable,Not Applicable,Structure failure,Earthquake,Worldwide,"Dam Removal,Dam Raise",Not Applicable,Not Applicable
E00928,L0192,keban-dam,Keban Dam,Dams and Public Safety,1983,"Jansen, RB",https://www.usbr.gov/tsc/techreferences/mands/mands-pdfs/AZ1130.pdf,Government Report,"Design,Construction,Reporting","Bathymetry,Public Participation",Not Applicable,"Maintenance,Operations",Not Applicable,Not Applicable,Not Applicable,Not Applicable,Not Applicable,Not Applicable,Structure failure,Earthquake,Worldwide,"Dam Removal,Dam Raise",Not Applicable,Not Applicable
E00929,L0192,dez-dam,Dez Dam,Dams and Public Safety,1983,"Jansen, RB",https://www.usbr.gov/tsc/techreferences/mands/mands-pdfs/AZ1130.pdf,Government Report,"Design,Construction,Reporting","Bathymetry,Public Participation",Not Applicable,"Maintenance,Operations",Not Applicable,Not Applicable,Not Applicable,Not Applicable,Not Applicable,Not Applicable,Structure failure,Earthquake,Worldwide,"Dam Removal,Dam Raise",Not Applicable,Not Applicable
E00930,L0192,almendra-villarino-dam,Almendra (Villarino) Dam,Dams and Public Safety,1983,"Jansen, RB",https://www.usbr.gov/tsc/techreferences/mands/mands-pdfs/AZ1130.pdf,Government Report,"Design,Construction,Reporting","Bathymetry,Public Participation",Not Applicable,"Maintenance,Operations",Not Applicable,Not Applicable,Not Applicable,Not Applicable,Not Applicable,Not Applicable,Structure failure,Earthquake,Worldwide,"Dam Removal,Dam Raise",Not Applicable,Not Applicable
E00931,L0192,kolnbrein-dam,Kölnbrein Dam,Dams and Public Safety,1983,"Jansen, RB",https://www.usbr.gov/tsc/techreferences/mands/mands-pdfs/AZ1130.pdf,Government Report,"Design,Construction,Reporting","Bathymetry,Public Participation",Not Applicable,"Maintenance,Operations",Not Applicable,Not Applicable,Not Applicable,Not Applicable,Not Applicable,Not Applicable,Structure failure,Earthquake,Worldwide,"Dam Removal,Dam Raise",Not Applicable,Not Applicable
E00932,L0192,karun-shahid-abbaspour-dam,Karun (Shahid Abbaspour) Dam,Dams and Public Safety,1983,"Jansen, RB",https://www.usbr.gov/tsc/techreferences/mands/mands-pdfs/AZ1130.pdf,Government Report,"Design,Construction,Reporting","Bathymetry,Public Participation",Not Applicable,"Maintenance,Operations",Not Applicable,Not Applicable,Not Applicable,Not Applicable,Not Applicable,Not Applicable,Structure failure,Earthquake,Worldwide,"Dam Removal,Dam Raise",Not Applicable,Not Applicable
E00933,L0192,,Altinkaya Dam,Dams and Public Safety,1983,"Jansen, RB",https://www.usbr.gov/tsc/techreferences/mands/mands-pdfs/AZ1130.pdf,Government Report,"Design,Construction,Reporting","Bathymetry,Public Participation",Not Applicable,"Maintenance,Operations",Not Applicable,Not Applicable,Not Applicable,Not Applicable,Not Applicable,Not Applicable,Structure failure,Earthquake,Worldwide,"Dam Removal,Dam Raise",Not Applicable,Not Applicable
E00934,L0192,,,Dams and Public Safety,1983,"Jansen, RB",https://www.usbr.gov/tsc/techreferences/mands/mands-pdfs/AZ1130.pdf,Government Report,"Design,Construction,Reporting","Bathymetry,Public Participation",Not Applicable,"Maintenance,Operations",Not Applicable,Not Applicable,Not Applicable,Not Applicable,Not Applicable,Not Applicable,Structure failure,Earthquake,Worldwide,"Dam Removal,Dam Raise",Not Applicable,Not Applicable
E00935,L0192,new-bullards-bar-dam,New Bullards Bar Dam,Dams and Public Safety,1983,"Jansen, RB",https://www.usbr.gov/tsc/techreferences/mands/mands-pdfs/AZ1130.pdf,Government Report,"Design,Construction,Reporting","Bathymetry,Public Participation",Not Applicable,"Maintenance,Operations",Not Applicable,Not Applicable,Not Applicable,Not Applicable,Not Applicable,Not Applicable,Structure failure,Earthquake,Worldwide,"Dam Removal,Dam Raise",Not Applicable,Not Applicable
E00936,L0192,lakwar-vyasi-dam,Lakwar (Vyasi) Dam,Dams and Public Safety,1983,"Jansen, RB",https://www.usbr.gov/tsc/techreferences/mands/mands-pdfs/AZ1130.pdf,Government Report,"Design,Construction,Reporting","Bathymetry,Public Participation",Not Applicable,"Maintenance,Operations",Not Applicable,Not Applicable,Not Applicable,Not Applicable,Not Applicable,Not Applicable,Structure failure,Earthquake,Worldwide,"Dam Removal,Dam Raise",Not Applicable,Not Applicable
E00937,L0192,new-melones-dam,New Melones Dam,Dams and Public Safety,1983,"Jansen, RB",https://www.usbr.gov/tsc/techreferences/mands/mands-pdfs/AZ1130.pdf,Government Report,"Design,Construction,Reporting","Bathymetry,Public Participation",Not Applicable,"Maintenance,Operations",Not Applicable,Not Applicable,Not Applicable,Not Applicable,Not Applicable,Not Applicable,Structure failure,Earthquake,Worldwide,"Dam Removal,Dam Raise",Not Applicable,Not Applicable
E00938,L0192,itaipu-dam,Itaipu Dam,Dams and Public Safety,1983,"Jansen, RB",https://www.usbr.gov/tsc/techreferences/mands/mands-pdfs/AZ1130.pdf,Government Report,"Design,Construction,Reporting","Bathymetry,Public Participation",Not Applicable,"Maintenance,Operations",Not Applicable,Not Applicable,Not Applicable,Not Applicable,Not Applicable,Not Applicable,Structure failure,Earthquake,Worldwide,"Dam Removal,Dam Raise",Not Applicable,Not Applicable
E00939,L0192,kurobe-no-4-kuroyon-dam,Kurobe No. 4 (Kuroyon) Dam,Dams and Public Safety,1983,"Jansen, RB",https://www.usbr.gov/tsc/techreferences/mands/mands-pdfs/AZ1130.pdf,Government Report,"Design,Construction,Reporting","Bathymetry,Public Participation",Not Applicable,"Maintenance,Operations",Not Applicable,Not Applicable,Not Applicable,Not Applicable,Not Applicable,Not Applicable,Structure failure,Earthquake,Worldwide,"Dam Removal,Dam Raise",Not Applicable,Not Applicable
E00940,L0192,swift-no-1-dam,Swift (No. 1) Dam,Dams and Public Safety,1983,"Jansen, RB",https://www.usbr.gov/tsc/techreferences/mands/mands-pdfs/AZ1130.pdf,Government Report,"Design,Construction,Reporting","Bathymetry,Public Participation",Not Applicable,"Maintenance,Operations",Not Applicable,Not Applicable,Not Applicable,Not Applicable,Not Applicable,Not Applicable,Structure failure,Earthquake,Worldwide,"Dam Removal,Dam Raise",Not Applicable,Not Applicable
E00941,L0192,mossyrock-dam,Mossyrock Dam,Dams and Public Safety,1983,"Jansen, RB",https://www.usbr.gov/tsc/techreferences/mands/mands-pdfs/AZ1130.pdf,Government Report,"Design,Construction,Reporting","Bathymetry,Public Participation",Not Applicable,"Maintenance,Operations",Not Applicable,Not Applicable,Not Applicable,Not Applicable,Not Applicable,Not Applicable,Structure failure,Earthquake,Worldwide,"Dam Removal,Dam Raise",Not Applicable,Not Applicable
E00942,L0192,oymopinar-dam,Oymopinar Dam,Dams and Public Safety,1983,"Jansen, RB",https://www.usbr.gov/tsc/techreferences/mands/mands-pdfs/AZ1130.pdf,Government Report,"Design,Construction,Reporting","Bathymetry,Public Participation",Not Applicable,"Maintenance,Operations",Not Applicable,Not Applicable,Not Applicable,Not Applicable,Not Applicable,Not Applicable,Structure failure,Earthquake,Worldwide,"Dam Removal,Dam Raise",Not Applicable,Not Applicable
E00943,L0192,ataturk-karababa-dam,Atatürk (Karababa) Dam,Dams and Public Safety,1983,"Jansen, RB",https://www.usbr.gov/tsc/techreferences/mands/mands-pdfs/AZ1130.pdf,Government Report,"Design,Construction,Reporting","Bathymetry,Public Participation",Not Applicable,"Maintenance,Operations",Not Applicable,Not Applicable,Not Applicable,Not Applicable,Not Applicable,Not Applicable,Structure failure,Earthquake,Worldwide,"Dam Removal,Dam Raise",Not Applicable,Not Applicable
E00944,L0192,w-a-c-bennett-dam,W. A. C. Bennett Dam,Dams and Public Safety,1983,"Jansen, RB",https://www.usbr.gov/tsc/techreferences/mands/mands-pdfs/AZ1130.pdf,Government Report,"Design,Construction,Reporting","Bathymetry,Public Participation",Not Applicable,"Maintenance,Operations",Not Applicable,Not Applicable,Not Applicable,Not Applicable,Not Applicable,Not Applicable,Structure failure,Earthquake,Worldwide,"Dam Removal,Dam Raise",Not Applicable,Not Applicable
E00945,L0192,st-francis-dam,St. Francis Dam,Dams and Public Safety,1983,"Jansen, RB",https://www.usbr.gov/tsc/techreferences/mands/mands-pdfs/AZ1130.pdf,Government Report,"Design,Construction,Reporting","Bathymetry,Public Participation",Not Applicable,"Maintenance,Operations",Not Applicable,Not Applicable,Not Applicable,Not Applicable,Not Applicable,Not Applicable,Structure failure,Earthquake,Worldwide,"Dam Removal,Dam Raise",Not Applicable,Not Applicable
E00946,L0192,malpasset-dam,Malpasset Dam,Dams and Public Safety,1983,"Jansen, RB",https://www.usbr.gov/tsc/techreferences/mands/mands-pdfs/AZ1130.pdf,Government Report,"Design,Construction,Reporting","Bathymetry,Public Participation",Not Applicable,"Maintenance,Operations",Not Applicable,Not Applicable,Not Applicable,Not Applicable,Not Applicable,Not Applicable,Structure failure,Earthquake,Worldwide,"Dam Removal,Dam Raise",Not Applicable,Not Applicable
E00947,L0192,machhu-ii-dam,Machhu II Dam,Dams and Public Safety,1983,"Jansen, RB",https://www.usbr.gov/tsc/techreferences/mands/mands-pdfs/AZ1130.pdf,Government Report,"Design,Construction,Reporting","Bathymetry,Public Participation",Not Applicable,"Maintenance,Operations",Not Applicable,Not Applicable,Not Applicable,Not Applicable,Not Applicable,Not Applicable,Structure failure,Earthquake,Worldwide,"Dam Removal,Dam Raise",Not Applicable,Not Applicable
E00948,L0192,san-ildefonso-dam,San Ildefonso Dam,Dams and Public Safety,1983,"Jansen, RB",https://www.usbr.gov/tsc/techreferences/mands/mands-pdfs/AZ1130.pdf,Government Report,"Design,Construction,Reporting","Bathymetry,Public Participation",Not Applicable,"Maintenance,Operations",Not Applicable,Not Applicable,Not Applicable,Not Applicable,Not Applicable,Not Applicable,Structure failure,Earthquake,Worldwide,"Dam Removal,Dam Raise",Not Applicable,Not Applicable
E00949,L0192,south-fork-johnstown-dam,South Fork (Johnstown) Dam,Dams and Public Safety,1983,"Jansen, RB",https://www.usbr.gov/tsc/techreferences/mands/mands-pdfs/AZ1130.pdf,Government Report,"Design,Construction,Reporting","Bathymetry,Public Participation",Not Applicable,"Maintenance,Operations",Not Applicable,Not Applicable,Not Applicable,Not Applicable,Not Applicable,Not Applicable,Structure failure,Earthquake,Worldwide,"Dam Removal,Dam Raise",Not Applicable,Not Applicable
E00950,L0192,panshet-tanajisagar-dam,Panshet (Tanajisagar) Dam,Dams and Public Safety,1983,"Jansen, RB",https://www.usbr.gov/tsc/techreferences/mands/mands-pdfs/AZ1130.pdf,Government Report,"Design,Construction,Reporting","Bathymetry,Public Participation",Not Applicable,"Maintenance,Operations",Not Applicable,Not Applicable,Not Applicable,Not Applicable,Not Applicable,Not Applicable,Structure failure,Earthquake,Worldwide,"Dam Removal,Dam Raise",Not Applicable,Not Applicable
E00951,L0192,oros-president-juscelino-kubitschek-dam,Orós (President Juscelino Kubitschek) Dam,Dams and Public Safety,1983,"Jansen, RB",https://www.usbr.gov/tsc/techreferences/mands/mands-pdfs/AZ1130.pdf,Government Report,"Design,Construction,Reporting","Bathymetry,Public Participation",Not Applicable,"Maintenance,Operations",Not Applicable,Not Applicable,Not Applicable,Not Applicable,Not Applicable,Not Applicable,Structure failure,Earthquake,Worldwide,"Dam Removal,Dam Raise",Not Applicable,Not Applicable
E00952,L0192,klang-gates-dam,Klang Gates Dam,Dams and Public Safety,1983,"Jansen, RB",https://www.usbr.gov/tsc/techreferences/mands/mands-pdfs/AZ1130.pdf,Government Report,"Design,Construction,Reporting","Bathymetry,Public Participation",Not Applicable,"Maintenance,Operations",Not Applicable,Not Applicable,Not Applicable,Not Applicable,Not Applicable,Not Applicable,Structure failure,Earthquake,Worldwide,"Dam Removal,Dam Raise",Not Applicable,Not Applicable
E00953,L0192,batu-dam,Batu Dam,Dams and Public Safety,1983,"Jansen, RB",https://www.usbr.gov/tsc/techreferences/mands/mands-pdfs/AZ1130.pdf,Government Report,"Design,Construction,Reporting","Bathymetry,Public Participation",Not Applicable,"Maintenance,Operations",Not Applicable,Not Applicable,Not Applicable,Not Applicable,Not Applicable,Not Applicable,Structure failure,Earthquake,Worldwide,"Dam Removal,Dam Raise",Not Applicable,Not Applicable
E00954,L0192,gleno-dam,Gleno Dam,Dams and Public Safety,1983,"Jansen, RB",https://www.usbr.gov/tsc/techreferences/mands/mands-pdfs/AZ1130.pdf,Government Report,"Design,Construction,Reporting","Bathymetry,Public Participation",Not Applicable,"Maintenance,Operations",Not Applicable,Not Applicable,Not Applicable,Not Applicable,Not Applicable,Not Applicable,Structure failure,Earthquake,Worldwide,"Dam Removal,Dam Raise",Not Applicable,Not Applicable
E00955,L0192,hyokiri-dam,Hyokiri Dam,Dams and Public Safety,1983,"Jansen, RB",https://www.usbr.gov/tsc/techreferences/mands/mands-pdfs/AZ1130.pdf,Government Report,"Design,Construction,Reporting","Bathymetry,Public Participation",Not Applicable,"Maintenance,Operations",Not Applicable,Not Applicable,Not Applicable,Not Applicable,Not Applicable,Not Applicable,Structure failure,Earthquake,Worldwide,"Dam Removal,Dam Raise",Not Applicable,Not Applicable
E00956,L0192,bradfield-dam-dale-dike,Bradfield Dam (Dale Dike),Dams and Public Safety,1983,"Jansen, RB",https://www.usbr.gov/tsc/techreferences/mands/mands-pdfs/AZ1130.pdf,Government Report,"Design,Construction,Reporting","Bathymetry,Public Participation",Not Applicable,"Maintenance,Operations",Not Applicable,Not Applicable,Not Applicable,Not Applicable,Not Applicable,Not Applicable,Structure failure,Earthquake,Worldwide,"Dam Removal,Dam Raise",Not Applicable,Not Applicable
E00957,L0192,sempor-dam,Sempor Dam,Dams and Public Safety,1983,"Jansen, RB",https://www.usbr.gov/tsc/techreferences/mands/mands-pdfs/AZ1130.pdf,Government Report,"Design,Construction,Reporting","Bathymetry,Public Participation",Not Applicable,"Maintenance,Operations",Not Applicable,Not Applicable,Not Applicable,Not Applicable,Not Applicable,Not Applicable,Structure failure,Earthquake,Worldwide,"Dam Removal,Dam Raise",Not Applicable,Not Applicable
E00958,L0192,walnut-grove-dam,Walnut Grove Dam,Dams and Public Safety,1983,"Jansen, RB",https://www.usbr.gov/tsc/techreferences/mands/mands-pdfs/AZ1130.pdf,Government Report,"Design,Construction,Reporting","Bathymetry,Public Participation",Not Applicable,"Maintenance,Operations",Not Applicable,Not Applicable,Not Applicable,Not Applicable,Not Applicable,Not Applicable,Structure failure,Earthquake,Worldwide,"Dam Removal,Dam Raise",Not Applicable,Not Applicable
E00959,L0192,babii-yar-kurenivka-dam,Babii Yar (Kurenivka) Dam,Dams and Public Safety,1983,"Jansen, RB",https://www.usbr.gov/tsc/techreferences/mands/mands-pdfs/AZ1130.pdf,Government Report,"Design,Construction,Reporting","Bathymetry,Public Participation",Not Applicable,"Maintenance,Operations",Not Applicable,Not Applicable,Not Applicable,Not Applicable,Not Applicable,Not Applicable,Structure failure,Earthquake,Worldwide,"Dam Removal,Dam Raise",Not Applicable,Not Applicable
E00960,L0192,vega-de-tera-dam,Vega de Tera Dam,Dams and Public Safety,1983,"Jansen, RB",https://www.usbr.gov/tsc/techreferences/mands/mands-pdfs/AZ1130.pdf,Government Report,"Design,Construction,Reporting","Bathymetry,Public Participation",Not Applicable,"Maintenance,Operations",Not Applicable,Not Applicable,Not Applicable,Not Applicable,Not Applicable,Not Applicable,Structure failure,Earthquake,Worldwide,"Dam Removal,Dam Raise",Not Applicable,Not Applicable
E00961,L0192,buffalo-creek-dam,Buffalo Creek Dam,Dams and Public Safety,1983,"Jansen, RB",https://www.usbr.gov/tsc/techreferences/mands/mands-pdfs/AZ1130.pdf,Government Report,"Design,Construction,Reporting","Bathymetry,Public Participation",Not Applicable,"Maintenance,Operations",Not Applicable,Not Applicable,Not Applicable,Not Applicable,Not Applicable,Not Applicable,Structure failure,Earthquake,Worldwide,"Dam Removal,Dam Raise",Not Applicable,Not Applicable
E00962,L0192,valparaiso-mena-dam,Valparaíso (Mena) Dam,Dams and Public Safety,1983,"Jansen, RB",https://www.usbr.gov/tsc/techreferences/mands/mands-pdfs/AZ1130.pdf,Government Report,"Design,Construction,Reporting","Bathymetry,Public Participation",Not Applicable,"Maintenance,Operations",Not Applicable,Not Applicable,Not Applicable,Not Applicable,Not Applicable,Not Applicable,Structure failure,Earthquake,Worldwide,"Dam Removal,Dam Raise",Not Applicable,Not Applicable
E00963,L0192,bouzey-dam,Bouzey Dam,Dams and Public Safety,1983,"Jansen, RB",https://www.usbr.gov/tsc/techreferences/mands/mands-pdfs/AZ1130.pdf,Government Report,"Design,Construction,Reporting","Bathymetry,Public Participation",Not Applicable,"Maintenance,Operations",Not Applicable,Not Applicable,Not Applicable,Not Applicable,Not Applicable,Not Applicable,Structure failure,Earthquake,Worldwide,"Dam Removal,Dam Raise",Not Applicable,Not Applicable
E00964,L0192,nanak-sagar-dam,Nanak Sagar Dam,Dams and Public Safety,1983,"Jansen, RB",https://www.usbr.gov/tsc/techreferences/mands/mands-pdfs/AZ1130.pdf,Government Report,"Design,Construction,Reporting","Bathymetry,Public Participation",Not Applicable,"Maintenance,Operations",Not Applicable,Not Applicable,Not Applicable,Not Applicable,Not Applicable,Not Applicable,Structure failure,Earthquake,Worldwide,"Dam Removal,Dam Raise",Not Applicable,Not Applicable
E00965,L0192,zgorigrad-vratza-dam,Zgorigrad (Vratza) Dam,Dams and Public Safety,1983,"Jansen, RB",https://www.usbr.gov/tsc/techreferences/mands/mands-pdfs/AZ1130.pdf,Government Report,"Design,Construction,Reporting","Bathymetry,Public Participation",Not Applicable,"Maintenance,Operations",Not Applicable,Not Applicable,Not Applicable,Not Applicable,Not Applicable,Not Applicable,Structure failure,Earthquake,Worldwide,"Dam Removal,Dam Raise",Not Applicable,Not Applicable
E00966,L0192,austin-great-granite-dam,Austin (Great Granite) Dam,Dams and Public Safety,1983,"Jansen, RB",https://www.usbr.gov/tsc/techreferences/mands/mands-pdfs/AZ1130.pdf,Government Report,"Design,Construction,Reporting","Bathymetry,Public Participation",Not Applicable,"Maintenance,Operations",Not Applicable,Not Applicable,Not Applicable,Not Applicable,Not Applicable,Not Applicable,Structure failure,Earthquake,Worldwide,"Dam Removal,Dam Raise",Not Applicable,Not Applicable
E00967,L0192,bila-desna-desna-dam,Bila Desna (Desná) Dam,Dams and Public Safety,1983,"Jansen, RB",https://www.usbr.gov/tsc/techreferences/mands/mands-pdfs/AZ1130.pdf,Government Report,"Design,Construction,Reporting","Bathymetry,Public Participation",Not Applicable,"Maintenance,Operations",Not Applicable,Not Applicable,Not Applicable,Not Applicable,Not Applicable,Not Applicable,Structure failure,Earthquake,Worldwide,"Dam Removal,Dam Raise",Not Applicable,Not Applicable
E00968,L0192,frias-dam,Frías Dam,Dams and Public Safety,1983,"Jansen, RB",https://www.usbr.gov/tsc/techreferences/mands/mands-pdfs/AZ1130.pdf,Government Report,"Design,Construction,Reporting","Bathymetry,Public Participation",Not Applicable,"Maintenance,Operations",Not Applicable,Not Applicable,Not Applicable,Not Applicable,Not Applicable,Not Applicable,Structure failure,Earthquake,Worldwide,"Dam Removal,Dam Raise",Not Applicable,Not Applicable
E00969,L0192,lower-otay-dam,Lower Otay Dam,Dams and Public Safety,1983,"Jansen, RB",https://www.usbr.gov/tsc/techreferences/mands/mands-pdfs/AZ1130.pdf,Government Report,"Design,Construction,Reporting","Bathymetry,Public Participation",Not Applicable,"Maintenance,Operations",Not Applicable,Not Applicable,Not Applicable,Not Applicable,Not Applicable,Not Applicable,Structure failure,Earthquake,Worldwide,"Dam Removal,Dam Raise",Not Applicable,Not Applicable
E00970,L0192,palagnedra-dam,Palagnedra Dam,Dams and Public Safety,1983,"Jansen, RB",https://www.usbr.gov/tsc/techreferences/mands/mands-pdfs/AZ1130.pdf,Government Report,"Design,Construction,Reporting","Bathymetry,Public Participation",Not Applicable,"Maintenance,Operations",Not Applicable,Not Applicable,Not Applicable,Not Applicable,Not Applicable,Not Applicable,Structure failure,Earthquake,Worldwide,"Dam Removal,Dam Raise",Not Applicable,Not Applicable
E00971,L0192,eigiau-dam,Eigiau Dam,Dams and Public Safety,1983,"Jansen, RB",https://www.usbr.gov/tsc/techreferences/mands/mands-pdfs/AZ1130.pdf,Government Report,"Design,Construction,Reporting","Bathymetry,Public Participation",Not Applicable,"Maintenance,Operations",Not Applicable,Not Applicable,Not Applicable,Not Applicable,Not Applicable,Not Applicable,Structure failure,Earthquake,Worldwide,"Dam Removal,Dam Raise",Not Applicable,Not Applicable
E00972,L0192,coedty-dam,Coedty Dam,Dams and Public Safety,1983,"Jansen, RB",https://www.usbr.gov/tsc/techreferences/mands/mands-pdfs/AZ1130.pdf,Government Report,"Design,Construction,Reporting","Bathymetry,Public Participation",Not Applicable,"Maintenance,Operations",Not Applicable,Not Applicable,Not Applicable,Not Applicable,Not Applicable,Not Applicable,Structure failure,Earthquake,Worldwide,"Dam Removal,Dam Raise",Not Applicable,Not Applicable
E00973,L0192,teton-dam,Teton Dam,Dams and Public Safety,1983,"Jansen, RB",https://www.usbr.gov/tsc/techreferences/mands/mands-pdfs/AZ1130.pdf,Government Report,"Design,Construction,Reporting","Bathymetry,Public Participation",Not Applicable,"Maintenance,Operations",Not Applicable,Not Applicable,Not Applicable,Not Applicable,Not Applicable,Not Applicable,Structure failure,Earthquake,Worldwide,"Dam Removal,Dam Raise",Not Applicable,Not Applicable
E00974,L0192,baldwin-hills-dam,Baldwin Hills Dam,Dams and Public Safety,1983,"Jansen, RB",https://www.usbr.gov/tsc/techreferences/mands/mands-pdfs/AZ1130.pdf,Government Report,"Design,Construction,Reporting","Bathymetry,Public Participation",Not Applicable,"Maintenance,Operations",Not Applicable,Not Applicable,Not Applicable,Not Applicable,Not Applicable,Not Applicable,Structure failure,Earthquake,Worldwide,"Dam Removal,Dam Raise",Not Applicable,Not Applicable
E00975,L0192,tigra-tighra-dam,Tigra (Tighra) Dam,Dams and Public Safety,1983,"Jansen, RB",https://www.usbr.gov/tsc/techreferences/mands/mands-pdfs/AZ1130.pdf,Government Report,"Design,Construction,Reporting","Bathymetry,Public Participation",Not Applicable,"Maintenance,Operations",Not Applicable,Not Applicable,Not Applicable,Not Applicable,Not Applicable,Not Applicable,Structure failure,Earthquake,Worldwide,"Dam Removal,Dam Raise",Not Applicable,Not Applicable
E00976,L0192,skelmorlie-dam,Skelmorlie Dam,Dams and Public Safety,1983,"Jansen, RB",https://www.usbr.gov/tsc/techreferences/mands/mands-pdfs/AZ1130.pdf,Government Report,"Design,Construction,Reporting","Bathymetry,Public Participation",Not Applicable,"Maintenance,Operations",Not Applicable,Not Applicable,Not Applicable,Not Applicable,Not Applicable,Not Applicable,Structure failure,Earthquake,Worldwide,"Dam Removal,Dam Raise",Not Applicable,Not Applicable
E00977,L0192,chitauni-dam,Chitauni Dam,Dams and Public Safety,1983,"Jansen, RB",https://www.usbr.gov/tsc/techreferences/mands/mands-pdfs/AZ1130.pdf,Government Report,"Design,Construction,Reporting","Bathymetry,Public Participation",Not Applicable,"Maintenance,Operations",Not Applicable,Not Applicable,Not Applicable,Not Applicable,Not Applicable,Not Applicable,Structure failure,Earthquake,Worldwide,"Dam Removal,Dam Raise",Not Applicable,Not Applicable
E00978,L0192,van-norman-san-fernando-dams,Van Norman (San Fernando) Dams,Dams and Public Safety,1983,"Jansen, RB",https://www.usbr.gov/tsc/techreferences/mands/mands-pdfs/AZ1130.pdf,Government Report,"Design,Construction,Reporting","Bathymetry,Public Participation",Not Applicable,"Maintenance,Operations",Not Applicable,Not Applicable,Not Applicable,Not Applicable,Not Applicable,Not Applicable,Structure failure,Earthquake,Worldwide,"Dam Removal,Dam Raise",Not Applicable,Not Applicable
E00979,L0192,burguillo-el-burguillo-dam,Burguillo (El Burguillo) Dam,Dams and Public Safety,1983,"Jansen, RB",https://www.usbr.gov/tsc/techreferences/mands/mands-pdfs/AZ1130.pdf,Government Report,"Design,Construction,Reporting","Bathymetry,Public Participation",Not Applicable,"Maintenance,Operations",Not Applicable,Not Applicable,Not Applicable,Not Applicable,Not Applicable,Not Applicable,Structure failure,Earthquake,Worldwide,"Dam Removal,Dam Raise",Not Applicable,Not Applicable
E00980,L0192,ordunte-dam,Ordunte Dam,Dams and Public Safety,1983,"Jansen, RB",https://www.usbr.gov/tsc/techreferences/mands/mands-pdfs/AZ1130.pdf,Government Report,"Design,Construction,Reporting","Bathymetry,Public Participation",Not Applicable,"Maintenance,Operations",Not Applicable,Not Applicable,Not Applicable,Not Applicable,Not Applicable,Not Applicable,Structure failure,Earthquake,Worldwide,"Dam Removal,Dam Raise",Not Applicable,Not Applicable
E00981,L0192,dnjeprostroj-dnieper-dnipro-hydroelectric-station-dam,Dnjeprostroj (Dnieper/Dnipro Hydroelectric Station) Dam,Dams and Public Safety,1983,"Jansen, RB",https://www.usbr.gov/tsc/techreferences/mands/mands-pdfs/AZ1130.pdf,Government Report,"Design,Construction,Reporting","Bathymetry,Public Participation",Not Applicable,"Maintenance,Operations",Not Applicable,Not Applicable,Not Applicable,Not Applicable,Not Applicable,Not Applicable,Structure failure,Earthquake,Worldwide,"Dam Removal,Dam Raise",Not Applicable,Not Applicable
E00982,L0192,,,Dams and Public Safety,1983,"Jansen, RB",https://www.usbr.gov/tsc/techreferences/mands/mands-pdfs/AZ1130.pdf,Government Report,"Design,Construction,Reporting","Bathymetry,Public Participation",Not Applicable,"Maintenance,Operations",Not Applicable,Not Applicable,Not Applicable,Not Applicable,Not Applicable,Not Applicable,Structure failure,Earthquake,Worldwide,"Dam Removal,Dam Raise",Not Applicable,Not Applicable
E00983,L0192,mohne-dam,Möhne Dam,Dams and Public Safety,1983,"Jansen, RB",https://www.usbr.gov/tsc/techreferences/mands/mands-pdfs/AZ1130.pdf,Government Report,"Design,Construction,Reporting","Bathymetry,Public Participation",Not Applicable,"Maintenance,Operations",Not Applicable,Not Applicable,Not Applicable,Not Applicable,Not Applicable,Not Applicable,Structure failure,Earthquake,Worldwide,"Dam Removal,Dam Raise",Not Applicable,Not Applicable
E00984,L0192,elder-edersee-dam,Elder (Edersee) Dam,Dams and Public Safety,1983,"Jansen, RB",https://www.usbr.gov/tsc/techreferences/mands/mands-pdfs/AZ1130.pdf,Government Report,"Design,Construction,Reporting","Bathymetry,Public Participation",Not Applicable,"Maintenance,Operations",Not Applicable,Not Applicable,Not Applicable,Not Applicable,Not Applicable,Not Applicable,Structure failure,Earthquake,Worldwide,"Dam Removal,Dam Raise",Not Applicable,Not Applicable
E00985,L0192,sorpe-dam,Sorpe Dam,Dams and Public Safety,1983,"Jansen, RB",https://www.usbr.gov/tsc/techreferences/mands/mands-pdfs/AZ1130.pdf,Government Report,"Design,Construction,Reporting","Bathymetry,Public Participation",Not Applicable,"Maintenance,Operations",Not Applicable,Not Applicable,Not Applicable,Not Applicable,Not Applicable,Not Applicable,Structure failure,Earthquake,Worldwide,"Dam Removal,Dam Raise",Not Applicable,Not Applicable
E00986,L0192,hwa-cheon-hwacheon-dam,Hwa Cheon (Hwacheon) Dam,Dams and Public Safety,1983,"Jansen, RB",https://www.usbr.gov/tsc/techreferences/mands/mands-pdfs/AZ1130.pdf,Government Report,"Design,Construction,Reporting","Bathymetry,Public Participation",Not Applicable,"Maintenance,Operations",Not Applicable,Not Applicable,Not Applicable,Not Applicable,Not Applicable,Not Applicable,Structure failure,Earthquake,Worldwide,"Dam Removal,Dam Raise",Not Applicable,Not Applicable
E00987,L0192,ohio-river-dam-no-26-historic-lock-and-dam-no-26,Ohio River Dam No. 26 (Historic Lock and Dam No. 26),Dams and Public Safety,1983,"Jansen, RB",https://www.usbr.gov/tsc/techreferences/mands/mands-pdfs/AZ1130.pdf,Government Report,"Design,Construction,Reporting","Bathymetry,Public Participation",Not Applicable,"Maintenance,Operations",Not Applicable,Not Applicable,Not Applicable,Not Applicable,Not Applicable,Not Applicable,Structure failure,Earthquake,Worldwide,"Dam Removal,Dam Raise",Not Applicable,Not Applicable
E00988,L0192,kariba-dam,Kariba Dam,Dams and Public Safety,1983,"Jansen, RB",https://www.usbr.gov/tsc/techreferences/mands/mands-pdfs/AZ1130.pdf,Government Report,"Design,Construction,Reporting","Bathymetry,Public Participation",Not Applicable,"Maintenance,Operations",Not Applicable,Not Applicable,Not Applicable,Not Applicable,Not Applicable,Not Applicable,Structure failure,Earthquake,Worldwide,"Dam Removal,Dam Raise",Not Applicable,Not Applicable
E00989,L0192,koyna-dam,Koyna Dam,Dams and Public Safety,1983,"Jansen, RB",https://www.usbr.gov/tsc/techreferences/mands/mands-pdfs/AZ1130.pdf,Government Report,"Design,Construction,Reporting","Bathymetry,Public Participation",Not Applicable,"Maintenance,Operations",Not Applicable,Not Applicable,Not Applicable,Not Applicable,Not Applicable,Not Applicable,Structure failure,Earthquake,Worldwide,"Dam Removal,Dam Raise",Not Applicable,Not Applicable
E00990,L0192,kremasta-dam,Kremasta Dam,Dams and Public Safety,1983,"Jansen, RB",https://www.usbr.gov/tsc/techreferences/mands/mands-pdfs/AZ1130.pdf,Government Report,"Design,Construction,Reporting","Bathymetry,Public Participation",Not Applicable,"Maintenance,Operations",Not Applicable,Not Applicable,Not Applicable,Not Applicable,Not Applicable,Not Applicable,Structure failure,Earthquake,Worldwide,"Dam Removal,Dam Raise",Not Applicable,Not Applicable
E00991,L0192,hsinfengkiang-xinfengjiang-dam,Hsinfengkiang (Xinfengjiang) Dam,Dams and Public Safety,1983,"Jansen, RB",https://www.usbr.gov/tsc/techreferences/mands/mands-pdfs/AZ1130.pdf,Government Report,"Design,Construction,Reporting","Bathymetry,Public Participation",Not Applicable,"Maintenance,Operations",Not Applicable,Not Applicable,Not Applicable,Not Applicable,Not Applicable,Not Applicable,Structure failure,Earthquake,Worldwide,"Dam Removal,Dam Raise",Not Applicable,Not Applicable
E00992,L0192,austin-bayless-dam,Austin (Bayless) Dam,Dams and Public Safety,1983,"Jansen, RB",https://www.usbr.gov/tsc/techreferences/mands/mands-pdfs/AZ1130.pdf,Government Report,"Design,Construction,Reporting","Bathymetry,Public Participation",Not Applicable,"Maintenance,Operations",Not Applicable,Not Applicable,Not Applicable,Not Applicable,Not Applicable,Not Applicable,Structure failure,Earthquake,Worldwide,"Dam Removal,Dam Raise",Not Applicable,Not Applicable
E00993,L0192,canyon-lake-dam,Canyon Lake Dam,Dams and Public Safety,1983,"Jansen, RB",https://www.usbr.gov/tsc/techreferences/mands/mands-pdfs/AZ1130.pdf,Government Report,"Design,Construction,Reporting","Bathymetry,Public Participation",Not Applicable,"Maintenance,Operations",Not Applicable,Not Applicable,Not Applicable,Not Applicable,Not Applicable,Not Applicable,Structure failure,Earthquake,Worldwide,"Dam Removal,Dam Raise",Not Applicable,Not Applicable
E00994,L0192,fontenelle-dam,Fontenelle Dam,Dams and Public Safety,1983,"Jansen, RB",https://www.usbr.gov/tsc/techreferences/mands/mands-pdfs/AZ1130.pdf,Government Report,"Design,Construction,Reporting","Bathymetry,Public Participation",Not Applicable,"Maintenance,Operations",Not Applicable,Not Applicable,Not Applicable,Not Applicable,Not Applicable,Not Applicable,Structure failure,Earthquake,Worldwide,"Dam Removal,Dam Raise",Not Applicable,Not Applicable
E00995,L0192,grenoble-dam,Grenoble Dam,Dams and Public Safety,1983,"Jansen, RB",https://www.usbr.gov/tsc/techreferences/mands/mands-pdfs/AZ1130.pdf,Government Report,"Design,Construction,Reporting","Bathymetry,Public Participation",Not Applicable,"Maintenance,Operations",Not Applicable,Not Applicable,Not Applicable,Not Applicable,Not Applicable,Not Applicable,Structure failure,Earthquake,Worldwide,"Dam Removal,Dam Raise",Not Applicable,Not Applicable
E00996,L0192,machhu-i-dam,Machhu I Dam,Dams and Public Safety,1983,"Jansen, RB",https://www.usbr.gov/tsc/techreferences/mands/mands-pdfs/AZ1130.pdf,Government Report,"Design,Construction,Reporting","Bathymetry,Public Participation",Not Applicable,"Maintenance,Operations",Not Applicable,Not Applicable,Not Applicable,Not Applicable,Not Applicable,Not Applicable,Structure failure,Earthquake,Worldwide,"Dam Removal,Dam Raise",Not Applicable,Not Applicable
E00997,L0192,mill-river-dam,Mill River Dam,Dams and Public Safety,1983,"Jansen, RB",https://www.usbr.gov/tsc/techreferences/mands/mands-pdfs/AZ1130.pdf,Government Report,"Design,Construction,Reporting","Bathymetry,Public Participation",Not Applicable,"Maintenance,Operations",Not Applicable,Not Applicable,Not Applicable,Not Applicable,Not Applicable,Not Applicable,Structure failure,Earthquake,Worldwide,"Dam Removal,Dam Raise",Not Applicable,Not Applicable
E00998,L0192,walter-bouldin-dam,Walter Bouldin Dam,Dams and Public Safety,1983,"Jansen, RB",https://www.usbr.gov/tsc/techreferences/mands/mands-pdfs/AZ1130.pdf,Government Report,"Design,Construction,Reporting","Bathymetry,Public Participation",Not Applicable,"Maintenance,Operations",Not Applicable,Not Applicable,Not Applicable,Not Applicable,Not Applicable,Not Applicable,Structure failure,Earthquake,Worldwide,"Dam Removal,Dam Raise",Not Applicable,Not Applicable
E00999,L0192,hales-bar-dam,Hales Bar Dam,Dams and Public Safety,1983,"Jansen, RB",https://www.usbr.gov/tsc/techreferences/mands/mands-pdfs/AZ1130.pdf,Government Report,"Design,Construction,Reporting","Bathymetry,Public Participation",Not Applicable,"Maintenance,Operations",Not Applicable,Not Applicable,Not Applicable,Not Applicable,Not Applicable,Not Applicable,Structure failure,Earthquake,Worldwide,"Dam Removal,Dam Raise",Not Applicable,Not Applicable
E01000,L0192,nickajack-dam,Nickajack Dam,Dams and Public Safety,1983,"Jansen, RB",https://www.usbr.gov/tsc/techreferences/mands/mands-pdfs/AZ1130.pdf,Government Report,"Design,Construction,Reporting","Bathymetry,Public Participation",Not Applicable,"Maintenance,Operations",Not Applicable,Not Applicable,Not Applicable,Not Applicable,Not Applicable,Not Applicable,Structure failure,Earthquake,Worldwide,"Dam Removal,Dam Raise",Not Applicable,Not Applicable
E01001,L0192,ontelaunee-dam,Ontelaunee Dam,Dams and Public Safety,1983,"Jansen, RB",https://www.usbr.gov/tsc/techreferences/mands/mands-pdfs/AZ1130.pdf,Government Report,"Design,Construction,Reporting","Bathymetry,Public Participation",Not Applicable,"Maintenance,Operations",Not Applicable,Not Applicable,Not Applicable,Not Applicable,Not Applicable,Not Applicable,Structure failure,Earthquake,Worldwide,"Dam Removal,Dam Raise",Not Applicable,Not Applicable
E01002,L0192,san-andreas-dam,San Andreas Dam,Dams and Public Safety,1983,"Jansen, RB",https://www.usbr.gov/tsc/techreferences/mands/mands-pdfs/AZ1130.pdf,Government Report,"Design,Construction,Reporting","Bathymetry,Public Participation",Not Applicable,"Maintenance,Operations",Not Applicable,Not Applicable,Not Applicable,Not Applicable,Not Applicable,Not Applicable,Structure failure,Earthquake,Worldwide,"Dam Removal,Dam Raise",Not Applicable,Not Applicable
E01003,L0192,upper-crystal-springs-dam,Upper Crystal Springs Dam,Dams and Public Safety,1983,"Jansen, RB",https://www.usbr.gov/tsc/techreferences/mands/mands-pdfs/AZ1130.pdf,Government Report,"Design,Construction,Reporting","Bathymetry,Public Participation",Not Applicable,"Maintenance,Operations",Not Applicable,Not Applicable,Not Applicable,Not Applicable,Not Applicable,Not Applicable,Structure failure,Earthquake,Worldwide,"Dam Removal,Dam Raise",Not Applicable,Not Applicable
E01004,L0192,lower-crystal-springs-dam,Lower Crystal Springs Dam,Dams and Public Safety,1983,"Jansen, RB",https://www.usbr.gov/tsc/techreferences/mands/mands-pdfs/AZ1130.pdf,Government Report,"Design,Construction,Reporting","Bathymetry,Public Participation",Not Applicable,"Maintenance,Operations",Not Applicable,Not Applicable,Not Applicable,Not Applicable,Not Applicable,Not Applicable,Structure failure,Earthquake,Worldwide,"Dam Removal,Dam Raise",Not Applicable,Not Applicable
E01005,L0192,pilarcitos-dam,Pilarcitos Dam,Dams and Public Safety,1983,"Jansen, RB",https://www.usbr.gov/tsc/techreferences/mands/mands-pdfs/AZ1130.pdf,Government Report,"Design,Construction,Reporting","Bathymetry,Public Participation",Not Applicable,"Maintenance,Operations",Not Applicable,Not Applicable,Not Applicable,Not Applicable,Not Applicable,Not Applicable,Structure failure,Earthquake,Worldwide,"Dam Removal,Dam Raise",Not Applicable,Not Applicable
E01006,L0192,temescal-dam,Temescal Dam,Dams and Public Safety,1983,"Jansen, RB",https://www.usbr.gov/tsc/techreferences/mands/mands-pdfs/AZ1130.pdf,Government Report,"Design,Construction,Reporting","Bathymetry,Public Participation",Not Applicable,"Maintenance,Operations",Not Applicable,Not Applicable,Not Applicable,Not Applicable,Not Applicable,Not Applicable,Structure failure,Earthquake,Worldwide,"Dam Removal,Dam Raise",Not Applicable,Not Applicable
E01007,L0192,sheffield-dam,Sheffield Dam,Dams and Public Safety,1983,"Jansen, RB",https://www.usbr.gov/tsc/techreferences/mands/mands-pdfs/AZ1130.pdf,Government Report,"Design,Construction,Reporting","Bathymetry,Public Participation",Not Applicable,"Maintenance,Operations",Not Applicable,Not Applicable,Not Applicable,Not Applicable,Not Applicable,Not Applicable,Structure failure,Earthquake,Worldwide,"Dam Removal,Dam Raise",Not Applicable,Not Applicable
E01008,L0192,bartlett-dam,Bartlett Dam,Dams and Public Safety,1983,"Jansen, RB",https://www.usbr.gov/tsc/techreferences/mands/mands-pdfs/AZ1130.pdf,Government Report,"Design,Construction,Reporting","Bathymetry,Public Participation",Not Applicable,"Maintenance,Operations",Not Applicable,Not Applicable,Not Applicable,Not Applicable,Not Applicable,Not Applicable,Structure failure,Earthquake,Worldwide,"Dam Removal,Dam Raise",Not Applicable,Not Applicable
E01009,L0192,lahontan-dam,Lahontan Dam,Dams and Public Safety,1983,"Jansen, RB",https://www.usbr.gov/tsc/techreferences/mands/mands-pdfs/AZ1130.pdf,Government Report,"Design,Construction,Reporting","Bathymetry,Public Participation",Not Applicable,"Maintenance,Operations",Not Applicable,Not Applicable,Not Applicable,Not Applicable,Not Applicable,Not Applicable,Structure failure,Earthquake,Worldwide,"Dam Removal,Dam Raise",Not Applicable,Not Applicable
E01010,L0192,island-park-dam,Island Park Dam,Dams and Public Safety,1983,"Jansen, RB",https://www.usbr.gov/tsc/techreferences/mands/mands-pdfs/AZ1130.pdf,Government Report,"Design,Construction,Reporting","Bathymetry,Public Participation",Not Applicable,"Maintenance,Operations",Not Applicable,Not Applicable,Not Applicable,Not Applicable,Not Applicable,Not Applicable,Structure failure,Earthquake,Worldwide,"Dam Removal,Dam Raise",Not Applicable,Not Applicable
E01011,L0193,central-hidroelectrica-san-jose-2-san-jose-hydroelectric-project,Central Hidroeléctrica San José 2 (San José hydroelectric project),Sustainable sediment management in reservoirs and regulated rivers: experiences from five continents,2014,"Kondolf, GM, Gao, Y, Annandale, GW, Morris, GL, Jiang, E, Hotchkiss, R, Carling, P, Wu, B, Zhang, J, Peteuil, C, Wang, HW, Yongtao, C, Fu, K, Guo, Q, Sumi, T, Wang, Z, Wei, Z, Wu, C, Yang, CT",https://doi.org/10.1002/2013EF000184,Journal Article,"Planning,Operations,Maintenance,Reporting","Sediment,Public Participation",Not Applicable,"Maintenance,Operations","Gravel,Sand,Suspended,Rock,Bedload,Silt,Clay","Reservoir pool,Reservoir release",Not Applicable,Not Applicable,Not Applicable,Yes,"Flood,drought,Structure failure,Adaptive MaNot Applicablegement",Not Applicable,Worldwide,"Sediment release,Flood diversion,Deposition control,Silt dams",Not Applicable,Not Applicable
E01012,L0193,cameguadua-off-stream-reservoir,Cameguadua off-stream reservoir,Sustainable sediment management in reservoirs and regulated rivers: experiences from five continents,2014,"Kondolf, GM, Gao, Y, Annandale, GW, Morris, GL, Jiang, E, Hotchkiss, R, Carling, P, Wu, B, Zhang, J, Peteuil, C, Wang, HW, Yongtao, C, Fu, K, Guo, Q, Sumi, T, Wang, Z, Wei, Z, Wu, C, Yang, CT",https://doi.org/10.1002/2013EF000184,Journal Article,"Planning,Operations,Maintenance,Reporting","Sediment,Public Participation",Not Applicable,"Maintenance,Operations","Gravel,Sand,Suspended,Rock,Bedload,Silt,Clay","Reservoir pool,Reservoir release",Not Applicable,Not Applicable,Not Applicable,Yes,"Flood,drought,Structure failure,Adaptive MaNot Applicablegement",Not Applicable,Worldwide,"Sediment release,Flood diversion,Deposition control,Silt dams",Not Applicable,Not Applicable
E01013,L0193,san-francisco-off-stream-reservoir,San Francisco off-stream reservoir,Sustainable sediment management in reservoirs and regulated rivers: experiences from five continents,2014,"Kondolf, GM, Gao, Y, Annandale, GW, Morris, GL, Jiang, E, Hotchkiss, R, Carling, P, Wu, B, Zhang, J, Peteuil, C, Wang, HW, Yongtao, C, Fu, K, Guo, Q, Sumi, T, Wang, Z, Wei, Z, Wu, C, Yang, CT",https://doi.org/10.1002/2013EF000184,Journal Article,"Planning,Operations,Maintenance,Reporting","Sediment,Public Participation",Not Applicable,"Maintenance,Operations","Gravel,Sand,Suspended,Rock,Bedload,Silt,Clay","Reservoir pool,Reservoir release",Not Applicable,Not Applicable,Not Applicable,Yes,"Flood,drought,Structure failure,Adaptive MaNot Applicablegement",Not Applicable,Worldwide,"Sediment release,Flood diversion,Deposition control,Silt dams",Not Applicable,Not Applicable
E01014,L0193,three-gorges-dam,Three Gorges Dam,Sustainable sediment management in reservoirs and regulated rivers: experiences from five continents,2014,"Kondolf, GM, Gao, Y, Annandale, GW, Morris, GL, Jiang, E, Hotchkiss, R, Carling, P, Wu, B, Zhang, J, Peteuil, C, Wang, HW, Yongtao, C, Fu, K, Guo, Q, Sumi, T, Wang, Z, Wei, Z, Wu, C, Yang, CT",https://doi.org/10.1002/2013EF000184,Journal Article,"Planning,Operations,Maintenance,Reporting","Sediment,Public Participation",Not Applicable,"Maintenance,Operations","Gravel,Sand,Suspended,Rock,Bedload,Silt,Clay","Reservoir pool,Reservoir release",Not Applicable,Not Applicable,Not Applicable,Yes,"Flood,drought,Structure failure,Adaptive MaNot Applicablegement",Not Applicable,Worldwide,"Sediment release,Flood diversion,Deposition control,Silt dams",Not Applicable,Not Applicable
E01015,L0193,john-redmond-dam,John Redmond Dam,Sustainable sediment management in reservoirs and regulated rivers: experiences from five continents,2014,"Kondolf, GM, Gao, Y, Annandale, GW, Morris, GL, Jiang, E, Hotchkiss, R, Carling, P, Wu, B, Zhang, J, Peteuil, C, Wang, HW, Yongtao, C, Fu, K, Guo, Q, Sumi, T, Wang, Z, Wei, Z, Wu, C, Yang, CT",https://doi.org/10.1002/2013EF000184,Journal Article,"Planning,Operations,Maintenance,Reporting","Sediment,Public Participation",Not Applicable,"Maintenance,Operations","Gravel,Sand,Suspended,Rock,Bedload,Silt,Clay","Reservoir pool,Reservoir release",Not Applicable,Not Applicable,Not Applicable,Yes,"Flood,drought,Structure failure,Adaptive MaNot Applicablegement",Not Applicable,Worldwide,"Sediment release,Flood diversion,Deposition control,Silt dams",Not Applicable,Not Applicable
E01016,L0193,unazuki-dam,Unazuki Dam,Sustainable sediment management in reservoirs and regulated rivers: experiences from five continents,2014,"Kondolf, GM, Gao, Y, Annandale, GW, Morris, GL, Jiang, E, Hotchkiss, R, Carling, P, Wu, B, Zhang, J, Peteuil, C, Wang, HW, Yongtao, C, Fu, K, Guo, Q, Sumi, T, Wang, Z, Wei, Z, Wu, C, Yang, CT",https://doi.org/10.1002/2013EF000184,Journal Article,"Planning,Operations,Maintenance,Reporting","Sediment,Public Participation",Not Applicable,"Maintenance,Operations","Gravel,Sand,Suspended,Rock,Bedload,Silt,Clay","Reservoir pool,Reservoir release",Not Applicable,Not Applicable,Not Applicable,Yes,"Flood,drought,Structure failure,Adaptive MaNot Applicablegement",Not Applicable,Worldwide,"Sediment release,Flood diversion,Deposition control,Silt dams",Not Applicable,Not Applicable
E01017,L0193,dashidaira-dam,Dashidaira Dam,Sustainable sediment management in reservoirs and regulated rivers: experiences from five continents,2014,"Kondolf, GM, Gao, Y, Annandale, GW, Morris, GL, Jiang, E, Hotchkiss, R, Carling, P, Wu, B, Zhang, J, Peteuil, C, Wang, HW, Yongtao, C, Fu, K, Guo, Q, Sumi, T, Wang, Z, Wei, Z, Wu, C, Yang, CT",https://doi.org/10.1002/2013EF000184,Journal Article,"Planning,Operations,Maintenance,Reporting","Sediment,Public Participation",Not Applicable,"Maintenance,Operations","Gravel,Sand,Suspended,Rock,Bedload,Silt,Clay","Reservoir pool,Reservoir release",Not Applicable,Not Applicable,Not Applicable,Yes,"Flood,drought,Structure failure,Adaptive MaNot Applicablegement",Not Applicable,Worldwide,"Sediment release,Flood diversion,Deposition control,Silt dams",Not Applicable,Not Applicable
E01018,L0193,sanmenxia-dam,Sanmenxia Dam,Sustainable sediment management in reservoirs and regulated rivers: experiences from five continents,2014,"Kondolf, GM, Gao, Y, Annandale, GW, Morris, GL, Jiang, E, Hotchkiss, R, Carling, P, Wu, B, Zhang, J, Peteuil, C, Wang, HW, Yongtao, C, Fu, K, Guo, Q, Sumi, T, Wang, Z, Wei, Z, Wu, C, Yang, CT",https://doi.org/10.1002/2013EF000184,Journal Article,"Planning,Operations,Maintenance,Reporting","Sediment,Public Participation",Not Applicable,"Maintenance,Operations","Gravel,Sand,Suspended,Rock,Bedload,Silt,Clay","Reservoir pool,Reservoir release",Not Applicable,Not Applicable,Not Applicable,Yes,"Flood,drought,Structure failure,Adaptive MaNot Applicablegement",Not Applicable,Worldwide,"Sediment release,Flood diversion,Deposition control,Silt dams",Not Applicable,Not Applicable
E01019,L0193,cachi-dam,Cachí Dam,Sustainable sediment management in reservoirs and regulated rivers: experiences from five continents,2014,"Kondolf, GM, Gao, Y, Annandale, GW, Morris, GL, Jiang, E, Hotchkiss, R, Carling, P, Wu, B, Zhang, J, Peteuil, C, Wang, HW, Yongtao, C, Fu, K, Guo, Q, Sumi, T, Wang, Z, Wei, Z, Wu, C, Yang, CT",https://doi.org/10.1002/2013EF000184,Journal Article,"Planning,Operations,Maintenance,Reporting","Sediment,Public Participation",Not Applicable,"Maintenance,Operations","Gravel,Sand,Suspended,Rock,Bedload,Silt,Clay","Reservoir pool,Reservoir release",Not Applicable,Not Applicable,Not Applicable,Yes,"Flood,drought,Structure failure,Adaptive MaNot Applicablegement",Not Applicable,Worldwide,"Sediment release,Flood diversion,Deposition control,Silt dams",Not Applicable,Not Applicable
E01020,L0193,genissiat-genissiat-dam,Genissiat (Génissiat) Dam,Sustainable sediment management in reservoirs and regulated rivers: experiences from five continents,2014,"Kondolf, GM, Gao, Y, Annandale, GW, Morris, GL, Jiang, E, Hotchkiss, R, Carling, P, Wu, B, Zhang, J, Peteuil, C, Wang, HW, Yongtao, C, Fu, K, Guo, Q, Sumi, T, Wang, Z, Wei, Z, Wu, C, Yang, CT",https://doi.org/10.1002/2013EF000184,Journal Article,"Planning,Operations,Maintenance,Reporting","Sediment,Public Participation",Not Applicable,"Maintenance,Operations","Gravel,Sand,Suspended,Rock,Bedload,Silt,Clay","Reservoir pool,Reservoir release",Not Applicable,Not Applicable,Not Applicable,Yes,"Flood,drought,Structure failure,Adaptive MaNot Applicablegement",Not Applicable,Worldwide,"Sediment release,Flood diversion,Deposition control,Silt dams",Not Applicable,Not Applicable
E01021,L0193,gavins-point-dam,Gavins Point Dam,Sustainable sediment management in reservoirs and regulated rivers: experiences from five continents,2014,"Kondolf, GM, Gao, Y, Annandale, GW, Morris, GL, Jiang, E, Hotchkiss, R, Carling, P, Wu, B, Zhang, J, Peteuil, C, Wang, HW, Yongtao, C, Fu, K, Guo, Q, Sumi, T, Wang, Z, Wei, Z, Wu, C, Yang, CT",https://doi.org/10.1002/2013EF000184,Journal Article,"Planning,Operations,Maintenance,Reporting","Sediment,Public Participation",Not Applicable,"Maintenance,Operations","Gravel,Sand,Suspended,Rock,Bedload,Silt,Clay","Reservoir pool,Reservoir release",Not Applicable,Not Applicable,Not Applicable,Yes,"Flood,drought,Structure failure,Adaptive MaNot Applicablegement",Not Applicable,Worldwide,"Sediment release,Flood diversion,Deposition control,Silt dams",Not Applicable,Not Applicable
E01022,L0193,jen-san-pei-jianshanpi-reservoir,Jen-San-Pei (Jianshanpi) reservoir,Sustainable sediment management in reservoirs and regulated rivers: experiences from five continents,2014,"Kondolf, GM, Gao, Y, Annandale, GW, Morris, GL, Jiang, E, Hotchkiss, R, Carling, P, Wu, B, Zhang, J, Peteuil, C, Wang, HW, Yongtao, C, Fu, K, Guo, Q, Sumi, T, Wang, Z, Wei, Z, Wu, C, Yang, CT",https://doi.org/10.1002/2013EF000184,Journal Article,"Planning,Operations,Maintenance,Reporting","Sediment,Public Participation",Not Applicable,"Maintenance,Operations","Gravel,Sand,Suspended,Rock,Bedload,Silt,Clay","Reservoir pool,Reservoir release",Not Applicable,Not Applicable,Not Applicable,Yes,"Flood,drought,Structure failure,Adaptive MaNot Applicablegement",Not Applicable,Worldwide,"Sediment release,Flood diversion,Deposition control,Silt dams",Not Applicable,Not Applicable
E01023,L0193,hengshan-reservoir,Hengshan Reservoir,Sustainable sediment management in reservoirs and regulated rivers: experiences from five continents,2014,"Kondolf, GM, Gao, Y, Annandale, GW, Morris, GL, Jiang, E, Hotchkiss, R, Carling, P, Wu, B, Zhang, J, Peteuil, C, Wang, HW, Yongtao, C, Fu, K, Guo, Q, Sumi, T, Wang, Z, Wei, Z, Wu, C, Yang, CT",https://doi.org/10.1002/2013EF000184,Journal Article,"Planning,Operations,Maintenance,Reporting","Sediment,Public Participation",Not Applicable,"Maintenance,Operations","Gravel,Sand,Suspended,Rock,Bedload,Silt,Clay","Reservoir pool,Reservoir release",Not Applicable,Not Applicable,Not Applicable,Yes,"Flood,drought,Structure failure,Adaptive MaNot Applicablegement",Not Applicable,Worldwide,"Sediment release,Flood diversion,Deposition control,Silt dams",Not Applicable,Not Applicable
E01024,L0193,,Rhône River from Swiss Border to Mediterranean,Sustainable sediment management in reservoirs and regulated rivers: experiences from five continents,2014,"Kondolf, GM, Gao, Y, Annandale, GW, Morris, GL, Jiang, E, Hotchkiss, R, Carling, P, Wu, B, Zhang, J, Peteuil, C, Wang, HW, Yongtao, C, Fu, K, Guo, Q, Sumi, T, Wang, Z, Wei, Z, Wu, C, Yang, CT",https://doi.org/10.1002/2013EF000184,Journal Article,"Planning,Operations,Maintenance,Reporting","Sediment,Public Participation",Not Applicable,"Maintenance,Operations","Gravel,Sand,Suspended,Rock,Bedload,Silt,Clay","Reservoir pool,Reservoir release",Not Applicable,Not Applicable,Not Applicable,Yes,"Flood,drought,Structure failure,Adaptive MaNot Applicablegement",Not Applicable,Worldwide,"Sediment release,Flood diversion,Deposition control,Silt dams",Not Applicable,Not Applicable
E01025,L0193,verbois-dam,Verbois Dam,Sustainable sediment management in reservoirs and regulated rivers: experiences from five continents,2014,"Kondolf, GM, Gao, Y, Annandale, GW, Morris, GL, Jiang, E, Hotchkiss, R, Carling, P, Wu, B, Zhang, J, Peteuil, C, Wang, HW, Yongtao, C, Fu, K, Guo, Q, Sumi, T, Wang, Z, Wei, Z, Wu, C, Yang, CT",https://doi.org/10.1002/2013EF000184,Journal Article,"Planning,Operations,Maintenance,Reporting","Sediment,Public Participation",Not Applicable,"Maintenance,Operations","Gravel,Sand,Suspended,Rock,Bedload,Silt,Clay","Reservoir pool,Reservoir release",Not Applicable,Not Applicable,Not Applicable,Yes,"Flood,drought,Structure failure,Adaptive MaNot Applicablegement",Not Applicable,Worldwide,"Sediment release,Flood diversion,Deposition control,Silt dams",Not Applicable,Not Applicable
E01026,L0193,kurobe-no-4-kuroyon-dam,Kurobe No. 4 (Kuroyon) Dam,Sustainable sediment management in reservoirs and regulated rivers: experiences from five continents,2014,"Kondolf, GM, Gao, Y, Annandale, GW, Morris, GL, Jiang, E, Hotchkiss, R, Carling, P, Wu, B, Zhang, J, Peteuil, C, Wang, HW, Yongtao, C, Fu, K, Guo, Q, Sumi, T, Wang, Z, Wei, Z, Wu, C, Yang, CT",https://doi.org/10.1002/2013EF000184,Journal Article,"Planning,Operations,Maintenance,Reporting","Sediment,Public Participation",Not Applicable,"Maintenance,Operations","Gravel,Sand,Suspended,Rock,Bedload,Silt,Clay","Reservoir pool,Reservoir release",Not Applicable,Not Applicable,Not Applicable,Yes,"Flood,drought,Structure failure,Adaptive MaNot Applicablegement",Not Applicable,Worldwide,"Sediment release,Flood diversion,Deposition control,Silt dams",Not Applicable,Not Applicable
E01027,L0193,sen-nin-sennindani-dam,Sen-nin (Sennindani) Dam,Sustainable sediment management in reservoirs and regulated rivers: experiences from five continents,2014,"Kondolf, GM, Gao, Y, Annandale, GW, Morris, GL, Jiang, E, Hotchkiss, R, Carling, P, Wu, B, Zhang, J, Peteuil, C, Wang, HW, Yongtao, C, Fu, K, Guo, Q, Sumi, T, Wang, Z, Wei, Z, Wu, C, Yang, CT",https://doi.org/10.1002/2013EF000184,Journal Article,"Planning,Operations,Maintenance,Reporting","Sediment,Public Participation",Not Applicable,"Maintenance,Operations","Gravel,Sand,Suspended,Rock,Bedload,Silt,Clay","Reservoir pool,Reservoir release",Not Applicable,Not Applicable,Not Applicable,Yes,"Flood,drought,Structure failure,Adaptive MaNot Applicablegement",Not Applicable,Worldwide,"Sediment release,Flood diversion,Deposition control,Silt dams",Not Applicable,Not Applicable
E01028,L0193,koyadaira-dam,Koyadaira Dam,Sustainable sediment management in reservoirs and regulated rivers: experiences from five continents,2014,"Kondolf, GM, Gao, Y, Annandale, GW, Morris, GL, Jiang, E, Hotchkiss, R, Carling, P, Wu, B, Zhang, J, Peteuil, C, Wang, HW, Yongtao, C, Fu, K, Guo, Q, Sumi, T, Wang, Z, Wei, Z, Wu, C, Yang, CT",https://doi.org/10.1002/2013EF000184,Journal Article,"Planning,Operations,Maintenance,Reporting","Sediment,Public Participation",Not Applicable,"Maintenance,Operations","Gravel,Sand,Suspended,Rock,Bedload,Silt,Clay","Reservoir pool,Reservoir release",Not Applicable,Not Applicable,Not Applicable,Yes,"Flood,drought,Structure failure,Adaptive MaNot Applicablegement",Not Applicable,Worldwide,"Sediment release,Flood diversion,Deposition control,Silt dams",Not Applicable,Not Applicable
E01029,L0193,xiaolangdi-reservoir-xiaolangdi-dam,Xiaolangdi Reservoir (Xiaolangdi Dam),Sustainable sediment management in reservoirs and regulated rivers: experiences from five continents,2014,"Kondolf, GM, Gao, Y, Annandale, GW, Morris, GL, Jiang, E, Hotchkiss, R, Carling, P, Wu, B, Zhang, J, Peteuil, C, Wang, HW, Yongtao, C, Fu, K, Guo, Q, Sumi, T, Wang, Z, Wei, Z, Wu, C, Yang, CT",https://doi.org/10.1002/2013EF000184,Journal Article,"Planning,Operations,Maintenance,Reporting","Sediment,Public Participation",Not Applicable,"Maintenance,Operations","Gravel,Sand,Suspended,Rock,Bedload,Silt,Clay","Reservoir pool,Reservoir release",Not Applicable,Not Applicable,Not Applicable,Yes,"Flood,drought,Structure failure,Adaptive MaNot Applicablegement",Not Applicable,Worldwide,"Sediment release,Flood diversion,Deposition control,Silt dams",Not Applicable,Not Applicable
E01030,L0193,cogswell-reservoir-cogswell-dam,Cogswell Reservoir (Cogswell Dam),Sustainable sediment management in reservoirs and regulated rivers: experiences from five continents,2014,"Kondolf, GM, Gao, Y, Annandale, GW, Morris, GL, Jiang, E, Hotchkiss, R, Carling, P, Wu, B, Zhang, J, Peteuil, C, Wang, HW, Yongtao, C, Fu, K, Guo, Q, Sumi, T, Wang, Z, Wei, Z, Wu, C, Yang, CT",https://doi.org/10.1002/2013EF000184,Journal Article,"Planning,Operations,Maintenance,Reporting","Sediment,Public Participation",Not Applicable,"Maintenance,Operations","Gravel,Sand,Suspended,Rock,Bedload,Silt,Clay","Reservoir pool,Reservoir release",Not Applicable,Not Applicable,Not Applicable,Yes,"Flood,drought,Structure failure,Adaptive MaNot Applicablegement",Not Applicable,Worldwide,"Sediment release,Flood diversion,Deposition control,Silt dams",Not Applicable,Not Applicable
E01031,L0193,north-fork-feather-river,North Fork Feather River,Sustainable sediment management in reservoirs and regulated rivers: experiences from five continents,2014,"Kondolf, GM, Gao, Y, Annandale, GW, Morris, GL, Jiang, E, Hotchkiss, R, Carling, P, Wu, B, Zhang, J, Peteuil, C, Wang, HW, Yongtao, C, Fu, K, Guo, Q, Sumi, T, Wang, Z, Wei, Z, Wu, C, Yang, CT",https://doi.org/10.1002/2013EF000184,Journal Article,"Planning,Operations,Maintenance,Reporting","Sediment,Public Participation",Not Applicable,"Maintenance,Operations","Gravel,Sand,Suspended,Rock,Bedload,Silt,Clay","Reservoir pool,Reservoir release",Not Applicable,Not Applicable,Not Applicable,Yes,"Flood,drought,Structure failure,Adaptive MaNot Applicablegement",Not Applicable,Worldwide,"Sediment release,Flood diversion,Deposition control,Silt dams",Not Applicable,Not Applicable
E01032,L0193,,Duozhao Ravine,Sustainable sediment management in reservoirs and regulated rivers: experiences from five continents,2014,"Kondolf, GM, Gao, Y, Annandale, GW, Morris, GL, Jiang, E, Hotchkiss, R, Carling, P, Wu, B, Zhang, J, Peteuil, C, Wang, HW, Yongtao, C, Fu, K, Guo, Q, Sumi, T, Wang, Z, Wei, Z, Wu, C, Yang, CT",https://doi.org/10.1002/2013EF000184,Journal Article,"Planning,Operations,Maintenance,Reporting","Sediment,Public Participation",Not Applicable,"Maintenance,Operations","Gravel,Sand,Suspended,Rock,Bedload,Silt,Clay","Reservoir pool,Reservoir release",Not Applicable,Not Applicable,Not Applicable,Yes,"Flood,drought,Structure failure,Adaptive MaNot Applicablegement",Not Applicable,Worldwide,"Sediment release,Flood diversion,Deposition control,Silt dams",Not Applicable,Not Applicable
E01033,L0193,,Jiangjia River basin,Sustainable sediment management in reservoirs and regulated rivers: experiences from five continents,2014,"Kondolf, GM, Gao, Y, Annandale, GW, Morris, GL, Jiang, E, Hotchkiss, R, Carling, P, Wu, B, Zhang, J, Peteuil, C, Wang, HW, Yongtao, C, Fu, K, Guo, Q, Sumi, T, Wang, Z, Wei, Z, Wu, C, Yang, CT",https://doi.org/10.1002/2013EF000184,Journal Article,"Planning,Operations,Maintenance,Reporting","Sediment,Public Participation",Not Applicable,"Maintenance,Operations","Gravel,Sand,Suspended,Rock,Bedload,Silt,Clay","Reservoir pool,Reservoir release",Not Applicable,Not Applicable,Not Applicable,Yes,"Flood,drought,Structure failure,Adaptive MaNot Applicablegement",Not Applicable,Worldwide,"Sediment release,Flood diversion,Deposition control,Silt dams",Not Applicable,Not Applicable
E01034,L0193,saignon-dam,Saignon Dam,Sustainable sediment management in reservoirs and regulated rivers: experiences from five continents,2014,"Kondolf, GM, Gao, Y, Annandale, GW, Morris, GL, Jiang, E, Hotchkiss, R, Carling, P, Wu, B, Zhang, J, Peteuil, C, Wang, HW, Yongtao, C, Fu, K, Guo, Q, Sumi, T, Wang, Z, Wei, Z, Wu, C, Yang, CT",https://doi.org/10.1002/2013EF000184,Journal Article,"Planning,Operations,Maintenance,Reporting","Sediment,Public Participation",Not Applicable,"Maintenance,Operations","Gravel,Sand,Suspended,Rock,Bedload,Silt,Clay","Reservoir pool,Reservoir release",Not Applicable,Not Applicable,Not Applicable,Yes,"Flood,drought,Structure failure,Adaptive MaNot Applicablegement",Not Applicable,Worldwide,"Sediment release,Flood diversion,Deposition control,Silt dams",Not Applicable,Not Applicable
E01035,L0193,sengguruh-reservoir-sengguruh-dam,Sengguruh Reservoir (Sengguruh Dam),Sustainable sediment management in reservoirs and regulated rivers: experiences from five continents,2014,"Kondolf, GM, Gao, Y, Annandale, GW, Morris, GL, Jiang, E, Hotchkiss, R, Carling, P, Wu, B, Zhang, J, Peteuil, C, Wang, HW, Yongtao, C, Fu, K, Guo, Q, Sumi, T, Wang, Z, Wei, Z, Wu, C, Yang, CT",https://doi.org/10.1002/2013EF000184,Journal Article,"Planning,Operations,Maintenance,Reporting","Sediment,Public Participation",Not Applicable,"Maintenance,Operations","Gravel,Sand,Suspended,Rock,Bedload,Silt,Clay","Reservoir pool,Reservoir release",Not Applicable,Not Applicable,Not Applicable,Yes,"Flood,drought,Structure failure,Adaptive MaNot Applicablegement",Not Applicable,Worldwide,"Sediment release,Flood diversion,Deposition control,Silt dams",Not Applicable,Not Applicable
E01036,L0193,shihmen-reservoir-shihmen-dam,Shihmen Reservoir (Shihmen Dam),Sustainable sediment management in reservoirs and regulated rivers: experiences from five continents,2014,"Kondolf, GM, Gao, Y, Annandale, GW, Morris, GL, Jiang, E, Hotchkiss, R, Carling, P, Wu, B, Zhang, J, Peteuil, C, Wang, HW, Yongtao, C, Fu, K, Guo, Q, Sumi, T, Wang, Z, Wei, Z, Wu, C, Yang, CT",https://doi.org/10.1002/2013EF000184,Journal Article,"Planning,Operations,Maintenance,Reporting","Sediment,Public Participation",Not Applicable,"Maintenance,Operations","Gravel,Sand,Suspended,Rock,Bedload,Silt,Clay","Reservoir pool,Reservoir release",Not Applicable,Not Applicable,Not Applicable,Yes,"Flood,drought,Structure failure,Adaptive MaNot Applicablegement",Not Applicable,Worldwide,"Sediment release,Flood diversion,Deposition control,Silt dams",Not Applicable,Not Applicable
E01037,L0193,barlin-dam,Barlin Dam,Sustainable sediment management in reservoirs and regulated rivers: experiences from five continents,2014,"Kondolf, GM, Gao, Y, Annandale, GW, Morris, GL, Jiang, E, Hotchkiss, R, Carling, P, Wu, B, Zhang, J, Peteuil, C, Wang, HW, Yongtao, C, Fu, K, Guo, Q, Sumi, T, Wang, Z, Wei, Z, Wu, C, Yang, CT",https://doi.org/10.1002/2013EF000184,Journal Article,"Planning,Operations,Maintenance,Reporting","Sediment,Public Participation",Not Applicable,"Maintenance,Operations","Gravel,Sand,Suspended,Rock,Bedload,Silt,Clay","Reservoir pool,Reservoir release",Not Applicable,Not Applicable,Not Applicable,Yes,"Flood,drought,Structure failure,Adaptive MaNot Applicablegement",Not Applicable,Worldwide,"Sediment release,Flood diversion,Deposition control,Silt dams",Not Applicable,Not Applicable
E01038,L0193,cull-canyon-reservoir-cull-creek-reservoir-dam,Cull Canyon reservoir (Cull Creek Reservoir Dam),Sustainable sediment management in reservoirs and regulated rivers: experiences from five continents,2014,"Kondolf, GM, Gao, Y, Annandale, GW, Morris, GL, Jiang, E, Hotchkiss, R, Carling, P, Wu, B, Zhang, J, Peteuil, C, Wang, HW, Yongtao, C, Fu, K, Guo, Q, Sumi, T, Wang, Z, Wei, Z, Wu, C, Yang, CT",https://doi.org/10.1002/2013EF000184,Journal Article,"Planning,Operations,Maintenance,Reporting","Sediment,Public Participation",Not Applicable,"Maintenance,Operations","Gravel,Sand,Suspended,Rock,Bedload,Silt,Clay","Reservoir pool,Reservoir release",Not Applicable,Not Applicable,Not Applicable,Yes,"Flood,drought,Structure failure,Adaptive MaNot Applicablegement",Not Applicable,Worldwide,"Sediment release,Flood diversion,Deposition control,Silt dams",Not Applicable,Not Applicable
E01039,L0193,loess-plateau,Loess Plateau,Sustainable sediment management in reservoirs and regulated rivers: experiences from five continents,2014,"Kondolf, GM, Gao, Y, Annandale, GW, Morris, GL, Jiang, E, Hotchkiss, R, Carling, P, Wu, B, Zhang, J, Peteuil, C, Wang, HW, Yongtao, C, Fu, K, Guo, Q, Sumi, T, Wang, Z, Wei, Z, Wu, C, Yang, CT",https://doi.org/10.1002/2013EF000184,Journal Article,"Planning,Operations,Maintenance,Reporting","Sediment,Public Participation",Not Applicable,"Maintenance,Operations","Gravel,Sand,Suspended,Rock,Bedload,Silt,Clay","Reservoir pool,Reservoir release",Not Applicable,Not Applicable,Not Applicable,Yes,"Flood,drought,Structure failure,Adaptive MaNot Applicablegement",Not Applicable,Worldwide,"Sediment release,Flood diversion,Deposition control,Silt dams",Not Applicable,Not Applicable
E01040,L0193,,Ralston Afterbay on Middle American River(Oxbow Powerhouse),Sustainable sediment management in reservoirs and regulated rivers: experiences from five continents,2014,"Kondolf, GM, Gao, Y, Annandale, GW, Morris, GL, Jiang, E, Hotchkiss, R, Carling, P, Wu, B, Zhang, J, Peteuil, C, Wang, HW, Yongtao, C, Fu, K, Guo, Q, Sumi, T, Wang, Z, Wei, Z, Wu, C, Yang, CT",https://doi.org/10.1002/2013EF000184,Journal Article,"Planning,Operations,Maintenance,Reporting","Sediment,Public Participation",Not Applicable,"Maintenance,Operations","Gravel,Sand,Suspended,Rock,Bedload,Silt,Clay","Reservoir pool,Reservoir release",Not Applicable,Not Applicable,Not Applicable,Yes,"Flood,drought,Structure failure,Adaptive MaNot Applicablegement",Not Applicable,Worldwide,"Sediment release,Flood diversion,Deposition control,Silt dams",Not Applicable,Not Applicable
E01041,L0193,keswick-dam,Keswick Dam,Sustainable sediment management in reservoirs and regulated rivers: experiences from five continents,2014,"Kondolf, GM, Gao, Y, Annandale, GW, Morris, GL, Jiang, E, Hotchkiss, R, Carling, P, Wu, B, Zhang, J, Peteuil, C, Wang, HW, Yongtao, C, Fu, K, Guo, Q, Sumi, T, Wang, Z, Wei, Z, Wu, C, Yang, CT",https://doi.org/10.1002/2013EF000184,Journal Article,"Planning,Operations,Maintenance,Reporting","Sediment,Public Participation",Not Applicable,"Maintenance,Operations","Gravel,Sand,Suspended,Rock,Bedload,Silt,Clay","Reservoir pool,Reservoir release",Not Applicable,Not Applicable,Not Applicable,Yes,"Flood,drought,Structure failure,Adaptive MaNot Applicablegement",Not Applicable,Worldwide,"Sediment release,Flood diversion,Deposition control,Silt dams",Not Applicable,Not Applicable
E01042,L0193,iffezheim-dam-iffezheim-lock,Iffezheim Dam (Iffezheim Lock),Sustainable sediment management in reservoirs and regulated rivers: experiences from five continents,2014,"Kondolf, GM, Gao, Y, Annandale, GW, Morris, GL, Jiang, E, Hotchkiss, R, Carling, P, Wu, B, Zhang, J, Peteuil, C, Wang, HW, Yongtao, C, Fu, K, Guo, Q, Sumi, T, Wang, Z, Wei, Z, Wu, C, Yang, CT",https://doi.org/10.1002/2013EF000184,Journal Article,"Planning,Operations,Maintenance,Reporting","Sediment,Public Participation",Not Applicable,"Maintenance,Operations","Gravel,Sand,Suspended,Rock,Bedload,Silt,Clay","Reservoir pool,Reservoir release",Not Applicable,Not Applicable,Not Applicable,Yes,"Flood,drought,Structure failure,Adaptive MaNot Applicablegement",Not Applicable,Worldwide,"Sediment release,Flood diversion,Deposition control,Silt dams",Not Applicable,Not Applicable
E01043,L0193,fetsui-reservoir,Fetsui Reservoir,Sustainable sediment management in reservoirs and regulated rivers: experiences from five continents,2014,"Kondolf, GM, Gao, Y, Annandale, GW, Morris, GL, Jiang, E, Hotchkiss, R, Carling, P, Wu, B, Zhang, J, Peteuil, C, Wang, HW, Yongtao, C, Fu, K, Guo, Q, Sumi, T, Wang, Z, Wei, Z, Wu, C, Yang, CT",https://doi.org/10.1002/2013EF000184,Journal Article,"Planning,Operations,Maintenance,Reporting","Sediment,Public Participation",Not Applicable,"Maintenance,Operations","Gravel,Sand,Suspended,Rock,Bedload,Silt,Clay","Reservoir pool,Reservoir release",Not Applicable,Not Applicable,Not Applicable,Yes,"Flood,drought,Structure failure,Adaptive MaNot Applicablegement",Not Applicable,Worldwide,"Sediment release,Flood diversion,Deposition control,Silt dams",Not Applicable,Not Applicable
E01044,L0198,salt-creek-lakes,Salt Creek Lakes,USACE Reservoir Sedimentation in the Context of Climate Change,2016,"Pinson, A, Baker, B, Boyd, P, Grandpre, R, White, KD, Jonas, M",https://usace.contentdm.oclc.org/digital/collection/p266001coll1/id/5202,USACE Report,"Operations,Maintenance","Bathymetry,Sediment,Hydraulics,Public Participation",Not Applicable,"Flood risk,watershed planning,Maintenance,Operations",Not Applicable,Reservoir pool,Not Applicable,Not Applicable,Not Applicable,Yes,"Flood,drought",Debris flow,USA,Deposition Control,Not Applicable,Regulated rivers
E01045,L0198,garrison-dam-lake-sakakawea,Garrison Dam (Lake Sakakawea),USACE Reservoir Sedimentation in the Context of Climate Change,2016,"Pinson, A, Baker, B, Boyd, P, Grandpre, R, White, KD, Jonas, M",https://usace.contentdm.oclc.org/digital/collection/p266001coll1/id/5202,USACE Report,"Operations,Maintenance","Bathymetry,Sediment,Hydraulics,Public Participation",Not Applicable,"Flood risk,watershed planning,Maintenance,Operations",Not Applicable,Reservoir pool,Not Applicable,Not Applicable,Not Applicable,Yes,"Flood,drought",Debris flow,USA,Deposition Control,Not Applicable,Regulated rivers
E01046,L0198,jennings-randolph-lake-bloomington-dam,Jennings Randolph Lake (Bloomington Dam),USACE Reservoir Sedimentation in the Context of Climate Change,2016,"Pinson, A, Baker, B, Boyd, P, Grandpre, R, White, KD, Jonas, M",https://usace.contentdm.oclc.org/digital/collection/p266001coll1/id/5202,USACE Report,"Operations,Maintenance","Bathymetry,Sediment,Hydraulics,Public Participation",Not Applicable,"Flood risk,watershed planning,Maintenance,Operations",Not Applicable,Reservoir pool,Not Applicable,Not Applicable,Not Applicable,Yes,"Flood,drought",Debris flow,USA,Deposition Control,Not Applicable,Regulated rivers
E01047,L0198,arkport-dam,Arkport Dam,USACE Reservoir Sedimentation in the Context of Climate Change,2016,"Pinson, A, Baker, B, Boyd, P, Grandpre, R, White, KD, Jonas, M",https://usace.contentdm.oclc.org/digital/collection/p266001coll1/id/5202,USACE Report,"Operations,Maintenance","Bathymetry,Sediment,Hydraulics,Public Participation",Not Applicable,"Flood risk,watershed planning,Maintenance,Operations",Not Applicable,Reservoir pool,Not Applicable,Not Applicable,Not Applicable,Yes,"Flood,drought",Debris flow,USA,Deposition Control,Not Applicable,Regulated rivers
E01048,L0198,indian-rock-dam,Indian Rock Dam,USACE Reservoir Sedimentation in the Context of Climate Change,2016,"Pinson, A, Baker, B, Boyd, P, Grandpre, R, White, KD, Jonas, M",https://usace.contentdm.oclc.org/digital/collection/p266001coll1/id/5202,USACE Report,"Operations,Maintenance","Bathymetry,Sediment,Hydraulics,Public Participation",Not Applicable,"Flood risk,watershed planning,Maintenance,Operations",Not Applicable,Reservoir pool,Not Applicable,Not Applicable,Not Applicable,Yes,"Flood,drought",Debris flow,USA,Deposition Control,Not Applicable,Regulated rivers
E01049,L0198,cowanesque-dam-cowanesque-reservoir,Cowanesque Dam (Cowanesque Reservoir),USACE Reservoir Sedimentation in the Context of Climate Change,2016,"Pinson, A, Baker, B, Boyd, P, Grandpre, R, White, KD, Jonas, M",https://usace.contentdm.oclc.org/digital/collection/p266001coll1/id/5202,USACE Report,"Operations,Maintenance","Bathymetry,Sediment,Hydraulics,Public Participation",Not Applicable,"Flood risk,watershed planning,Maintenance,Operations",Not Applicable,Reservoir pool,Not Applicable,Not Applicable,Not Applicable,Yes,"Flood,drought",Debris flow,USA,Deposition Control,Not Applicable,Regulated rivers
E01050,L0198,curwensville-dam-curwensville-reservoir,Curwensville Dam (Curwensville Reservoir),USACE Reservoir Sedimentation in the Context of Climate Change,2016,"Pinson, A, Baker, B, Boyd, P, Grandpre, R, White, KD, Jonas, M",https://usace.contentdm.oclc.org/digital/collection/p266001coll1/id/5202,USACE Report,"Operations,Maintenance","Bathymetry,Sediment,Hydraulics,Public Participation",Not Applicable,"Flood risk,watershed planning,Maintenance,Operations",Not Applicable,Reservoir pool,Not Applicable,Not Applicable,Not Applicable,Yes,"Flood,drought",Debris flow,USA,Deposition Control,Not Applicable,Regulated rivers
E01051,L0198,tioga-dam-tioga-reservoir,Tioga Dam (Tioga Reservoir),USACE Reservoir Sedimentation in the Context of Climate Change,2016,"Pinson, A, Baker, B, Boyd, P, Grandpre, R, White, KD, Jonas, M",https://usace.contentdm.oclc.org/digital/collection/p266001coll1/id/5202,USACE Report,"Operations,Maintenance","Bathymetry,Sediment,Hydraulics,Public Participation",Not Applicable,"Flood risk,watershed planning,Maintenance,Operations",Not Applicable,Reservoir pool,Not Applicable,Not Applicable,Not Applicable,Yes,"Flood,drought",Debris flow,USA,Deposition Control,Not Applicable,Regulated rivers
E01052,L0198,hammond-dam-hammond-reservoir,Hammond Dam (Hammond Reservoir),USACE Reservoir Sedimentation in the Context of Climate Change,2016,"Pinson, A, Baker, B, Boyd, P, Grandpre, R, White, KD, Jonas, M",https://usace.contentdm.oclc.org/digital/collection/p266001coll1/id/5202,USACE Report,"Operations,Maintenance","Bathymetry,Sediment,Hydraulics,Public Participation",Not Applicable,"Flood risk,watershed planning,Maintenance,Operations",Not Applicable,Reservoir pool,Not Applicable,Not Applicable,Not Applicable,Yes,"Flood,drought",Debris flow,USA,Deposition Control,Not Applicable,Regulated rivers
E01053,L0198,east-sidney-dam-east-sidney-reservoir,East Sidney Dam (East Sidney Reservoir),USACE Reservoir Sedimentation in the Context of Climate Change,2016,"Pinson, A, Baker, B, Boyd, P, Grandpre, R, White, KD, Jonas, M",https://usace.contentdm.oclc.org/digital/collection/p266001coll1/id/5202,USACE Report,"Operations,Maintenance","Bathymetry,Sediment,Hydraulics,Public Participation",Not Applicable,"Flood risk,watershed planning,Maintenance,Operations",Not Applicable,Reservoir pool,Not Applicable,Not Applicable,Not Applicable,Yes,"Flood,drought",Debris flow,USA,Deposition Control,Not Applicable,Regulated rivers
E01054,L0198,sayers-dam-foster-joseph-sayers-reservoir,Sayers Dam (Foster Joseph Sayers Reservoir),USACE Reservoir Sedimentation in the Context of Climate Change,2016,"Pinson, A, Baker, B, Boyd, P, Grandpre, R, White, KD, Jonas, M",https://usace.contentdm.oclc.org/digital/collection/p266001coll1/id/5202,USACE Report,"Operations,Maintenance","Bathymetry,Sediment,Hydraulics,Public Participation",Not Applicable,"Flood risk,watershed planning,Maintenance,Operations",Not Applicable,Reservoir pool,Not Applicable,Not Applicable,Not Applicable,Yes,"Flood,drought",Debris flow,USA,Deposition Control,Not Applicable,Regulated rivers
E01055,L0198,almond-dam-almond-lake,Almond Dam (Almond Lake),USACE Reservoir Sedimentation in the Context of Climate Change,2016,"Pinson, A, Baker, B, Boyd, P, Grandpre, R, White, KD, Jonas, M",https://usace.contentdm.oclc.org/digital/collection/p266001coll1/id/5202,USACE Report,"Operations,Maintenance","Bathymetry,Sediment,Hydraulics,Public Participation",Not Applicable,"Flood risk,watershed planning,Maintenance,Operations",Not Applicable,Reservoir pool,Not Applicable,Not Applicable,Not Applicable,Yes,"Flood,drought",Debris flow,USA,Deposition Control,Not Applicable,Regulated rivers
E01056,L0198,raystown-dam-raystown-lake,Raystown Dam (Raystown Lake),USACE Reservoir Sedimentation in the Context of Climate Change,2016,"Pinson, A, Baker, B, Boyd, P, Grandpre, R, White, KD, Jonas, M",https://usace.contentdm.oclc.org/digital/collection/p266001coll1/id/5202,USACE Report,"Operations,Maintenance","Bathymetry,Sediment,Hydraulics,Public Participation",Not Applicable,"Flood risk,watershed planning,Maintenance,Operations",Not Applicable,Reservoir pool,Not Applicable,Not Applicable,Not Applicable,Yes,"Flood,drought",Debris flow,USA,Deposition Control,Not Applicable,Regulated rivers
E01057,L0198,bush-dam-kettle-creek-reservoir,Bush Dam (Kettle Creek Reservoir),USACE Reservoir Sedimentation in the Context of Climate Change,2016,"Pinson, A, Baker, B, Boyd, P, Grandpre, R, White, KD, Jonas, M",https://usace.contentdm.oclc.org/digital/collection/p266001coll1/id/5202,USACE Report,"Operations,Maintenance","Bathymetry,Sediment,Hydraulics,Public Participation",Not Applicable,"Flood risk,watershed planning,Maintenance,Operations",Not Applicable,Reservoir pool,Not Applicable,Not Applicable,Not Applicable,Yes,"Flood,drought",Debris flow,USA,Deposition Control,Not Applicable,Regulated rivers
E01058,L0198,whitney-point-dam-whitney-point-lake,Whitney Point Dam (Whitney Point Lake),USACE Reservoir Sedimentation in the Context of Climate Change,2016,"Pinson, A, Baker, B, Boyd, P, Grandpre, R, White, KD, Jonas, M",https://usace.contentdm.oclc.org/digital/collection/p266001coll1/id/5202,USACE Report,"Operations,Maintenance","Bathymetry,Sediment,Hydraulics,Public Participation",Not Applicable,"Flood risk,watershed planning,Maintenance,Operations",Not Applicable,Reservoir pool,Not Applicable,Not Applicable,Not Applicable,Yes,"Flood,drought",Debris flow,USA,Deposition Control,Not Applicable,Regulated rivers
E01059,L0198,stillwater-dam-stillwater-lake,Stillwater Dam (Stillwater Lake),USACE Reservoir Sedimentation in the Context of Climate Change,2016,"Pinson, A, Baker, B, Boyd, P, Grandpre, R, White, KD, Jonas, M",https://usace.contentdm.oclc.org/digital/collection/p266001coll1/id/5202,USACE Report,"Operations,Maintenance","Bathymetry,Sediment,Hydraulics,Public Participation",Not Applicable,"Flood risk,watershed planning,Maintenance,Operations",Not Applicable,Reservoir pool,Not Applicable,Not Applicable,Not Applicable,Yes,"Flood,drought",Debris flow,USA,Deposition Control,Not Applicable,Regulated rivers
E01060,L0198,aylesworth-creek-lake,Aylesworth Creek Lake,USACE Reservoir Sedimentation in the Context of Climate Change,2016,"Pinson, A, Baker, B, Boyd, P, Grandpre, R, White, KD, Jonas, M",https://usace.contentdm.oclc.org/digital/collection/p266001coll1/id/5202,USACE Report,"Operations,Maintenance","Bathymetry,Sediment,Hydraulics,Public Participation",Not Applicable,"Flood risk,watershed planning,Maintenance,Operations",Not Applicable,Reservoir pool,Not Applicable,Not Applicable,Not Applicable,Yes,"Flood,drought",Debris flow,USA,Deposition Control,Not Applicable,Regulated rivers
E01061,L0198,,(Savage River Dam) Savage River Reservoir,USACE Reservoir Sedimentation in the Context of Climate Change,2016,"Pinson, A, Baker, B, Boyd, P, Grandpre, R, White, KD, Jonas, M",https://usace.contentdm.oclc.org/digital/collection/p266001coll1/id/5202,USACE Report,"Operations,Maintenance","Bathymetry,Sediment,Hydraulics,Public Participation",Not Applicable,"Flood risk,watershed planning,Maintenance,Operations",Not Applicable,Reservoir pool,Not Applicable,Not Applicable,Not Applicable,Yes,"Flood,drought",Debris flow,USA,Deposition Control,Not Applicable,Regulated rivers
E01062,L0198,alamo-dam,Alamo Dam,USACE Reservoir Sedimentation in the Context of Climate Change,2016,"Pinson, A, Baker, B, Boyd, P, Grandpre, R, White, KD, Jonas, M",https://usace.contentdm.oclc.org/digital/collection/p266001coll1/id/5202,USACE Report,"Operations,Maintenance","Bathymetry,Sediment,Hydraulics,Public Participation",Not Applicable,"Flood risk,watershed planning,Maintenance,Operations",Not Applicable,Reservoir pool,Not Applicable,Not Applicable,Not Applicable,Yes,"Flood,drought",Debris flow,USA,Deposition Control,Not Applicable,Regulated rivers
E01063,L0198,haines-debris-basin,Haines debris basin,USACE Reservoir Sedimentation in the Context of Climate Change,2016,"Pinson, A, Baker, B, Boyd, P, Grandpre, R, White, KD, Jonas, M",https://usace.contentdm.oclc.org/digital/collection/p266001coll1/id/5202,USACE Report,"Operations,Maintenance","Bathymetry,Sediment,Hydraulics,Public Participation",Not Applicable,"Flood risk,watershed planning,Maintenance,Operations",Not Applicable,Reservoir pool,Not Applicable,Not Applicable,Not Applicable,Yes,"Flood,drought",Debris flow,USA,Deposition Control,Not Applicable,Regulated rivers
E01064,L0198,,,USACE Reservoir Sedimentation in the Context of Climate Change,2016,"Pinson, A, Baker, B, Boyd, P, Grandpre, R, White, KD, Jonas, M",https://usace.contentdm.oclc.org/digital/collection/p266001coll1/id/5202,USACE Report,"Operations,Maintenance","Bathymetry,Sediment,Hydraulics,Public Participation",Not Applicable,"Flood risk,watershed planning,Maintenance,Operations",Not Applicable,Reservoir pool,Not Applicable,Not Applicable,Not Applicable,Yes,"Flood,drought",Debris flow,USA,Deposition Control,Not Applicable,Regulated rivers
E01065,L0198,prado-dam,Prado Dam,USACE Reservoir Sedimentation in the Context of Climate Change,2016,"Pinson, A, Baker, B, Boyd, P, Grandpre, R, White, KD, Jonas, M",https://usace.contentdm.oclc.org/digital/collection/p266001coll1/id/5202,USACE Report,"Operations,Maintenance","Bathymetry,Sediment,Hydraulics,Public Participation",Not Applicable,"Flood risk,watershed planning,Maintenance,Operations",Not Applicable,Reservoir pool,Not Applicable,Not Applicable,Not Applicable,Yes,"Flood,drought",Debris flow,USA,Deposition Control,Not Applicable,Regulated rivers
E01066,L0198,pine-canyon-dam,Pine Canyon Dam,USACE Reservoir Sedimentation in the Context of Climate Change,2016,"Pinson, A, Baker, B, Boyd, P, Grandpre, R, White, KD, Jonas, M",https://usace.contentdm.oclc.org/digital/collection/p266001coll1/id/5202,USACE Report,"Operations,Maintenance","Bathymetry,Sediment,Hydraulics,Public Participation",Not Applicable,"Flood risk,watershed planning,Maintenance,Operations",Not Applicable,Reservoir pool,Not Applicable,Not Applicable,Not Applicable,Yes,"Flood,drought",Debris flow,USA,Deposition Control,Not Applicable,Regulated rivers
E01067,L0198,mathews-canyon-dam,Mathews Canyon Dam,USACE Reservoir Sedimentation in the Context of Climate Change,2016,"Pinson, A, Baker, B, Boyd, P, Grandpre, R, White, KD, Jonas, M",https://usace.contentdm.oclc.org/digital/collection/p266001coll1/id/5202,USACE Report,"Operations,Maintenance","Bathymetry,Sediment,Hydraulics,Public Participation",Not Applicable,"Flood risk,watershed planning,Maintenance,Operations",Not Applicable,Reservoir pool,Not Applicable,Not Applicable,Not Applicable,Yes,"Flood,drought",Debris flow,USA,Deposition Control,Not Applicable,Regulated rivers
E01068,L0198,mojave-mojave-forks-dam,Mojave (Mojave Forks) Dam,USACE Reservoir Sedimentation in the Context of Climate Change,2016,"Pinson, A, Baker, B, Boyd, P, Grandpre, R, White, KD, Jonas, M",https://usace.contentdm.oclc.org/digital/collection/p266001coll1/id/5202,USACE Report,"Operations,Maintenance","Bathymetry,Sediment,Hydraulics,Public Participation",Not Applicable,"Flood risk,watershed planning,Maintenance,Operations",Not Applicable,Reservoir pool,Not Applicable,Not Applicable,Not Applicable,Yes,"Flood,drought",Debris flow,USA,Deposition Control,Not Applicable,Regulated rivers
E01069,L0198,whitlow-ranch-dam,Whitlow Ranch Dam,USACE Reservoir Sedimentation in the Context of Climate Change,2016,"Pinson, A, Baker, B, Boyd, P, Grandpre, R, White, KD, Jonas, M",https://usace.contentdm.oclc.org/digital/collection/p266001coll1/id/5202,USACE Report,"Operations,Maintenance","Bathymetry,Sediment,Hydraulics,Public Participation",Not Applicable,"Flood risk,watershed planning,Maintenance,Operations",Not Applicable,Reservoir pool,Not Applicable,Not Applicable,Not Applicable,Yes,"Flood,drought",Debris flow,USA,Deposition Control,Not Applicable,Regulated rivers
E01070,L0198,fullerton-dam,Fullerton Dam,USACE Reservoir Sedimentation in the Context of Climate Change,2016,"Pinson, A, Baker, B, Boyd, P, Grandpre, R, White, KD, Jonas, M",https://usace.contentdm.oclc.org/digital/collection/p266001coll1/id/5202,USACE Report,"Operations,Maintenance","Bathymetry,Sediment,Hydraulics,Public Participation",Not Applicable,"Flood risk,watershed planning,Maintenance,Operations",Not Applicable,Reservoir pool,Not Applicable,Not Applicable,Not Applicable,Yes,"Flood,drought",Debris flow,USA,Deposition Control,Not Applicable,Regulated rivers
E01071,L0198,brea-carbon-canyon-carbon-canyon-dam,Brea Carbon Canyon (Carbon Canyon) Dam,USACE Reservoir Sedimentation in the Context of Climate Change,2016,"Pinson, A, Baker, B, Boyd, P, Grandpre, R, White, KD, Jonas, M",https://usace.contentdm.oclc.org/digital/collection/p266001coll1/id/5202,USACE Report,"Operations,Maintenance","Bathymetry,Sediment,Hydraulics,Public Participation",Not Applicable,"Flood risk,watershed planning,Maintenance,Operations",Not Applicable,Reservoir pool,Not Applicable,Not Applicable,Not Applicable,Yes,"Flood,drought",Debris flow,USA,Deposition Control,Not Applicable,Regulated rivers
E01072,L0198,hansen-dam,Hansen Dam,USACE Reservoir Sedimentation in the Context of Climate Change,2016,"Pinson, A, Baker, B, Boyd, P, Grandpre, R, White, KD, Jonas, M",https://usace.contentdm.oclc.org/digital/collection/p266001coll1/id/5202,USACE Report,"Operations,Maintenance","Bathymetry,Sediment,Hydraulics,Public Participation",Not Applicable,"Flood risk,watershed planning,Maintenance,Operations",Not Applicable,Reservoir pool,Not Applicable,Not Applicable,Not Applicable,Yes,"Flood,drought",Debris flow,USA,Deposition Control,Not Applicable,Regulated rivers
E01073,L0198,lopez-dam,Lopez Dam,USACE Reservoir Sedimentation in the Context of Climate Change,2016,"Pinson, A, Baker, B, Boyd, P, Grandpre, R, White, KD, Jonas, M",https://usace.contentdm.oclc.org/digital/collection/p266001coll1/id/5202,USACE Report,"Operations,Maintenance","Bathymetry,Sediment,Hydraulics,Public Participation",Not Applicable,"Flood risk,watershed planning,Maintenance,Operations",Not Applicable,Reservoir pool,Not Applicable,Not Applicable,Not Applicable,Yes,"Flood,drought",Debris flow,USA,Deposition Control,Not Applicable,Regulated rivers
E01074,L0198,san-antonio-dam,San Antonio Dam,USACE Reservoir Sedimentation in the Context of Climate Change,2016,"Pinson, A, Baker, B, Boyd, P, Grandpre, R, White, KD, Jonas, M",https://usace.contentdm.oclc.org/digital/collection/p266001coll1/id/5202,USACE Report,"Operations,Maintenance","Bathymetry,Sediment,Hydraulics,Public Participation",Not Applicable,"Flood risk,watershed planning,Maintenance,Operations",Not Applicable,Reservoir pool,Not Applicable,Not Applicable,Not Applicable,Yes,"Flood,drought",Debris flow,USA,Deposition Control,Not Applicable,Regulated rivers
E01075,L0198,santa-fe-dam,Santa Fe Dam,USACE Reservoir Sedimentation in the Context of Climate Change,2016,"Pinson, A, Baker, B, Boyd, P, Grandpre, R, White, KD, Jonas, M",https://usace.contentdm.oclc.org/digital/collection/p266001coll1/id/5202,USACE Report,"Operations,Maintenance","Bathymetry,Sediment,Hydraulics,Public Participation",Not Applicable,"Flood risk,watershed planning,Maintenance,Operations",Not Applicable,Reservoir pool,Not Applicable,Not Applicable,Not Applicable,Yes,"Flood,drought",Debris flow,USA,Deposition Control,Not Applicable,Regulated rivers
E01076,L0198,sepulveda-dam,Sepulveda Dam,USACE Reservoir Sedimentation in the Context of Climate Change,2016,"Pinson, A, Baker, B, Boyd, P, Grandpre, R, White, KD, Jonas, M",https://usace.contentdm.oclc.org/digital/collection/p266001coll1/id/5202,USACE Report,"Operations,Maintenance","Bathymetry,Sediment,Hydraulics,Public Participation",Not Applicable,"Flood risk,watershed planning,Maintenance,Operations",Not Applicable,Reservoir pool,Not Applicable,Not Applicable,Not Applicable,Yes,"Flood,drought",Debris flow,USA,Deposition Control,Not Applicable,Regulated rivers
E01077,L0198,whittier-narrows-dam,Whittier Narrows Dam,USACE Reservoir Sedimentation in the Context of Climate Change,2016,"Pinson, A, Baker, B, Boyd, P, Grandpre, R, White, KD, Jonas, M",https://usace.contentdm.oclc.org/digital/collection/p266001coll1/id/5202,USACE Report,"Operations,Maintenance","Bathymetry,Sediment,Hydraulics,Public Participation",Not Applicable,"Flood risk,watershed planning,Maintenance,Operations",Not Applicable,Reservoir pool,Not Applicable,Not Applicable,Not Applicable,Yes,"Flood,drought",Debris flow,USA,Deposition Control,Not Applicable,Regulated rivers
E01078,L0198,painted-rock-dam,Painted Rock Dam,USACE Reservoir Sedimentation in the Context of Climate Change,2016,"Pinson, A, Baker, B, Boyd, P, Grandpre, R, White, KD, Jonas, M",https://usace.contentdm.oclc.org/digital/collection/p266001coll1/id/5202,USACE Report,"Operations,Maintenance","Bathymetry,Sediment,Hydraulics,Public Participation",Not Applicable,"Flood risk,watershed planning,Maintenance,Operations",Not Applicable,Reservoir pool,Not Applicable,Not Applicable,Not Applicable,Yes,"Flood,drought",Debris flow,USA,Deposition Control,Not Applicable,Regulated rivers
E01079,L0198,waco-dam-waco-lake,Waco Dam (Waco Lake),USACE Reservoir Sedimentation in the Context of Climate Change,2016,"Pinson, A, Baker, B, Boyd, P, Grandpre, R, White, KD, Jonas, M",https://usace.contentdm.oclc.org/digital/collection/p266001coll1/id/5202,USACE Report,"Operations,Maintenance","Bathymetry,Sediment,Hydraulics,Public Participation",Not Applicable,"Flood risk,watershed planning,Maintenance,Operations",Not Applicable,Reservoir pool,Not Applicable,Not Applicable,Not Applicable,Yes,"Flood,drought",Debris flow,USA,Deposition Control,Not Applicable,Regulated rivers
E01080,L0198,wright-patman-dam-wright-patman-lake,Wright Patman Dam (Wright Patman Lake),USACE Reservoir Sedimentation in the Context of Climate Change,2016,"Pinson, A, Baker, B, Boyd, P, Grandpre, R, White, KD, Jonas, M",https://usace.contentdm.oclc.org/digital/collection/p266001coll1/id/5202,USACE Report,"Operations,Maintenance","Bathymetry,Sediment,Hydraulics,Public Participation",Not Applicable,"Flood risk,watershed planning,Maintenance,Operations",Not Applicable,Reservoir pool,Not Applicable,Not Applicable,Not Applicable,Yes,"Flood,drought",Debris flow,USA,Deposition Control,Not Applicable,Regulated rivers
E01081,L0198,bluestone-dam-bluestone-lake,Bluestone Dam (Bluestone Lake),USACE Reservoir Sedimentation in the Context of Climate Change,2016,"Pinson, A, Baker, B, Boyd, P, Grandpre, R, White, KD, Jonas, M",https://usace.contentdm.oclc.org/digital/collection/p266001coll1/id/5202,USACE Report,"Operations,Maintenance","Bathymetry,Sediment,Hydraulics,Public Participation",Not Applicable,"Flood risk,watershed planning,Maintenance,Operations",Not Applicable,Reservoir pool,Not Applicable,Not Applicable,Not Applicable,Yes,"Flood,drought",Debris flow,USA,Deposition Control,Not Applicable,Regulated rivers
E01082,L0198,dworshak-dam,Dworshak Dam,USACE Reservoir Sedimentation in the Context of Climate Change,2016,"Pinson, A, Baker, B, Boyd, P, Grandpre, R, White, KD, Jonas, M",https://usace.contentdm.oclc.org/digital/collection/p266001coll1/id/5202,USACE Report,"Operations,Maintenance","Bathymetry,Sediment,Hydraulics,Public Participation",Not Applicable,"Flood risk,watershed planning,Maintenance,Operations",Not Applicable,Reservoir pool,Not Applicable,Not Applicable,Not Applicable,Yes,"Flood,drought",Debris flow,USA,Deposition Control,Not Applicable,Regulated rivers
E01083,L0198,lower-granite-dam,Lower Granite Dam,USACE Reservoir Sedimentation in the Context of Climate Change,2016,"Pinson, A, Baker, B, Boyd, P, Grandpre, R, White, KD, Jonas, M",https://usace.contentdm.oclc.org/digital/collection/p266001coll1/id/5202,USACE Report,"Operations,Maintenance","Bathymetry,Sediment,Hydraulics,Public Participation",Not Applicable,"Flood risk,watershed planning,Maintenance,Operations",Not Applicable,Reservoir pool,Not Applicable,Not Applicable,Not Applicable,Yes,"Flood,drought",Debris flow,USA,Deposition Control,Not Applicable,Regulated rivers
E01084,L0198,little-goose-lock-and-dam-little-goose-reservoir,Little Goose Lock and Dam (Little Goose Reservoir),USACE Reservoir Sedimentation in the Context of Climate Change,2016,"Pinson, A, Baker, B, Boyd, P, Grandpre, R, White, KD, Jonas, M",https://usace.contentdm.oclc.org/digital/collection/p266001coll1/id/5202,USACE Report,"Operations,Maintenance","Bathymetry,Sediment,Hydraulics,Public Participation",Not Applicable,"Flood risk,watershed planning,Maintenance,Operations",Not Applicable,Reservoir pool,Not Applicable,Not Applicable,Not Applicable,Yes,"Flood,drought",Debris flow,USA,Deposition Control,Not Applicable,Regulated rivers
E01085,L0198,lower-monumental-lock-and-dam,Lower Monumental Lock and Dam,USACE Reservoir Sedimentation in the Context of Climate Change,2016,"Pinson, A, Baker, B, Boyd, P, Grandpre, R, White, KD, Jonas, M",https://usace.contentdm.oclc.org/digital/collection/p266001coll1/id/5202,USACE Report,"Operations,Maintenance","Bathymetry,Sediment,Hydraulics,Public Participation",Not Applicable,"Flood risk,watershed planning,Maintenance,Operations",Not Applicable,Reservoir pool,Not Applicable,Not Applicable,Not Applicable,Yes,"Flood,drought",Debris flow,USA,Deposition Control,Not Applicable,Regulated rivers
E01086,L0198,ice-harbor-lock-and-dam-ice-harbor-on-snake-river,Ice Harbor Lock and Dam (Ice Harbor on Snake River),USACE Reservoir Sedimentation in the Context of Climate Change,2016,"Pinson, A, Baker, B, Boyd, P, Grandpre, R, White, KD, Jonas, M",https://usace.contentdm.oclc.org/digital/collection/p266001coll1/id/5202,USACE Report,"Operations,Maintenance","Bathymetry,Sediment,Hydraulics,Public Participation",Not Applicable,"Flood risk,watershed planning,Maintenance,Operations",Not Applicable,Reservoir pool,Not Applicable,Not Applicable,Not Applicable,Yes,"Flood,drought",Debris flow,USA,Deposition Control,Not Applicable,Regulated rivers
E01087,L0198,mcnary-dam-mcnary-reservoir,McNary Dam (McNary Reservoir),USACE Reservoir Sedimentation in the Context of Climate Change,2016,"Pinson, A, Baker, B, Boyd, P, Grandpre, R, White, KD, Jonas, M",https://usace.contentdm.oclc.org/digital/collection/p266001coll1/id/5202,USACE Report,"Operations,Maintenance","Bathymetry,Sediment,Hydraulics,Public Participation",Not Applicable,"Flood risk,watershed planning,Maintenance,Operations",Not Applicable,Reservoir pool,Not Applicable,Not Applicable,Not Applicable,Yes,"Flood,drought",Debris flow,USA,Deposition Control,Not Applicable,Regulated rivers
E01088,L0198,yakima-river,Yakima River,USACE Reservoir Sedimentation in the Context of Climate Change,2016,"Pinson, A, Baker, B, Boyd, P, Grandpre, R, White, KD, Jonas, M",https://usace.contentdm.oclc.org/digital/collection/p266001coll1/id/5202,USACE Report,"Operations,Maintenance","Bathymetry,Sediment,Hydraulics,Public Participation",Not Applicable,"Flood risk,watershed planning,Maintenance,Operations",Not Applicable,Reservoir pool,Not Applicable,Not Applicable,Not Applicable,Yes,"Flood,drought",Debris flow,USA,Deposition Control,Not Applicable,Regulated rivers
E01089,L0198,walla-walla-river-estuary,Walla Walla River estuary,USACE Reservoir Sedimentation in the Context of Climate Change,2016,"Pinson, A, Baker, B, Boyd, P, Grandpre, R, White, KD, Jonas, M",https://usace.contentdm.oclc.org/digital/collection/p266001coll1/id/5202,USACE Report,"Operations,Maintenance","Bathymetry,Sediment,Hydraulics,Public Participation",Not Applicable,"Flood risk,watershed planning,Maintenance,Operations",Not Applicable,Reservoir pool,Not Applicable,Not Applicable,Not Applicable,Yes,"Flood,drought",Debris flow,USA,Deposition Control,Not Applicable,Regulated rivers
E01090,L0198,mill-creek-diversion-dam-bennington-lake,Mill Creek diversion dam (Bennington Lake),USACE Reservoir Sedimentation in the Context of Climate Change,2016,"Pinson, A, Baker, B, Boyd, P, Grandpre, R, White, KD, Jonas, M",https://usace.contentdm.oclc.org/digital/collection/p266001coll1/id/5202,USACE Report,"Operations,Maintenance","Bathymetry,Sediment,Hydraulics,Public Participation",Not Applicable,"Flood risk,watershed planning,Maintenance,Operations",Not Applicable,Reservoir pool,Not Applicable,Not Applicable,Not Applicable,Yes,"Flood,drought",Debris flow,USA,Deposition Control,Not Applicable,Regulated rivers
E01091,L0198,lucky-peak-dam-lucky-peak-reservoir,Lucky Peak Dam (Lucky Peak Reservoir),USACE Reservoir Sedimentation in the Context of Climate Change,2016,"Pinson, A, Baker, B, Boyd, P, Grandpre, R, White, KD, Jonas, M",https://usace.contentdm.oclc.org/digital/collection/p266001coll1/id/5202,USACE Report,"Operations,Maintenance","Bathymetry,Sediment,Hydraulics,Public Participation",Not Applicable,"Flood risk,watershed planning,Maintenance,Operations",Not Applicable,Reservoir pool,Not Applicable,Not Applicable,Not Applicable,Yes,"Flood,drought",Debris flow,USA,Deposition Control,Not Applicable,Regulated rivers
E01092,L0230,clearwater-river,Clearwater River,Measured total sediment loads (suspended loads and bedloads) for 93 United States streams,1989,"Williams, GP, Rosgen, DL",https://pubs.usgs.gov/of/1989/0067/report.pdf,Government Report,Reporting,"Water Quality,Sediment,Hydraulics",Frequency Analysis,Not Applicable,"Suspended,Bedload","Suspended,Erosion",Not Applicable,Not Applicable,Not Applicable,Not Applicable,Not Applicable,Not Applicable,United States,Sediment release,Not Applicable,Not Applicable
E01093,L0230,big-lost-river,Big Lost River,Measured total sediment loads (suspended loads and bedloads) for 93 United States streams,1989,"Williams, GP, Rosgen, DL",https://pubs.usgs.gov/of/1989/0067/report.pdf,Government Report,Reporting,"Water Quality,Sediment,Hydraulics",Frequency Analysis,Not Applicable,"Suspended,Bedload","Suspended,Erosion",Not Applicable,Not Applicable,Not Applicable,Not Applicable,Not Applicable,Not Applicable,United States,Sediment release,Not Applicable,Not Applicable
E01094,L0230,buckhorn-creek,Buckhorn Creek,Measured total sediment loads (suspended loads and bedloads) for 93 United States streams,1989,"Williams, GP, Rosgen, DL",https://pubs.usgs.gov/of/1989/0067/report.pdf,Government Report,Reporting,"Water Quality,Sediment,Hydraulics",Frequency Analysis,Not Applicable,"Suspended,Bedload","Suspended,Erosion",Not Applicable,Not Applicable,Not Applicable,Not Applicable,Not Applicable,Not Applicable,United States,Sediment release,Not Applicable,Not Applicable
E01095,L0230,south-fork-salmon-river,South Fork Salmon River,Measured total sediment loads (suspended loads and bedloads) for 93 United States streams,1989,"Williams, GP, Rosgen, DL",https://pubs.usgs.gov/of/1989/0067/report.pdf,Government Report,Reporting,"Water Quality,Sediment,Hydraulics",Frequency Analysis,Not Applicable,"Suspended,Bedload","Suspended,Erosion",Not Applicable,Not Applicable,Not Applicable,Not Applicable,Not Applicable,Not Applicable,United States,Sediment release,Not Applicable,Not Applicable
E01096,L0230,east-fork-river,East Fork River,Measured total sediment loads (suspended loads and bedloads) for 93 United States streams,1989,"Williams, GP, Rosgen, DL",https://pubs.usgs.gov/of/1989/0067/report.pdf,Government Report,Reporting,"Water Quality,Sediment,Hydraulics",Frequency Analysis,Not Applicable,"Suspended,Bedload","Suspended,Erosion",Not Applicable,Not Applicable,Not Applicable,Not Applicable,Not Applicable,Not Applicable,United States,Sediment release,Not Applicable,Not Applicable
E01097,L0230,yampa-river,Yampa River,Measured total sediment loads (suspended loads and bedloads) for 93 United States streams,1989,"Williams, GP, Rosgen, DL",https://pubs.usgs.gov/of/1989/0067/report.pdf,Government Report,Reporting,"Water Quality,Sediment,Hydraulics",Frequency Analysis,Not Applicable,"Suspended,Bedload","Suspended,Erosion",Not Applicable,Not Applicable,Not Applicable,Not Applicable,Not Applicable,Not Applicable,United States,Sediment release,Not Applicable,Not Applicable
E01098,L0230,mcintyre-creek,McIntyre Creek,Measured total sediment loads (suspended loads and bedloads) for 93 United States streams,1989,"Williams, GP, Rosgen, DL",https://pubs.usgs.gov/of/1989/0067/report.pdf,Government Report,Reporting,"Water Quality,Sediment,Hydraulics",Frequency Analysis,Not Applicable,"Suspended,Bedload","Suspended,Erosion",Not Applicable,Not Applicable,Not Applicable,Not Applicable,Not Applicable,Not Applicable,United States,Sediment release,Not Applicable,Not Applicable
E01099,L0230,joe-wright-creek,Joe Wright Creek,Measured total sediment loads (suspended loads and bedloads) for 93 United States streams,1989,"Williams, GP, Rosgen, DL",https://pubs.usgs.gov/of/1989/0067/report.pdf,Government Report,Reporting,"Water Quality,Sediment,Hydraulics",Frequency Analysis,Not Applicable,"Suspended,Bedload","Suspended,Erosion",Not Applicable,Not Applicable,Not Applicable,Not Applicable,Not Applicable,Not Applicable,United States,Sediment release,Not Applicable,Not Applicable
E01100,L0230,cabin-creek,Cabin Creek,Measured total sediment loads (suspended loads and bedloads) for 93 United States streams,1989,"Williams, GP, Rosgen, DL",https://pubs.usgs.gov/of/1989/0067/report.pdf,Government Report,Reporting,"Water Quality,Sediment,Hydraulics",Frequency Analysis,Not Applicable,"Suspended,Bedload","Suspended,Erosion",Not Applicable,Not Applicable,Not Applicable,Not Applicable,Not Applicable,Not Applicable,United States,Sediment release,Not Applicable,Not Applicable
E01101,L0230,upper-elk-creek,Upper Elk Creek,Measured total sediment loads (suspended loads and bedloads) for 93 United States streams,1989,"Williams, GP, Rosgen, DL",https://pubs.usgs.gov/of/1989/0067/report.pdf,Government Report,Reporting,"Water Quality,Sediment,Hydraulics",Frequency Analysis,Not Applicable,"Suspended,Bedload","Suspended,Erosion",Not Applicable,Not Applicable,Not Applicable,Not Applicable,Not Applicable,Not Applicable,United States,Sediment release,Not Applicable,Not Applicable
E01102,L0230,,Upper Beaver Creek,Measured total sediment loads (suspended loads and bedloads) for 93 United States streams,1989,"Williams, GP, Rosgen, DL",https://pubs.usgs.gov/of/1989/0067/report.pdf,Government Report,Reporting,"Water Quality,Sediment,Hydraulics",Frequency Analysis,Not Applicable,"Suspended,Bedload","Suspended,Erosion",Not Applicable,Not Applicable,Not Applicable,Not Applicable,Not Applicable,Not Applicable,United States,Sediment release,Not Applicable,Not Applicable
E01103,L0230,upper-vasquez-creek,Upper Vasquez Creek,Measured total sediment loads (suspended loads and bedloads) for 93 United States streams,1989,"Williams, GP, Rosgen, DL",https://pubs.usgs.gov/of/1989/0067/report.pdf,Government Report,Reporting,"Water Quality,Sediment,Hydraulics",Frequency Analysis,Not Applicable,"Suspended,Bedload","Suspended,Erosion",Not Applicable,Not Applicable,Not Applicable,Not Applicable,Not Applicable,Not Applicable,United States,Sediment release,Not Applicable,Not Applicable
E01104,L0230,fraser-river-at-winter-park,Fraser River at Winter Park,Measured total sediment loads (suspended loads and bedloads) for 93 United States streams,1989,"Williams, GP, Rosgen, DL",https://pubs.usgs.gov/of/1989/0067/report.pdf,Government Report,Reporting,"Water Quality,Sediment,Hydraulics",Frequency Analysis,Not Applicable,"Suspended,Bedload","Suspended,Erosion",Not Applicable,Not Applicable,Not Applicable,Not Applicable,Not Applicable,Not Applicable,United States,Sediment release,Not Applicable,Not Applicable
E01105,L0230,fraser-river-upper,Fraser River (Upper),Measured total sediment loads (suspended loads and bedloads) for 93 United States streams,1989,"Williams, GP, Rosgen, DL",https://pubs.usgs.gov/of/1989/0067/report.pdf,Government Report,Reporting,"Water Quality,Sediment,Hydraulics",Frequency Analysis,Not Applicable,"Suspended,Bedload","Suspended,Erosion",Not Applicable,Not Applicable,Not Applicable,Not Applicable,Not Applicable,Not Applicable,United States,Sediment release,Not Applicable,Not Applicable
E01106,L0230,union-creek,Union Creek,Measured total sediment loads (suspended loads and bedloads) for 93 United States streams,1989,"Williams, GP, Rosgen, DL",https://pubs.usgs.gov/of/1989/0067/report.pdf,Government Report,Reporting,"Water Quality,Sediment,Hydraulics",Frequency Analysis,Not Applicable,"Suspended,Bedload","Suspended,Erosion",Not Applicable,Not Applicable,Not Applicable,Not Applicable,Not Applicable,Not Applicable,United States,Sediment release,Not Applicable,Not Applicable
E01107,L0230,fourmile-creek,Fourmile Creek,Measured total sediment loads (suspended loads and bedloads) for 93 United States streams,1989,"Williams, GP, Rosgen, DL",https://pubs.usgs.gov/of/1989/0067/report.pdf,Government Report,Reporting,"Water Quality,Sediment,Hydraulics",Frequency Analysis,Not Applicable,"Suspended,Bedload","Suspended,Erosion",Not Applicable,Not Applicable,Not Applicable,Not Applicable,Not Applicable,Not Applicable,United States,Sediment release,Not Applicable,Not Applicable
E01108,L0230,mad-creek,Mad Creek,Measured total sediment loads (suspended loads and bedloads) for 93 United States streams,1989,"Williams, GP, Rosgen, DL",https://pubs.usgs.gov/of/1989/0067/report.pdf,Government Report,Reporting,"Water Quality,Sediment,Hydraulics",Frequency Analysis,Not Applicable,"Suspended,Bedload","Suspended,Erosion",Not Applicable,Not Applicable,Not Applicable,Not Applicable,Not Applicable,Not Applicable,United States,Sediment release,Not Applicable,Not Applicable
E01109,L0230,middle-boulder-creek,Middle Boulder Creek,Measured total sediment loads (suspended loads and bedloads) for 93 United States streams,1989,"Williams, GP, Rosgen, DL",https://pubs.usgs.gov/of/1989/0067/report.pdf,Government Report,Reporting,"Water Quality,Sediment,Hydraulics",Frequency Analysis,Not Applicable,"Suspended,Bedload","Suspended,Erosion",Not Applicable,Not Applicable,Not Applicable,Not Applicable,Not Applicable,Not Applicable,United States,Sediment release,Not Applicable,Not Applicable
E01110,L0230,jefferson-creek,Jefferson Creek,Measured total sediment loads (suspended loads and bedloads) for 93 United States streams,1989,"Williams, GP, Rosgen, DL",https://pubs.usgs.gov/of/1989/0067/report.pdf,Government Report,Reporting,"Water Quality,Sediment,Hydraulics",Frequency Analysis,Not Applicable,"Suspended,Bedload","Suspended,Erosion",Not Applicable,Not Applicable,Not Applicable,Not Applicable,Not Applicable,Not Applicable,United States,Sediment release,Not Applicable,Not Applicable
E01111,L0230,craig-creek,Craig Creek,Measured total sediment loads (suspended loads and bedloads) for 93 United States streams,1989,"Williams, GP, Rosgen, DL",https://pubs.usgs.gov/of/1989/0067/report.pdf,Government Report,Reporting,"Water Quality,Sediment,Hydraulics",Frequency Analysis,Not Applicable,"Suspended,Bedload","Suspended,Erosion",Not Applicable,Not Applicable,Not Applicable,Not Applicable,Not Applicable,Not Applicable,United States,Sediment release,Not Applicable,Not Applicable
E01112,L0230,geneva-creek,Geneva Creek,Measured total sediment loads (suspended loads and bedloads) for 93 United States streams,1989,"Williams, GP, Rosgen, DL",https://pubs.usgs.gov/of/1989/0067/report.pdf,Government Report,Reporting,"Water Quality,Sediment,Hydraulics",Frequency Analysis,Not Applicable,"Suspended,Bedload","Suspended,Erosion",Not Applicable,Not Applicable,Not Applicable,Not Applicable,Not Applicable,Not Applicable,United States,Sediment release,Not Applicable,Not Applicable
E01113,L0230,north-fork-south-platte-river,North Fork South Platte River,Measured total sediment loads (suspended loads and bedloads) for 93 United States streams,1989,"Williams, GP, Rosgen, DL",https://pubs.usgs.gov/of/1989/0067/report.pdf,Government Report,Reporting,"Water Quality,Sediment,Hydraulics",Frequency Analysis,Not Applicable,"Suspended,Bedload","Suspended,Erosion",Not Applicable,Not Applicable,Not Applicable,Not Applicable,Not Applicable,Not Applicable,United States,Sediment release,Not Applicable,Not Applicable
E01114,L0230,buffalo-creek,Buffalo Creek,Measured total sediment loads (suspended loads and bedloads) for 93 United States streams,1989,"Williams, GP, Rosgen, DL",https://pubs.usgs.gov/of/1989/0067/report.pdf,Government Report,Reporting,"Water Quality,Sediment,Hydraulics",Frequency Analysis,Not Applicable,"Suspended,Bedload","Suspended,Erosion",Not Applicable,Not Applicable,Not Applicable,Not Applicable,Not Applicable,Not Applicable,United States,Sediment release,Not Applicable,Not Applicable
E01115,L0230,trail-creek,Trail Creek,Measured total sediment loads (suspended loads and bedloads) for 93 United States streams,1989,"Williams, GP, Rosgen, DL",https://pubs.usgs.gov/of/1989/0067/report.pdf,Government Report,Reporting,"Water Quality,Sediment,Hydraulics",Frequency Analysis,Not Applicable,"Suspended,Bedload","Suspended,Erosion",Not Applicable,Not Applicable,Not Applicable,Not Applicable,Not Applicable,Not Applicable,United States,Sediment release,Not Applicable,Not Applicable
E01116,L0230,horse-creek,Horse Creek,Measured total sediment loads (suspended loads and bedloads) for 93 United States streams,1989,"Williams, GP, Rosgen, DL",https://pubs.usgs.gov/of/1989/0067/report.pdf,Government Report,Reporting,"Water Quality,Sediment,Hydraulics",Frequency Analysis,Not Applicable,"Suspended,Bedload","Suspended,Erosion",Not Applicable,Not Applicable,Not Applicable,Not Applicable,Not Applicable,Not Applicable,United States,Sediment release,Not Applicable,Not Applicable
E01117,L0230,blue-river,Blue River,Measured total sediment loads (suspended loads and bedloads) for 93 United States streams,1989,"Williams, GP, Rosgen, DL",https://pubs.usgs.gov/of/1989/0067/report.pdf,Government Report,Reporting,"Water Quality,Sediment,Hydraulics",Frequency Analysis,Not Applicable,"Suspended,Bedload","Suspended,Erosion",Not Applicable,Not Applicable,Not Applicable,Not Applicable,Not Applicable,Not Applicable,United States,Sediment release,Not Applicable,Not Applicable
E01118,L0230,williams-fork,Williams Fork,Measured total sediment loads (suspended loads and bedloads) for 93 United States streams,1989,"Williams, GP, Rosgen, DL",https://pubs.usgs.gov/of/1989/0067/report.pdf,Government Report,Reporting,"Water Quality,Sediment,Hydraulics",Frequency Analysis,Not Applicable,"Suspended,Bedload","Suspended,Erosion",Not Applicable,Not Applicable,Not Applicable,Not Applicable,Not Applicable,Not Applicable,United States,Sediment release,Not Applicable,Not Applicable
E01119,L0230,kinney-creek,Kinney Creek,Measured total sediment loads (suspended loads and bedloads) for 93 United States streams,1989,"Williams, GP, Rosgen, DL",https://pubs.usgs.gov/of/1989/0067/report.pdf,Government Report,Reporting,"Water Quality,Sediment,Hydraulics",Frequency Analysis,Not Applicable,"Suspended,Bedload","Suspended,Erosion",Not Applicable,Not Applicable,Not Applicable,Not Applicable,Not Applicable,Not Applicable,United States,Sediment release,Not Applicable,Not Applicable
E01120,L0230,san-juan-river,San Juan River,Measured total sediment loads (suspended loads and bedloads) for 93 United States streams,1989,"Williams, GP, Rosgen, DL",https://pubs.usgs.gov/of/1989/0067/report.pdf,Government Report,Reporting,"Water Quality,Sediment,Hydraulics",Frequency Analysis,Not Applicable,"Suspended,Bedload","Suspended,Erosion",Not Applicable,Not Applicable,Not Applicable,Not Applicable,Not Applicable,Not Applicable,United States,Sediment release,Not Applicable,Not Applicable
E01121,L0230,rich-creek,Rich Creek,Measured total sediment loads (suspended loads and bedloads) for 93 United States streams,1989,"Williams, GP, Rosgen, DL",https://pubs.usgs.gov/of/1989/0067/report.pdf,Government Report,Reporting,"Water Quality,Sediment,Hydraulics",Frequency Analysis,Not Applicable,"Suspended,Bedload","Suspended,Erosion",Not Applicable,Not Applicable,Not Applicable,Not Applicable,Not Applicable,Not Applicable,United States,Sediment release,Not Applicable,Not Applicable
E01122,L0230,trout-creek,Trout Creek,Measured total sediment loads (suspended loads and bedloads) for 93 United States streams,1989,"Williams, GP, Rosgen, DL",https://pubs.usgs.gov/of/1989/0067/report.pdf,Government Report,Reporting,"Water Quality,Sediment,Hydraulics",Frequency Analysis,Not Applicable,"Suspended,Bedload","Suspended,Erosion",Not Applicable,Not Applicable,Not Applicable,Not Applicable,Not Applicable,Not Applicable,United States,Sediment release,Not Applicable,Not Applicable
E01123,L0230,red-creek,Red Creek,Measured total sediment loads (suspended loads and bedloads) for 93 United States streams,1989,"Williams, GP, Rosgen, DL",https://pubs.usgs.gov/of/1989/0067/report.pdf,Government Report,Reporting,"Water Quality,Sediment,Hydraulics",Frequency Analysis,Not Applicable,"Suspended,Bedload","Suspended,Erosion",Not Applicable,Not Applicable,Not Applicable,Not Applicable,Not Applicable,Not Applicable,United States,Sediment release,Not Applicable,Not Applicable
E01124,L0230,sheep-creek,Sheep Creek,Measured total sediment loads (suspended loads and bedloads) for 93 United States streams,1989,"Williams, GP, Rosgen, DL",https://pubs.usgs.gov/of/1989/0067/report.pdf,Government Report,Reporting,"Water Quality,Sediment,Hydraulics",Frequency Analysis,Not Applicable,"Suspended,Bedload","Suspended,Erosion",Not Applicable,Not Applicable,Not Applicable,Not Applicable,Not Applicable,Not Applicable,United States,Sediment release,Not Applicable,Not Applicable
E01125,L0230,embargo-creek,Embargo Creek,Measured total sediment loads (suspended loads and bedloads) for 93 United States streams,1989,"Williams, GP, Rosgen, DL",https://pubs.usgs.gov/of/1989/0067/report.pdf,Government Report,Reporting,"Water Quality,Sediment,Hydraulics",Frequency Analysis,Not Applicable,"Suspended,Bedload","Suspended,Erosion",Not Applicable,Not Applicable,Not Applicable,Not Applicable,Not Applicable,Not Applicable,United States,Sediment release,Not Applicable,Not Applicable
E01126,L0230,pinos-creek,Pinos Creek,Measured total sediment loads (suspended loads and bedloads) for 93 United States streams,1989,"Williams, GP, Rosgen, DL",https://pubs.usgs.gov/of/1989/0067/report.pdf,Government Report,Reporting,"Water Quality,Sediment,Hydraulics",Frequency Analysis,Not Applicable,"Suspended,Bedload","Suspended,Erosion",Not Applicable,Not Applicable,Not Applicable,Not Applicable,Not Applicable,Not Applicable,United States,Sediment release,Not Applicable,Not Applicable
E01127,L0230,cross-creek,Cross Creek,Measured total sediment loads (suspended loads and bedloads) for 93 United States streams,1989,"Williams, GP, Rosgen, DL",https://pubs.usgs.gov/of/1989/0067/report.pdf,Government Report,Reporting,"Water Quality,Sediment,Hydraulics",Frequency Analysis,Not Applicable,"Suspended,Bedload","Suspended,Erosion",Not Applicable,Not Applicable,Not Applicable,Not Applicable,Not Applicable,Not Applicable,United States,Sediment release,Not Applicable,Not Applicable
E01128,L0230,la-garita-creek,La Garita Creek,Measured total sediment loads (suspended loads and bedloads) for 93 United States streams,1989,"Williams, GP, Rosgen, DL",https://pubs.usgs.gov/of/1989/0067/report.pdf,Government Report,Reporting,"Water Quality,Sediment,Hydraulics",Frequency Analysis,Not Applicable,"Suspended,Bedload","Suspended,Erosion",Not Applicable,Not Applicable,Not Applicable,Not Applicable,Not Applicable,Not Applicable,United States,Sediment release,Not Applicable,Not Applicable
E01129,L0230,rough-creek,Rough Creek,Measured total sediment loads (suspended loads and bedloads) for 93 United States streams,1989,"Williams, GP, Rosgen, DL",https://pubs.usgs.gov/of/1989/0067/report.pdf,Government Report,Reporting,"Water Quality,Sediment,Hydraulics",Frequency Analysis,Not Applicable,"Suspended,Bedload","Suspended,Erosion",Not Applicable,Not Applicable,Not Applicable,Not Applicable,Not Applicable,Not Applicable,United States,Sediment release,Not Applicable,Not Applicable
E01130,L0230,grouse-creek,Grouse Creek,Measured total sediment loads (suspended loads and bedloads) for 93 United States streams,1989,"Williams, GP, Rosgen, DL",https://pubs.usgs.gov/of/1989/0067/report.pdf,Government Report,Reporting,"Water Quality,Sediment,Hydraulics",Frequency Analysis,Not Applicable,"Suspended,Bedload","Suspended,Erosion",Not Applicable,Not Applicable,Not Applicable,Not Applicable,Not Applicable,Not Applicable,United States,Sediment release,Not Applicable,Not Applicable
E01131,L0230,wapsipinicon-river,Wapsipinicon River,Measured total sediment loads (suspended loads and bedloads) for 93 United States streams,1989,"Williams, GP, Rosgen, DL",https://pubs.usgs.gov/of/1989/0067/report.pdf,Government Report,Reporting,"Water Quality,Sediment,Hydraulics",Frequency Analysis,Not Applicable,"Suspended,Bedload","Suspended,Erosion",Not Applicable,Not Applicable,Not Applicable,Not Applicable,Not Applicable,Not Applicable,United States,Sediment release,Not Applicable,Not Applicable
E01132,L0230,iowa-river,Iowa River,Measured total sediment loads (suspended loads and bedloads) for 93 United States streams,1989,"Williams, GP, Rosgen, DL",https://pubs.usgs.gov/of/1989/0067/report.pdf,Government Report,Reporting,"Water Quality,Sediment,Hydraulics",Frequency Analysis,Not Applicable,"Suspended,Bedload","Suspended,Erosion",Not Applicable,Not Applicable,Not Applicable,Not Applicable,Not Applicable,Not Applicable,United States,Sediment release,Not Applicable,Not Applicable
E01133,L0230,wisconsin-river,Wisconsin River,Measured total sediment loads (suspended loads and bedloads) for 93 United States streams,1989,"Williams, GP, Rosgen, DL",https://pubs.usgs.gov/of/1989/0067/report.pdf,Government Report,Reporting,"Water Quality,Sediment,Hydraulics",Frequency Analysis,Not Applicable,"Suspended,Bedload","Suspended,Erosion",Not Applicable,Not Applicable,Not Applicable,Not Applicable,Not Applicable,Not Applicable,United States,Sediment release,Not Applicable,Not Applicable
E01134,L0230,black-river,Black River,Measured total sediment loads (suspended loads and bedloads) for 93 United States streams,1989,"Williams, GP, Rosgen, DL",https://pubs.usgs.gov/of/1989/0067/report.pdf,Government Report,Reporting,"Water Quality,Sediment,Hydraulics",Frequency Analysis,Not Applicable,"Suspended,Bedload","Suspended,Erosion",Not Applicable,Not Applicable,Not Applicable,Not Applicable,Not Applicable,Not Applicable,United States,Sediment release,Not Applicable,Not Applicable
E01135,L0230,chippewa-river,Chippewa River,Measured total sediment loads (suspended loads and bedloads) for 93 United States streams,1989,"Williams, GP, Rosgen, DL",https://pubs.usgs.gov/of/1989/0067/report.pdf,Government Report,Reporting,"Water Quality,Sediment,Hydraulics",Frequency Analysis,Not Applicable,"Suspended,Bedload","Suspended,Erosion",Not Applicable,Not Applicable,Not Applicable,Not Applicable,Not Applicable,Not Applicable,United States,Sediment release,Not Applicable,Not Applicable
E01136,L0231,rio-fernando-del-taos,Rio Fernando del Taos,Bankfull discharge of rivers,1978,"Williams, GP",https://doi.org/10.1029/WR014i006p01141,Journal Article,"Reporting,Analysis",Hydraulics,"Hydraulic Equations,Frequency Analysis,Regression",Flood risk,Not Applicable,Not Applicable,Not Applicable,Not Applicable,Not Applicable,Not Applicable,Flood,Not Applicable,United States,Not Applicable,Not Applicable,Not Applicable
E01137,L0231,tonto-creek,Tonto Creek,Bankfull discharge of rivers,1978,"Williams, GP",https://doi.org/10.1029/WR014i006p01141,Journal Article,"Reporting,Analysis",Hydraulics,"Hydraulic Equations,Frequency Analysis,Regression",Flood risk,Not Applicable,Not Applicable,Not Applicable,Not Applicable,Not Applicable,Not Applicable,Flood,Not Applicable,United States,Not Applicable,Not Applicable,Not Applicable
E01138,L0231,nestucca-river,Nestucca River,Bankfull discharge of rivers,1978,"Williams, GP",https://doi.org/10.1029/WR014i006p01141,Journal Article,"Reporting,Analysis",Hydraulics,"Hydraulic Equations,Frequency Analysis,Regression",Flood risk,Not Applicable,Not Applicable,Not Applicable,Not Applicable,Not Applicable,Not Applicable,Flood,Not Applicable,United States,Not Applicable,Not Applicable,Not Applicable
E01139,L0231,willamina-creek,Willamina Creek,Bankfull discharge of rivers,1978,"Williams, GP",https://doi.org/10.1029/WR014i006p01141,Journal Article,"Reporting,Analysis",Hydraulics,"Hydraulic Equations,Frequency Analysis,Regression",Flood risk,Not Applicable,Not Applicable,Not Applicable,Not Applicable,Not Applicable,Not Applicable,Flood,Not Applicable,United States,Not Applicable,Not Applicable,Not Applicable
E01140,L0231,luckiamute-river,Luckiamute River,Bankfull discharge of rivers,1978,"Williams, GP",https://doi.org/10.1029/WR014i006p01141,Journal Article,"Reporting,Analysis",Hydraulics,"Hydraulic Equations,Frequency Analysis,Regression",Flood risk,Not Applicable,Not Applicable,Not Applicable,Not Applicable,Not Applicable,Not Applicable,Flood,Not Applicable,United States,Not Applicable,Not Applicable,Not Applicable
E01141,L0231,thomas-creek,Thomas Creek,Bankfull discharge of rivers,1978,"Williams, GP",https://doi.org/10.1029/WR014i006p01141,Journal Article,"Reporting,Analysis",Hydraulics,"Hydraulic Equations,Frequency Analysis,Regression",Flood risk,Not Applicable,Not Applicable,Not Applicable,Not Applicable,Not Applicable,Not Applicable,Flood,Not Applicable,United States,Not Applicable,Not Applicable,Not Applicable
E01142,L0231,fall-creek,Fall Creek,Bankfull discharge of rivers,1978,"Williams, GP",https://doi.org/10.1029/WR014i006p01141,Journal Article,"Reporting,Analysis",Hydraulics,"Hydraulic Equations,Frequency Analysis,Regression",Flood risk,Not Applicable,Not Applicable,Not Applicable,Not Applicable,Not Applicable,Not Applicable,Flood,Not Applicable,United States,Not Applicable,Not Applicable,Not Applicable
E01143,L0231,winberry-creek,Winberry Creek,Bankfull discharge of rivers,1978,"Williams, GP",https://doi.org/10.1029/WR014i006p01141,Journal Article,"Reporting,Analysis",Hydraulics,"Hydraulic Equations,Frequency Analysis,Regression",Flood risk,Not Applicable,Not Applicable,Not Applicable,Not Applicable,Not Applicable,Not Applicable,Flood,Not Applicable,United States,Not Applicable,Not Applicable,Not Applicable
E01144,L0231,coast-fork-coast-fork-willamette-river,Coast Fork (Coast Fork Willamette River),Bankfull discharge of rivers,1978,"Williams, GP",https://doi.org/10.1029/WR014i006p01141,Journal Article,"Reporting,Analysis",Hydraulics,"Hydraulic Equations,Frequency Analysis,Regression",Flood risk,Not Applicable,Not Applicable,Not Applicable,Not Applicable,Not Applicable,Not Applicable,Flood,Not Applicable,United States,Not Applicable,Not Applicable,Not Applicable
E01145,L0231,row-river,Row River,Bankfull discharge of rivers,1978,"Williams, GP",https://doi.org/10.1029/WR014i006p01141,Journal Article,"Reporting,Analysis",Hydraulics,"Hydraulic Equations,Frequency Analysis,Regression",Flood risk,Not Applicable,Not Applicable,Not Applicable,Not Applicable,Not Applicable,Not Applicable,Flood,Not Applicable,United States,Not Applicable,Not Applicable,Not Applicable
E01146,L0231,sweetwater-river,Sweetwater River,Bankfull discharge of rivers,1978,"Williams, GP",https://doi.org/10.1029/WR014i006p01141,Journal Article,"Reporting,Analysis",Hydraulics,"Hydraulic Equations,Frequency Analysis,Regression",Flood risk,Not Applicable,Not Applicable,Not Applicable,Not Applicable,Not Applicable,Not Applicable,Flood,Not Applicable,United States,Not Applicable,Not Applicable,Not Applicable
E01147,L0231,blacks-fork,Blacks Fork,Bankfull discharge of rivers,1978,"Williams, GP",https://doi.org/10.1029/WR014i006p01141,Journal Article,"Reporting,Analysis",Hydraulics,"Hydraulic Equations,Frequency Analysis,Regression",Flood risk,Not Applicable,Not Applicable,Not Applicable,Not Applicable,Not Applicable,Not Applicable,Flood,Not Applicable,United States,Not Applicable,Not Applicable,Not Applicable
E01148,L0231,huntington-creek,Huntington Creek,Bankfull discharge of rivers,1978,"Williams, GP",https://doi.org/10.1029/WR014i006p01141,Journal Article,"Reporting,Analysis",Hydraulics,"Hydraulic Equations,Frequency Analysis,Regression",Flood risk,Not Applicable,Not Applicable,Not Applicable,Not Applicable,Not Applicable,Not Applicable,Flood,Not Applicable,United States,Not Applicable,Not Applicable,Not Applicable
E01149,L0231,ipswich-river,Ipswich River,Bankfull discharge of rivers,1978,"Williams, GP",https://doi.org/10.1029/WR014i006p01141,Journal Article,"Reporting,Analysis",Hydraulics,"Hydraulic Equations,Frequency Analysis,Regression",Flood risk,Not Applicable,Not Applicable,Not Applicable,Not Applicable,Not Applicable,Not Applicable,Flood,Not Applicable,United States,Not Applicable,Not Applicable,Not Applicable
E01150,L0231,taunton-river,Taunton River,Bankfull discharge of rivers,1978,"Williams, GP",https://doi.org/10.1029/WR014i006p01141,Journal Article,"Reporting,Analysis",Hydraulics,"Hydraulic Equations,Frequency Analysis,Regression",Flood risk,Not Applicable,Not Applicable,Not Applicable,Not Applicable,Not Applicable,Not Applicable,Flood,Not Applicable,United States,Not Applicable,Not Applicable,Not Applicable
E01151,L0231,cocolamus-creek,Cocolamus Creek,Bankfull discharge of rivers,1978,"Williams, GP",https://doi.org/10.1029/WR014i006p01141,Journal Article,"Reporting,Analysis",Hydraulics,"Hydraulic Equations,Frequency Analysis,Regression",Flood risk,Not Applicable,Not Applicable,Not Applicable,Not Applicable,Not Applicable,Not Applicable,Flood,Not Applicable,United States,Not Applicable,Not Applicable,Not Applicable
E01152,L0231,towanda-creek,Towanda Creek,Bankfull discharge of rivers,1978,"Williams, GP",https://doi.org/10.1029/WR014i006p01141,Journal Article,"Reporting,Analysis",Hydraulics,"Hydraulic Equations,Frequency Analysis,Regression",Flood risk,Not Applicable,Not Applicable,Not Applicable,Not Applicable,Not Applicable,Not Applicable,Flood,Not Applicable,United States,Not Applicable,Not Applicable,Not Applicable
E01153,L0231,pymatuning-creek,Pymatuning Creek,Bankfull discharge of rivers,1978,"Williams, GP",https://doi.org/10.1029/WR014i006p01141,Journal Article,"Reporting,Analysis",Hydraulics,"Hydraulic Equations,Frequency Analysis,Regression",Flood risk,Not Applicable,Not Applicable,Not Applicable,Not Applicable,Not Applicable,Not Applicable,Flood,Not Applicable,United States,Not Applicable,Not Applicable,Not Applicable
E01154,L0231,tygart-valley-river,Tygart Valley River,Bankfull discharge of rivers,1978,"Williams, GP",https://doi.org/10.1029/WR014i006p01141,Journal Article,"Reporting,Analysis",Hydraulics,"Hydraulic Equations,Frequency Analysis,Regression",Flood risk,Not Applicable,Not Applicable,Not Applicable,Not Applicable,Not Applicable,Not Applicable,Flood,Not Applicable,United States,Not Applicable,Not Applicable,Not Applicable
E01155,L0231,patterson-creek,Patterson Creek,Bankfull discharge of rivers,1978,"Williams, GP",https://doi.org/10.1029/WR014i006p01141,Journal Article,"Reporting,Analysis",Hydraulics,"Hydraulic Equations,Frequency Analysis,Regression",Flood risk,Not Applicable,Not Applicable,Not Applicable,Not Applicable,Not Applicable,Not Applicable,Flood,Not Applicable,United States,Not Applicable,Not Applicable,Not Applicable
E01156,L0231,green-river,Green River,Bankfull discharge of rivers,1978,"Williams, GP",https://doi.org/10.1029/WR014i006p01141,Journal Article,"Reporting,Analysis",Hydraulics,"Hydraulic Equations,Frequency Analysis,Regression",Flood risk,Not Applicable,Not Applicable,Not Applicable,Not Applicable,Not Applicable,Not Applicable,Flood,Not Applicable,United States,Not Applicable,Not Applicable,Not Applicable
E01157,L0231,licking-river,Licking River,Bankfull discharge of rivers,1978,"Williams, GP",https://doi.org/10.1029/WR014i006p01141,Journal Article,"Reporting,Analysis",Hydraulics,"Hydraulic Equations,Frequency Analysis,Regression",Flood risk,Not Applicable,Not Applicable,Not Applicable,Not Applicable,Not Applicable,Not Applicable,Flood,Not Applicable,United States,Not Applicable,Not Applicable,Not Applicable
E01158,L0231,south-chickamauga-creek,South Chickamauga Creek,Bankfull discharge of rivers,1978,"Williams, GP",https://doi.org/10.1029/WR014i006p01141,Journal Article,"Reporting,Analysis",Hydraulics,"Hydraulic Equations,Frequency Analysis,Regression",Flood risk,Not Applicable,Not Applicable,Not Applicable,Not Applicable,Not Applicable,Not Applicable,Flood,Not Applicable,United States,Not Applicable,Not Applicable,Not Applicable
E01159,L0231,platte-river,Platte River,Bankfull discharge of rivers,1978,"Williams, GP",https://doi.org/10.1029/WR014i006p01141,Journal Article,"Reporting,Analysis",Hydraulics,"Hydraulic Equations,Frequency Analysis,Regression",Flood risk,Not Applicable,Not Applicable,Not Applicable,Not Applicable,Not Applicable,Not Applicable,Flood,Not Applicable,United States,Not Applicable,Not Applicable,Not Applicable
E01160,L0231,rock-river,Rock River,Bankfull discharge of rivers,1978,"Williams, GP",https://doi.org/10.1029/WR014i006p01141,Journal Article,"Reporting,Analysis",Hydraulics,"Hydraulic Equations,Frequency Analysis,Regression",Flood risk,Not Applicable,Not Applicable,Not Applicable,Not Applicable,Not Applicable,Not Applicable,Flood,Not Applicable,United States,Not Applicable,Not Applicable,Not Applicable
E01161,L0231,heart-river,Heart River,Bankfull discharge of rivers,1978,"Williams, GP",https://doi.org/10.1029/WR014i006p01141,Journal Article,"Reporting,Analysis",Hydraulics,"Hydraulic Equations,Frequency Analysis,Regression",Flood risk,Not Applicable,Not Applicable,Not Applicable,Not Applicable,Not Applicable,Not Applicable,Flood,Not Applicable,United States,Not Applicable,Not Applicable,Not Applicable
E01162,L0238,red-willow-creek,Red Willow Creek,The shape of alluvial channels in relation to sediment type,1960,"Schumm, SA",https://pubs.usgs.gov/pp/0352b/report.pdf,Government Report,"Reporting,Analysis","Bathymetry,Sediment,Hydraulics",Regression,Not Applicable,"Bedload,silt,clay","Erosion,Suspended",Not Applicable,Not Applicable,Not Applicable,Not Applicable,Not Applicable,Not Applicable,"Kansas,Colorado,Nebraska,New Mexico,South Dakota,Wyoming,MontaNot Applicable","Sediment release,Deposition control",Not Applicable,Not Applicable
E01163,L0238,south-loup-river,South Loup River,The shape of alluvial channels in relation to sediment type,1960,"Schumm, SA",https://pubs.usgs.gov/pp/0352b/report.pdf,Government Report,"Reporting,Analysis","Bathymetry,Sediment,Hydraulics",Regression,Not Applicable,"Bedload,silt,clay","Erosion,Suspended",Not Applicable,Not Applicable,Not Applicable,Not Applicable,Not Applicable,Not Applicable,"Kansas,Colorado,Nebraska,New Mexico,South Dakota,Wyoming,MontaNot Applicable","Sediment release,Deposition control",Not Applicable,Not Applicable
E01164,L0238,niobrara-river,Niobrara River,The shape of alluvial channels in relation to sediment type,1960,"Schumm, SA",https://pubs.usgs.gov/pp/0352b/report.pdf,Government Report,"Reporting,Analysis","Bathymetry,Sediment,Hydraulics",Regression,Not Applicable,"Bedload,silt,clay","Erosion,Suspended",Not Applicable,Not Applicable,Not Applicable,Not Applicable,Not Applicable,Not Applicable,"Kansas,Colorado,Nebraska,New Mexico,South Dakota,Wyoming,MontaNot Applicable","Sediment release,Deposition control",Not Applicable,Not Applicable
E01165,L0238,white-river,White River,The shape of alluvial channels in relation to sediment type,1960,"Schumm, SA",https://pubs.usgs.gov/pp/0352b/report.pdf,Government Report,"Reporting,Analysis","Bathymetry,Sediment,Hydraulics",Regression,Not Applicable,"Bedload,silt,clay","Erosion,Suspended",Not Applicable,Not Applicable,Not Applicable,Not Applicable,Not Applicable,Not Applicable,"Kansas,Colorado,Nebraska,New Mexico,South Dakota,Wyoming,MontaNot Applicable","Sediment release,Deposition control",Not Applicable,Not Applicable
E01166,L0238,cheyenne-river,Cheyenne River,The shape of alluvial channels in relation to sediment type,1960,"Schumm, SA",https://pubs.usgs.gov/pp/0352b/report.pdf,Government Report,"Reporting,Analysis","Bathymetry,Sediment,Hydraulics",Regression,Not Applicable,"Bedload,silt,clay","Erosion,Suspended",Not Applicable,Not Applicable,Not Applicable,Not Applicable,Not Applicable,Not Applicable,"Kansas,Colorado,Nebraska,New Mexico,South Dakota,Wyoming,MontaNot Applicable","Sediment release,Deposition control",Not Applicable,Not Applicable
E01167,L0238,willow-creek,Willow Creek,The shape of alluvial channels in relation to sediment type,1960,"Schumm, SA",https://pubs.usgs.gov/pp/0352b/report.pdf,Government Report,"Reporting,Analysis","Bathymetry,Sediment,Hydraulics",Regression,Not Applicable,"Bedload,silt,clay","Erosion,Suspended",Not Applicable,Not Applicable,Not Applicable,Not Applicable,Not Applicable,Not Applicable,"Kansas,Colorado,Nebraska,New Mexico,South Dakota,Wyoming,MontaNot Applicable","Sediment release,Deposition control",Not Applicable,Not Applicable
E01168,L0238,smoky-hill-river,Smoky Hill River,The shape of alluvial channels in relation to sediment type,1960,"Schumm, SA",https://pubs.usgs.gov/pp/0352b/report.pdf,Government Report,"Reporting,Analysis","Bathymetry,Sediment,Hydraulics",Regression,Not Applicable,"Bedload,silt,clay","Erosion,Suspended",Not Applicable,Not Applicable,Not Applicable,Not Applicable,Not Applicable,Not Applicable,"Kansas,Colorado,Nebraska,New Mexico,South Dakota,Wyoming,MontaNot Applicable","Sediment release,Deposition control",Not Applicable,Not Applicable
E01169,L0238,kansas-river,Kansas River,The shape of alluvial channels in relation to sediment type,1960,"Schumm, SA",https://pubs.usgs.gov/pp/0352b/report.pdf,Government Report,"Reporting,Analysis","Bathymetry,Sediment,Hydraulics",Regression,Not Applicable,"Bedload,silt,clay","Erosion,Suspended",Not Applicable,Not Applicable,Not Applicable,Not Applicable,Not Applicable,Not Applicable,"Kansas,Colorado,Nebraska,New Mexico,South Dakota,Wyoming,MontaNot Applicable","Sediment release,Deposition control",Not Applicable,Not Applicable
E01170,L0238,arikaree-river,Arikaree River,The shape of alluvial channels in relation to sediment type,1960,"Schumm, SA",https://pubs.usgs.gov/pp/0352b/report.pdf,Government Report,"Reporting,Analysis","Bathymetry,Sediment,Hydraulics",Regression,Not Applicable,"Bedload,silt,clay","Erosion,Suspended",Not Applicable,Not Applicable,Not Applicable,Not Applicable,Not Applicable,Not Applicable,"Kansas,Colorado,Nebraska,New Mexico,South Dakota,Wyoming,MontaNot Applicable","Sediment release,Deposition control",Not Applicable,Not Applicable
E01171,L0238,republican-river,Republican River,The shape of alluvial channels in relation to sediment type,1960,"Schumm, SA",https://pubs.usgs.gov/pp/0352b/report.pdf,Government Report,"Reporting,Analysis","Bathymetry,Sediment,Hydraulics",Regression,Not Applicable,"Bedload,silt,clay","Erosion,Suspended",Not Applicable,Not Applicable,Not Applicable,Not Applicable,Not Applicable,Not Applicable,"Kansas,Colorado,Nebraska,New Mexico,South Dakota,Wyoming,MontaNot Applicable","Sediment release,Deposition control",Not Applicable,Not Applicable
E01172,L0238,south-fork-republican-river,South Fork Republican River,The shape of alluvial channels in relation to sediment type,1960,"Schumm, SA",https://pubs.usgs.gov/pp/0352b/report.pdf,Government Report,"Reporting,Analysis","Bathymetry,Sediment,Hydraulics",Regression,Not Applicable,"Bedload,silt,clay","Erosion,Suspended",Not Applicable,Not Applicable,Not Applicable,Not Applicable,Not Applicable,Not Applicable,"Kansas,Colorado,Nebraska,New Mexico,South Dakota,Wyoming,MontaNot Applicable","Sediment release,Deposition control",Not Applicable,Not Applicable
E01173,L0238,south-fork-powder-river,South Fork Powder River,The shape of alluvial channels in relation to sediment type,1960,"Schumm, SA",https://pubs.usgs.gov/pp/0352b/report.pdf,Government Report,"Reporting,Analysis","Bathymetry,Sediment,Hydraulics",Regression,Not Applicable,"Bedload,silt,clay","Erosion,Suspended",Not Applicable,Not Applicable,Not Applicable,Not Applicable,Not Applicable,Not Applicable,"Kansas,Colorado,Nebraska,New Mexico,South Dakota,Wyoming,MontaNot Applicable","Sediment release,Deposition control",Not Applicable,Not Applicable
E01174,L0238,middle-fork-powder-river,Middle Fork Powder River,The shape of alluvial channels in relation to sediment type,1960,"Schumm, SA",https://pubs.usgs.gov/pp/0352b/report.pdf,Government Report,"Reporting,Analysis","Bathymetry,Sediment,Hydraulics",Regression,Not Applicable,"Bedload,silt,clay","Erosion,Suspended",Not Applicable,Not Applicable,Not Applicable,Not Applicable,Not Applicable,Not Applicable,"Kansas,Colorado,Nebraska,New Mexico,South Dakota,Wyoming,MontaNot Applicable","Sediment release,Deposition control",Not Applicable,Not Applicable
E01175,L0238,powder-river,Powder River,The shape of alluvial channels in relation to sediment type,1960,"Schumm, SA",https://pubs.usgs.gov/pp/0352b/report.pdf,Government Report,"Reporting,Analysis","Bathymetry,Sediment,Hydraulics",Regression,Not Applicable,"Bedload,silt,clay","Erosion,Suspended",Not Applicable,Not Applicable,Not Applicable,Not Applicable,Not Applicable,Not Applicable,"Kansas,Colorado,Nebraska,New Mexico,South Dakota,Wyoming,MontaNot Applicable","Sediment release,Deposition control",Not Applicable,Not Applicable
E01176,L0238,crazy-woman-creek,Crazy Woman Creek,The shape of alluvial channels in relation to sediment type,1960,"Schumm, SA",https://pubs.usgs.gov/pp/0352b/report.pdf,Government Report,"Reporting,Analysis","Bathymetry,Sediment,Hydraulics",Regression,Not Applicable,"Bedload,silt,clay","Erosion,Suspended",Not Applicable,Not Applicable,Not Applicable,Not Applicable,Not Applicable,Not Applicable,"Kansas,Colorado,Nebraska,New Mexico,South Dakota,Wyoming,MontaNot Applicable","Sediment release,Deposition control",Not Applicable,Not Applicable
E01177,L0238,little-powder-river,Little Powder River,The shape of alluvial channels in relation to sediment type,1960,"Schumm, SA",https://pubs.usgs.gov/pp/0352b/report.pdf,Government Report,"Reporting,Analysis","Bathymetry,Sediment,Hydraulics",Regression,Not Applicable,"Bedload,silt,clay","Erosion,Suspended",Not Applicable,Not Applicable,Not Applicable,Not Applicable,Not Applicable,Not Applicable,"Kansas,Colorado,Nebraska,New Mexico,South Dakota,Wyoming,MontaNot Applicable","Sediment release,Deposition control",Not Applicable,Not Applicable
E01178,L0238,bighorn-river,Bighorn River,The shape of alluvial channels in relation to sediment type,1960,"Schumm, SA",https://pubs.usgs.gov/pp/0352b/report.pdf,Government Report,"Reporting,Analysis","Bathymetry,Sediment,Hydraulics",Regression,Not Applicable,"Bedload,silt,clay","Erosion,Suspended",Not Applicable,Not Applicable,Not Applicable,Not Applicable,Not Applicable,Not Applicable,"Kansas,Colorado,Nebraska,New Mexico,South Dakota,Wyoming,MontaNot Applicable","Sediment release,Deposition control",Not Applicable,Not Applicable
E01179,L0238,badwater-creek,Badwater Creek,The shape of alluvial channels in relation to sediment type,1960,"Schumm, SA",https://pubs.usgs.gov/pp/0352b/report.pdf,Government Report,"Reporting,Analysis","Bathymetry,Sediment,Hydraulics",Regression,Not Applicable,"Bedload,silt,clay","Erosion,Suspended",Not Applicable,Not Applicable,Not Applicable,Not Applicable,Not Applicable,Not Applicable,"Kansas,Colorado,Nebraska,New Mexico,South Dakota,Wyoming,MontaNot Applicable","Sediment release,Deposition control",Not Applicable,Not Applicable
E01180,L0238,owl-creek,Owl Creek,The shape of alluvial channels in relation to sediment type,1960,"Schumm, SA",https://pubs.usgs.gov/pp/0352b/report.pdf,Government Report,"Reporting,Analysis","Bathymetry,Sediment,Hydraulics",Regression,Not Applicable,"Bedload,silt,clay","Erosion,Suspended",Not Applicable,Not Applicable,Not Applicable,Not Applicable,Not Applicable,Not Applicable,"Kansas,Colorado,Nebraska,New Mexico,South Dakota,Wyoming,MontaNot Applicable","Sediment release,Deposition control",Not Applicable,Not Applicable
E01181,L0238,cottonwood-creek,Cottonwood Creek,The shape of alluvial channels in relation to sediment type,1960,"Schumm, SA",https://pubs.usgs.gov/pp/0352b/report.pdf,Government Report,"Reporting,Analysis","Bathymetry,Sediment,Hydraulics",Regression,Not Applicable,"Bedload,silt,clay","Erosion,Suspended",Not Applicable,Not Applicable,Not Applicable,Not Applicable,Not Applicable,Not Applicable,"Kansas,Colorado,Nebraska,New Mexico,South Dakota,Wyoming,MontaNot Applicable","Sediment release,Deposition control",Not Applicable,Not Applicable
E01182,L0238,gooseberry-creek,Gooseberry Creek,The shape of alluvial channels in relation to sediment type,1960,"Schumm, SA",https://pubs.usgs.gov/pp/0352b/report.pdf,Government Report,"Reporting,Analysis","Bathymetry,Sediment,Hydraulics",Regression,Not Applicable,"Bedload,silt,clay","Erosion,Suspended",Not Applicable,Not Applicable,Not Applicable,Not Applicable,Not Applicable,Not Applicable,"Kansas,Colorado,Nebraska,New Mexico,South Dakota,Wyoming,MontaNot Applicable","Sediment release,Deposition control",Not Applicable,Not Applicable
E01183,L0238,greybull-river,Greybull River,The shape of alluvial channels in relation to sediment type,1960,"Schumm, SA",https://pubs.usgs.gov/pp/0352b/report.pdf,Government Report,"Reporting,Analysis","Bathymetry,Sediment,Hydraulics",Regression,Not Applicable,"Bedload,silt,clay","Erosion,Suspended",Not Applicable,Not Applicable,Not Applicable,Not Applicable,Not Applicable,Not Applicable,"Kansas,Colorado,Nebraska,New Mexico,South Dakota,Wyoming,MontaNot Applicable","Sediment release,Deposition control",Not Applicable,Not Applicable
E01184,L0238,bates-creek,Bates Creek,The shape of alluvial channels in relation to sediment type,1960,"Schumm, SA",https://pubs.usgs.gov/pp/0352b/report.pdf,Government Report,"Reporting,Analysis","Bathymetry,Sediment,Hydraulics",Regression,Not Applicable,"Bedload,silt,clay","Erosion,Suspended",Not Applicable,Not Applicable,Not Applicable,Not Applicable,Not Applicable,Not Applicable,"Kansas,Colorado,Nebraska,New Mexico,South Dakota,Wyoming,MontaNot Applicable","Sediment release,Deposition control",Not Applicable,Not Applicable
E01185,L0238,red-fork-red-fork-powder-river,Red Fork (Red Fork Powder River),The shape of alluvial channels in relation to sediment type,1960,"Schumm, SA",https://pubs.usgs.gov/pp/0352b/report.pdf,Government Report,"Reporting,Analysis","Bathymetry,Sediment,Hydraulics",Regression,Not Applicable,"Bedload,silt,clay","Erosion,Suspended",Not Applicable,Not Applicable,Not Applicable,Not Applicable,Not Applicable,Not Applicable,"Kansas,Colorado,Nebraska,New Mexico,South Dakota,Wyoming,MontaNot Applicable","Sediment release,Deposition control",Not Applicable,Not Applicable
E01186,L0238,clear-creek,Clear Creek,The shape of alluvial channels in relation to sediment type,1960,"Schumm, SA",https://pubs.usgs.gov/pp/0352b/report.pdf,Government Report,"Reporting,Analysis","Bathymetry,Sediment,Hydraulics",Regression,Not Applicable,"Bedload,silt,clay","Erosion,Suspended",Not Applicable,Not Applicable,Not Applicable,Not Applicable,Not Applicable,Not Applicable,"Kansas,Colorado,Nebraska,New Mexico,South Dakota,Wyoming,MontaNot Applicable","Sediment release,Deposition control",Not Applicable,Not Applicable
E01187,L0238,tongue-river,Tongue River,The shape of alluvial channels in relation to sediment type,1960,"Schumm, SA",https://pubs.usgs.gov/pp/0352b/report.pdf,Government Report,"Reporting,Analysis","Bathymetry,Sediment,Hydraulics",Regression,Not Applicable,"Bedload,silt,clay","Erosion,Suspended",Not Applicable,Not Applicable,Not Applicable,Not Applicable,Not Applicable,Not Applicable,"Kansas,Colorado,Nebraska,New Mexico,South Dakota,Wyoming,MontaNot Applicable","Sediment release,Deposition control",Not Applicable,Not Applicable
E01188,L0238,little-bighorn-river,Little Bighorn River,The shape of alluvial channels in relation to sediment type,1960,"Schumm, SA",https://pubs.usgs.gov/pp/0352b/report.pdf,Government Report,"Reporting,Analysis","Bathymetry,Sediment,Hydraulics",Regression,Not Applicable,"Bedload,silt,clay","Erosion,Suspended",Not Applicable,Not Applicable,Not Applicable,Not Applicable,Not Applicable,Not Applicable,"Kansas,Colorado,Nebraska,New Mexico,South Dakota,Wyoming,MontaNot Applicable","Sediment release,Deposition control",Not Applicable,Not Applicable
E01189,L0238,popo-agie-river,Popo Agie River,The shape of alluvial channels in relation to sediment type,1960,"Schumm, SA",https://pubs.usgs.gov/pp/0352b/report.pdf,Government Report,"Reporting,Analysis","Bathymetry,Sediment,Hydraulics",Regression,Not Applicable,"Bedload,silt,clay","Erosion,Suspended",Not Applicable,Not Applicable,Not Applicable,Not Applicable,Not Applicable,Not Applicable,"Kansas,Colorado,Nebraska,New Mexico,South Dakota,Wyoming,MontaNot Applicable","Sediment release,Deposition control",Not Applicable,Not Applicable
E01190,L0238,little-popo-agie-river,Little Popo Agie River,The shape of alluvial channels in relation to sediment type,1960,"Schumm, SA",https://pubs.usgs.gov/pp/0352b/report.pdf,Government Report,"Reporting,Analysis","Bathymetry,Sediment,Hydraulics",Regression,Not Applicable,"Bedload,silt,clay","Erosion,Suspended",Not Applicable,Not Applicable,Not Applicable,Not Applicable,Not Applicable,Not Applicable,"Kansas,Colorado,Nebraska,New Mexico,South Dakota,Wyoming,MontaNot Applicable","Sediment release,Deposition control",Not Applicable,Not Applicable
E01191,L0238,horseshoe-creek,Horseshoe Creek,The shape of alluvial channels in relation to sediment type,1960,"Schumm, SA",https://pubs.usgs.gov/pp/0352b/report.pdf,Government Report,"Reporting,Analysis","Bathymetry,Sediment,Hydraulics",Regression,Not Applicable,"Bedload,silt,clay","Erosion,Suspended",Not Applicable,Not Applicable,Not Applicable,Not Applicable,Not Applicable,Not Applicable,"Kansas,Colorado,Nebraska,New Mexico,South Dakota,Wyoming,MontaNot Applicable","Sediment release,Deposition control",Not Applicable,Not Applicable
E01192,L0238,north-fork-powder-river,North Fork Powder River,The shape of alluvial channels in relation to sediment type,1960,"Schumm, SA",https://pubs.usgs.gov/pp/0352b/report.pdf,Government Report,"Reporting,Analysis","Bathymetry,Sediment,Hydraulics",Regression,Not Applicable,"Bedload,silt,clay","Erosion,Suspended",Not Applicable,Not Applicable,Not Applicable,Not Applicable,Not Applicable,Not Applicable,"Kansas,Colorado,Nebraska,New Mexico,South Dakota,Wyoming,MontaNot Applicable","Sediment release,Deposition control",Not Applicable,Not Applicable
E01193,L0238,white-river,White River,The shape of alluvial channels in relation to sediment type,1960,"Schumm, SA",https://pubs.usgs.gov/pp/0352b/report.pdf,Government Report,"Reporting,Analysis","Bathymetry,Sediment,Hydraulics",Regression,Not Applicable,"Bedload,silt,clay","Erosion,Suspended",Not Applicable,Not Applicable,Not Applicable,Not Applicable,Not Applicable,Not Applicable,"Kansas,Colorado,Nebraska,New Mexico,South Dakota,Wyoming,MontaNot Applicable","Sediment release,Deposition control",Not Applicable,Not Applicable
E01194,L0251,,,Hydraulic Design of Reservoir Outlet Works,1980,USACE,EM 1110-2-1602,USACE EM,Design,Not Applicable,Hydraulic Equations,Not Applicable,Not Applicable,Not Applicable,Not Applicable,Not Applicable,Not Applicable,Not Applicable,Not Applicable,Not Applicable,Not Applicable,Not Applicable,Not Applicable,
E01195,L0252,,,Ice Engineering,2006,USACE,EM 1110-2-1612,USACE EM,"Planning,Design,Construction,Operations,Maintenance",Not Applicable,"Hydraulic Modeling,Hydraulic Equations,Frequency Analysis",Flood risk,Not Applicable,Not Applicable,Not Applicable,Not Applicable,Not Applicable,Not Applicable,Not Applicable,Ice,Not Applicable,Not Applicable,Not Applicable,
E01196,L0253,,,Dredging and Dredged Material Management,2015,USACE,EM 1110-2-5025,USACE EM,"Planning,Operations,Maintenance,Analysis",Sediment,Laboratory Analysis,"Maintenance,Watershed planning",Not Applicable,Reservoir Pool,Not Applicable,Not Applicable,Yes,Not Applicable,Not Applicable,Not Applicable,Not Applicable,Beneficial use of dredged materials,"Forestry,Multi-use,Upland,Island,Wetlands,Beach",
E01197,L0254,,,"Reservoir Roadmap, Presented to the 2010 Kansas Legislature by the Kansas Water Authority, Volume I-III",2010,Kansas Water Authority,,Government Report,Planning,"Bathymetry,Water Quality,Sediment,Ecological,Storage,Rainfall,Water Usage","Groundwater Modeling,","Flood risk,Economics,Maintenance,Operations",Not Applicable,Not Applicable,Not Applicable,Not Applicable,Not Applicable,Yes,"Flood,drought",Not Applicable,Kansas,land management,Not Applicable,Not Applicable
E01198,L0255,,,"Design Manual, Debris Dams and Basins",1979,Los Angeles County Flood Control District,https://dpw.lacounty.gov/ldd/lib/fp/Storm%20Drain/LA%20County%20Flood%20Control%20Debris%20Dams%20and%20Basins%20Design%20Manual.pdf,Design Manual,"Design,Analysis",Sediment,Regression,"Maintenance,Watershed planning",Not Applicable,Debris,Not Applicable,Not Applicable,Not Applicable,Not Applicable,Adaptive MaNot Applicablegement,Not Applicable,Los Angeles,Not Applicable,Urban,
E01199,L0256,,,Sedimentation Manual,2006,Los Angeles County Department of Public Works,https://dpw.lacounty.gov/wrd/publication/engineering/2006 sedimentation manual/Sedimentation%20Manual-Second%20Edition.pdf,Design Manual,"Design,Analysis",Sediment,Hydraulic Equations,Watershed planning,Not Applicable,"Debris,Suspended",Not Applicable,Not Applicable,Not Applicable,Not Applicable,Not Applicable,Not Applicable,Los Angeles,Not Applicable,Urban,
E01200,L0257,,,Entrainment of Gravel from Naturally Sorted Riverbed Material,1983,"Andrews, ED",https://pubs.geoscienceworld.org/gsa/gsabulletin/article/94/10/1225/202820/Entrainment-of-gravel-from-naturally-sorted,Journal Article,Analysis,Not Applicable,"Hydraulic Equations,Sediment Transport Modeling,Regression",Not Applicable,"Gravel,Sand,Suspended",Erosion,Not Applicable,Not Applicable,Not Applicable,Not Applicable,Not Applicable,Not Applicable,"Colorado,NW",Not Applicable,Not Applicable,
E01201,L0258,,,Reservoir Sedimentation,1987,"Annandale, GW",https://www.elsevier.com/books/reservoir-sedimentation/annandale/978-0-444-42729-8,Book,"Planning,Design,Construction,Operations,Maintenance,Analysis",Not Applicable,"Hydraulic Equations,Hydraulic Modeling,Sediment Transport Modeling,Regression","Flood risk,Economics,Watershed Planning,Maintenance,Operations","Cohesive,Gravel,Sand,Suspended","Bank erosion,reservoir pool,Reservoir release,Suspended",Not Applicable,Not Applicable,Not Applicable,Not Applicable,"Flood,drought,Adaptive MaNot Applicablegement",Not Applicable,Not Applicable,"Sediment release,Flood diversion,Silt dams,Deposition control",Not Applicable,
E01202,L0259,,,Erodibility,1995,"Annandale, GW",https://doi.org/10.1080/00221689509498656,Journal Article,Analysis,"Sediment,Hydraulics","Hydraulic Equations,Sediment Transport Modeling,Regression",Not Applicable,"Cohesive,Gravel,Sand,Suspended,Rock","Headcut,Erosion,Emergency Spillway,Plunge Pool",Not Applicable,Not Applicable,Not Applicable,Not Applicable,Not Applicable,Not Applicable,"Kansas,Arkansas,Bartlett Dam, ArizoNot Applicable,South Africa",Not Applicable,Not Applicable,
E01203,L0260,,,"Rheologic, geomorphic, and sedimentologic differentiation of water floods, hyperconcentrated flows, and debris flows",1988,"Costa, JE",https://www.google.com/books/edition/Flood Geomorphology/gl7nwAEACAAJ?hl=en,Book,Analysis,"Water Quality,Sediment,Hydraulics",Hydraulic Equations,Not Applicable,Not Applicable,"Suspended,Debris,Erosion",Not Applicable,Not Applicable,Not Applicable,Not Applicable,Not Applicable,Debris flow,USA,Not Applicable,Not Applicable,
E01204,L0261,,,A Guide to the Proper Selection and Use of Federally Approved Sediment and Water-Quality Samplers,2005,"Davis, BE",https://pubs.usgs.gov/of/2005/1087/pdf/OFR 2005-1087.pdf,USGS Report,Analysis,Water Quality,Not Applicable,Not Applicable,Suspended,Suspended,Not Applicable,Not Applicable,Not Applicable,Not Applicable,Not Applicable,Not Applicable,Not Applicable,Not Applicable,Not Applicable,
E01205,L0262,,,Sediment Fingerprinting: Review of the Method and Future Improvements for Allocating Nonpoint Source Pollution,2009,"Davis, CM, Fox, JF",https://doi.org/10.1061/(ASCE)0733-9372(2009)135:7(490),Journal Article,Analysis,"Water Quality,Sediment",Not Applicable,Not Applicable,Suspended,"Suspended,Erosion",Not Applicable,Not Applicable,Not Applicable,Not Applicable,Not Applicable,Not Applicable,Not Applicable,Not Applicable,Not Applicable,
E01206,L0263,,,Impact of turbidity currents on reservoir sedimentation,2001,"De Cesare, G, Schleiss, A, Herman, F",https://doi.org/10.1061/(ASCE)0733-9429(2001)127:1(6),Journal Article,Analysis,"Water Quality,Sediment,Hydraulics","Hydraulic Equations,Hydraulic Modeling,Laboratory Analysis,Sediment Transport Modeling,Regression",Operations,Suspended,Suspended,Not Applicable,Not Applicable,Not Applicable,Not Applicable,Not Applicable,Not Applicable,Swiss Alps,"Sediment Release,Deposition Control",Not Applicable,
E01207,L0264,,,Sediment trap efficiency of small reservoirs,1974,"Dendy, FE",https://doi.org/10.13031/2013.36994,Journal Article,Design,"Bathymetry,Hydraulics",Regression,Watershed Planning,Not Applicable,Suspended,Not Applicable,Not Applicable,Not Applicable,Not Applicable,Not Applicable,Not Applicable,USA,Deposition control,Not Applicable,
E01208,L0265,,,Sediment yield-runoff-drainage area relationships in the United States,1976,"Dendy, FE, Bolton, GC",https://people.wou.edu/~taylors/andrews forest/refs/dendy bolton 1976.pdf,Journal Article,Analysis,"Bathymetry, Hydraulics","Hydraulic Equations,Regression",Watershed Planning,Suspended,"Suspended,Erosion",Not Applicable,Not Applicable,Not Applicable,Not Applicable,Not Applicable,Not Applicable,USA,"Land management,Depostion Control",Not Applicable,
E01209,L0266,,,The Bed-Load Function for Sediment Transportation in Open Channel Flows,1950,"Einstein, HA",https://ageconsearch.umn.edu/record/156389/files/tb1026.pdf,USDA Technical Bulletin,Analysis,Not Applicable,"Hydraulic Equations,Regression",Watershed Planning,"Cohesive,Gravel,Sand,Suspended","Suspended,Erosion",Not Applicable,Not Applicable,Not Applicable,Not Applicable,Not Applicable,Not Applicable,Mississippi,"Sediment Release,Land management,Deposition Control",Not Applicable,
E01210,L0267,,,"A physical, movable-bed model for non-uniform sediment transport, fluvial erosion and bank failure in rivers",2014,"El Kadi Abderrezzak, K, Moran, AD, Mosselman, E, Bouchard, J-P, Habersack, H, Aelbrecht, D",https://doi.org/10.1016/j.jher.2013.09.004,Journal Article,Analysis,Not Applicable,"Hydraulic Equations,Laboratory Analysis",Maintenance,"Cohesive,Gravel,Sand,Bedload","Bank erosion, Suspended",Not Applicable,Not Applicable,Not Applicable,Not Applicable,Not Applicable,Not Applicable,France,Sediment release,Not Applicable,
E01211,L0268,,,Influence of Stratification and Shoreline Erosion on Reservoir Sedimentation Patterns,2007,"Elçi, S, Work, PA, Hayter, EJ",https://doi.org/10.1061/(ASCE)0733-9429(2007)133:3(255),Journal Article,Analysis,"Bathymetry,Hydraulics","Hydraulic Modeling,Sediment Transport Modeling",Maintenance,"Cohesive,Suspended",Bank erosion,Not Applicable,Not Applicable,Not Applicable,Not Applicable,Not Applicable,Not Applicable,"Georgia,South CaroliNot Applicable","Sediment release,Deposition Control",Not Applicable,
E01212,L0269,,,A monograph on sediment transport in alluvial streams,1967,"Engelund, F, Hansen, E",https://repository.tudelft.nl/record/uuid:81101b08-04b5-4082-9121-861949c336c9,Book,Analysis,Not Applicable,"Hydraulic Equations,Regression",Not Applicable,"Cohesive,Gravel,Sand,Suspended","Suspended,Erosion",Not Applicable,Not Applicable,Not Applicable,Not Applicable,Not Applicable,Not Applicable,Not Applicable,Sediment release,Not Applicable,
E01213,L0270,,,Sediment Transport Under Ice,2004,"Ettema, R, Daly, SF",https://hdl.handle.net/11681/5380,ERDC TN,,Not Applicable,Not Applicable,Not Applicable,"Cohesive,Gravel,Sand,Suspended","Bank erosion,Erosion",Not Applicable,Not Applicable,Not Applicable,Not Applicable,Not Applicable,Ice,Cold Regions,Sediment release,Not Applicable,
E01214,L0271,,,Field evidence for rapid downstream fining of river gravels through selective transport,1996,"Ferguson, R, Hoey, T, Wathen, S, Werritty, A",https://doi.org/10.1130/0091-7613(1996)024%3C0179:FEFRDF%3E2.3.CO;2,Journal Article,Analysis,"Bathymetry,Sediment,Hydraulics","Hydraulic Modeling,Sediment Transport Modeling",Not Applicable,Gravel,"Suspended,Erosion",Not Applicable,Not Applicable,Not Applicable,Not Applicable,Not Applicable,Not Applicable,Scotland,Not Applicable,Not Applicable,
E01215,L0272,,,Impacts of Stabilization Measures,2001,"Fischenich, JC",https://hdl.handle.net/11681/3937,ERDC TN,"Planning,Design,Construction,Operations,Maintenance",Not Applicable,Not Applicable,"Watershed Planning,Maintenance,Operations","Cohesive,Gravel,Sand,Suspended",Bank erosion,Not Applicable,Not Applicable,Not Applicable,Not Applicable,Not Applicable,Not Applicable,Not Applicable,Sediment release,Not Applicable,
E01216,L0273,,,Environmental Considerations for Vegetation in Flood Control Channels,2001,"Fischenich, JC, Copeland, RR",https://hdl.handle.net/11681/8536,ERDC TN,"Design,Maintenance",Not Applicable,Not Applicable,"Flood risk,Watershed Planning,Maintenance,Operations",Not Applicable,Bank erosion,Yes,Yes,Yes,Not Applicable,Flood,Not Applicable,Not Applicable,Not Applicable,"Forestry,Upland,Wetland",
E01217,L0274,,,Evaluation of Flow-Resistance Equations for Vegetated Channels and Floodplains,1998,"Flippin-Dudley SJ, Abt SR, Bonham CD, Watson CC, Fischenich JC",https://hdl.handle.net/11681/7233,ERDC TN,"Design,Analysis","Bathymetry,Hydraulics",Hydraulic Equations,Not Applicable,Not Applicable,Not Applicable,Yes,Yes,Yes,Not Applicable,Not Applicable,Not Applicable,"Oklahoma, Mississippi,Alabama",Not Applicable,Forestry,
E01218,L0275,,,Flocculation and Settling Velocity Estimates for Reservoir Sedimentation Analysis,2016,"Floyd, IE, Smith, SJ, Scott, SH, Brown, GL",https://hdl.handle.net/11681/21569,ERDC TN,Design,Not Applicable,Hydraulic Equations,Not Applicable,Suspended,Suspended,Not Applicable,Not Applicable,Yes,Not Applicable,Not Applicable,Not Applicable,Not Applicable,Deposition control,Not Applicable,
E01219,L0276,,,"Guidelines for the design, adjustment and operation of models for the study of river sedimentation problems, Appendix C: Checklist for Model Design and Operation",1978,"Franco, JJ",https://hdl.handle.net/11681/2950,USACE EM,Design,Not Applicable,Sediment Transport Modeling,Not Applicable,Not Applicable,Suspended,Not Applicable,Not Applicable,Not Applicable,Not Applicable,Not Applicable,Not Applicable,Not Applicable,Deposition control,Not Applicable,
E01220,L0277,,,Downstream fining in sand-bed rivers,2010,"Frings RM, Ottevanger, W, Sloff, CJ",https://core.ac.uk/download/pdf/326241487.pdf,Conference Paper,Analysis,"Bathymetry, Sediment",Sediment Transport Modeling,Not Applicable,Sand,"Bank erosion,Erosion,Suspended",Not Applicable,Not Applicable,Not Applicable,Yes,Not Applicable,Not Applicable,The Netherlands,Deposition control,Lowland,
E01221,L0278,,,Hazard Zone Delineation for Urbanized Alluvial Fans,2004,"García, R, Rodríguez, JJ, O’Brien, JS",https://doi.org/10.1061/40737(2004)11,Conference Paper,Planning,"Bathymetry,Hydraulics","Hydraulic Modeling,Frequency Analysis",Flood Risk,Not Applicable,Debris,Not Applicable,Not Applicable,Not Applicable,Yes,Flood,Debris flow,"Venezuela,Latin America",Deposition control,Urban,
E01222,L0279,,,Designing Reservoir Sediment Management Alternatives with Automated Concentration Constraints in a 1D Sediment Model,2016,"Gibson, S, Boyd, P",https://doi.org/10.1201/9781315623207,Book,Operations,"Water Quality,Sediment,Hydraulics",Sediment Transport Modeling,Operations,"Cohesive,Sand",Reservoir release,Not Applicable,Not Applicable,Not Applicable,Not Applicable,Not Applicable,Not Applicable,"Nebraska,South Dakota","Sediment Release,Deposition Control",Not Applicable,
E01223,L0280,,,Flow Dependence of Suspended Sediment Gradations,2017,"Gibson, S.A., Cai, C.",https://doi.org/10. 1002/2016WR020135,Journal Article,Analysis,Sediment,Not Applicable,Not Applicable,Suspended,,Not Applicable,Not Applicable,Not Applicable,Not Applicable,Not Applicable,Not Applicable,,Not Applicable,Not Applicable,
E01224,L0281,,,"Flood disturbance, recovery, and inter-flood incision on a large sandbed river",2016,"Gibson, S., Nelson, A.",DOI:10.1201/9781315644479-210,Conference Paper,Analysis,Hydraulics,"Hydraulic Equations,Hydraulic Modeling,Sediment Transport Modeling",,"Suspended,Bedload","Suspended,Erosion",Not Applicable,Not Applicable,Not Applicable,Not Applicable,Not Applicable,Not Applicable,Not Applicable,Not Applicable,Not Applicable,
E01225,L0282,,,Incorporating sediment non-stationarity into ice-affected flood-risk projections,2020,"Gibson, S., Vuyovich, C., Weide, M.",https://doi.org/10.1002/rra.3714,Journal Article,Analysis,"Bathymetry,Sediment,Hydraulics","Hydraulic Equations,Sediment Transport Modeling,Regression",Not Applicable,Cohesive,Suspended,Not Applicable,Not Applicable,Not Applicable,Yes,"Flood,Structure failure",Ice,Michigan,Deposition control,Lowland,
E01226,L0283,,,Downstream Hydrologic and Geomorphic Effects of Large Dams on American Rivers,2006,"Graf, W.L.",doi: 10.1016/j.geomorph.2006.06.0,Journal Article,Analysis,"Bathymetry,Sediment,Hydraulics","Hydraulic Equations,Frequency Analysis,Regression","Flood risk,Economics,Watershed Planning,Operations","Gravel,Sand,Suspended,Rock,Bedload","Bank erosion,Erosion,Suspended,Reservoir Pool,Reservoir release",Yes,Yes,Yes,Not Applicable,Not Applicable,Not Applicable,,"Sediment Release,Deposition Control",Not Applicable,
E01227,L0284,,,Effects of bulk density on sediment erosion rates,1997,"Jepsen, RA, Roberts, JD, Lick, W",https://doi.org/10.1007/BF02406841,Journal Article,Analysis,Not Applicable,Laboratory Analysis,Not Applicable,"Cohesive,Silt,Clay",Erosion,Not Applicable,Not Applicable,Not Applicable,Not Applicable,Not Applicable,Not Applicable,"Michigan,Wisconsin,Southern California",Sediment release,Not Applicable,Not Applicable
E01228,L0285,,,Controlling spatial oscillations in bed level update schemes,2002,"Johnson, HK, Zyserman, JA",https://doi.org/10.1016/S0378-3839(02)00054-6,Journal Article,Analysis,"Bathymetry,Hydraulics","Hydraulic Modeling,Sediment Transport Modeling",Not Applicable,Sand,Erosion,Not Applicable,Not Applicable,Not Applicable,Yes,Not Applicable,Not Applicable,Coastal,Deposition control,Beach,Not Applicable
E01229,L0286,,,Influence of geometry shape factor on trapping and flushing efficiencies,2014,"Kantoush, SA, Schleiss, AJ",https://doi.org/10.1201/b17397,Book,"Design,Analysis","Sediment,Hydraulics",Laboratory Analysis,Not Applicable,Sand,"Reservoir release,Erosion",Not Applicable,Not Applicable,Not Applicable,Not Applicable,Not Applicable,Not Applicable,Not Applicable,Sediment release,Not Applicable,Not Applicable
E01230,L0287,,,"Mountain erosion over 10 yr, 10 k.y., and 10 m.y. time scales",2001,"Kirchner, JW, Finkel, RC, Riebe, C, Granger, DE, Clayton, JL, King, JG, Megahan, WF",https://doi.org/10.1130/0091-7613(2001)029%3C0591:MEOYKY%3E2.0.CO;2,Journal Article,"Planning,Analysis",Sediment,"Hydraulic Modeling,Frequency Analysis",Watershed planning,Suspended,"Suspended,Debris,Erosion",Not Applicable,Not Applicable,Not Applicable,Yes,Flood,Debris flow,Central Idaho,Deposition control,Forestry,"Mountain torrents,Alluvial fans"
E01231,L0288,,,A Classification System for Excavation in Natural Materials,1982,"Kirsten, HAD",https://hdl.handle.net/10520/AJA10212019 15379,Journal Article,Construction,Sediment,Regression,Maintenance,"Gravel,Sand,Rock,Silt,Clay",Reservoir,Not Applicable,Not Applicable,Not Applicable,Not Applicable,Not Applicable,Not Applicable,Not Applicable,Land management,Not Applicable,Not Applicable
E01232,L0289,,,Hungry Water: Effects of Dams and Gravel Mining on River Channels,1997,"Kondolf, GM",https://doi.org/10.1007/s002679900048,Journal Article,"Planning,Analysis",Bathymetry,Not Applicable,Watershed planning,"Gravel,Sand","Bank erosion,erosion",Not Applicable,Not Applicable,Not Applicable,Yes,Structure failure,Not Applicable,"California,Germany,France,Oregon","Sediment release,Deposition Control","Upland,Beach","Mountain torrents,Alluvial fans,Deltas"
E01233,L0290,,,Progradational sand-mud deltas in lakes and reservoirs. Part I: Theory and Numerical Model,2003,"Kostic, S, Parker, G",https://doi.org/10.1080/00221680309499956,Journal Article,Analysis,"Bathymetry,Sediment,Hydraulics","Hydraulic Modeling,Sediment Transport Modeling",Not Applicable,"Sand,Suspended,Silt,Clay","Suspended,Plunge Pool",Not Applicable,Not Applicable,Not Applicable,Not Applicable,Not Applicable,Not Applicable,Not Applicable,Deposition control,Not Applicable,Deltas
E01234,L0291,,,Progradational sand-mud deltas in lakes and reservoirs. Part 2: Experiment and Numerical Simulation,2003,"Kostic, S, Parker, G",https://doi.org/10.1080/00221680309499957,Journal Article,Analysis,"Bathymetry,Sediment,Hydraulics","Hydraulic Modeling,Laboratory Analysis,Sediment Transport Modeling",Not Applicable,"Sand,Suspended,Silt,Clay","Suspended,Plunge Pool",Not Applicable,Not Applicable,Not Applicable,Not Applicable,Not Applicable,Not Applicable,"Lake Mead,ArizoNot Applicable,Nevada",Deposition control,Not Applicable,Deltas
E01235,L0292,,,Size Frequency Distribution of Sediments,1934,"Krumbein, WC",https://doi.org/10.1306/D4268EB9-2B26-11D7-8648000102C1865D,Journal Article,"Analysis,Reporting",Sediment,"Laboratory Analysis,Frequency Analysis",Not Applicable,"Gravel,Sand,Silt,Clay",Not Applicable,Not Applicable,Not Applicable,Not Applicable,Not Applicable,Not Applicable,Not Applicable,Not Applicable,Not Applicable,Not Applicable,Not Applicable
E01236,L0293,,,"Density of Sediments Deposited in Reservoirs, Report No. 9 of A Study of Methods Used in Measurement and Analysis of Sediment Loads in Streams",1943,"Lane, EW, Koelzer, VA",https://water.usgs.gov/fisp/docs/Report 9.pdf,Government Report,"Design,Reporting",Sediment,Frequency Analysis,Not Applicable,"Cohesive,Sand,Silt,Clay",Reservoir pool,Not Applicable,Not Applicable,Not Applicable,Yes,Not Applicable,Not Applicable,"ArizoNot Applicable,California,Texas,Kansas",Deposition control,Not Applicable,Not Applicable
E01237,L0294,,,Yield of Sediment in Relation to Mean Annual Precipitation,1958,"Langbein, WB, Schumm, SA",https://doi.org/10.1029/TR039i006p01076,Journal Article,Analysis,"Water Quality,Sediment,Ecological,Hydraulics",Regression,Watershed planning,Suspended,"Suspended,Erosion",Yes,Not Applicable,Yes,Yes,Not Applicable,Not Applicable,"Washington,Oregon,California",Land management,Not Applicable,Not Applicable
E01238,L0295,,,The hydraulic geometry of stream channels and some physiographic implications,1953,"Leopold, LB, Maddock, T",https://doi.org/10.3133/pp252,Government Report,Analysis,"Water Quality,Hydraulics","Hydraulic Equations,Regression",Not Applicable,Suspended,Suspended,Not Applicable,Not Applicable,Not Applicable,Not Applicable,Not Applicable,Not Applicable,Not Applicable,Not Applicable,Not Applicable,Not Applicable
E01239,L0296,,,Particle size variations between bedload and bed material in natural gravel bed channels,1995,"Lisle, T",https://doi.org/10.1029/94WR02526,Journal Article,Analysis,"Bathymetry,Sediment,Hydraulics","Hydraulic Equations,Frequency Analysis,Regression",Not Applicable,"Gravel,Bedload",Erosion,Not Applicable,Not Applicable,Not Applicable,Not Applicable,Not Applicable,Not Applicable,"Alaska,England,Wyoming,Mississippi,California,New Zealand",Deposition control,Not Applicable,"Alluvial fans,Braided rivers,Meandering rivers"
E01240,L0297,,,A Survey of Reservoir Shoreline Erosion Problems at Bureau of Reclamation Reservoirs,1996,"Lyons, JK",https://erdclibrary.on.worldcat.org/oclc/35963735,Conference Paper,Reporting,Public Participation,Frequency Analysis,Not Applicable,Not Applicable,Bank erosion,Not Applicable,Not Applicable,Not Applicable,Not Applicable,Not Applicable,Not Applicable,Western USA,Not Applicable,Not Applicable,Not Applicable
E01241,L0298,,,Sediment in rivers of the United States,1985,"Meade, RH, Parker, RS",https://doi.org/10.3133/wsp2275,Government Report,Reporting,"Water Quality,Hydraulics",Frequency Analysis,Watershed planning,Suspended,Suspended,Not Applicable,Not Applicable,Not Applicable,Not Applicable,Not Applicable,Not Applicable,USA,Sediment release,Not Applicable,Not Applicable
E01242,L0299,,,SIAM for Evaluating Sediment Causes and Effects,2006,"Mooney, DM",https://pubs.usgs.gov/misc/FISC 1947-2006/pdf/1st-7thFISCs-CD/8thFISC/Session%206B-2 Mooney.pdf,Conference Paper,Analysis,"Water Quality,Sediment,Hydraulics","Hydraulic Equations,Regression",Watershed planning,"Suspended,Bedload","Suspended,Erosion",Not Applicable,Not Applicable,Not Applicable,Not Applicable,Not Applicable,Not Applicable,Mississippi,"Sediment release,Deposition Control",Not Applicable,Not Applicable
E01243,L0300,,,Flume Studies of the Transport of Sediment in Estuarial Shoaling Processes,1962,"Krone, RB",http://www.worldcat.org/oclc/8967084,,Analysis,"Bathymetry,Water Quality,Sediment,Hydraulics",Laboratory Analysis,Maintenance,"Cohesive,Suspended,Flocculation,Silt,Clay","Suspended,Erosion",Not Applicable,Not Applicable,Not Applicable,Not Applicable,Not Applicable,Not Applicable,San Francisco Bay,"Sediment release,Deposition Control",Not Applicable,Not Applicable
E01244,L0301,,,Determination of the Unit Weight of Sediment for Use in Sediment Volume Computations,1953,"Miller, CR",https://babel.hathitrust.org/cgi/pt?id=uiug.30112113044884&view=1up&seq=1,Government Report,Analysis,Not Applicable,Not Applicable,Not Applicable,"Cohesive,Sand,Silt,Clay",Reservoir pool,Not Applicable,Not Applicable,Not Applicable,Yes,Not Applicable,Not Applicable,Not Applicable,Deposition control,Not Applicable,Not Applicable
E01245,L0302,,,Headcut Advance Threshold in Earth Spillways,1994,"Moore, JS, Temple, DM, Kirsten, HAD",https://pubs.geoscienceworld.org/aeg/eeg/article/xxxi/2/263/137541/Technical-Notes,Journal Article,"Planning,Analysis","Sediment,Hydraulics","Hydraulic Equations,Regression",Operations,"Sand,Rock","Headcut,Emergency Spillway",Not Applicable,Not Applicable,Not Applicable,Not Applicable,Flood,Not Applicable,Not Applicable,Flood diversion,Not Applicable,Not Applicable
E01246,L0303,,,"Reservoir Sedimentation Handbook: Design and Management of Dams, Reservoirs and Watersheds for Sustainable Use",2010,"Morris, GL, Fan, J",https://reservoirsedimentation.com/Res Sedimentation Handbook 1.05.pdf,Book,"Design,Operations","Bathymetry,Water Quality,Sediment,Hydraulics","Hydraulic Equations,Sediment Transport Modeling,Regression","Watershed Planning,Maintenance,Operations","Cohesive,Gravel,Sand,Suspended,Rock,Bedload,Flocculation,Woody Particles,Silt,Clay","Bank erosion,Headcut,Reservoir pool,Reservoir release,Suspended,Debris,Erosion,Emergency Spillway,Plunge Pool",Yes,Yes,Yes,Yes,"Flood,drought","Debris flow,wildfire",Not Applicable,"Sediment release,dam removal,land management, beneficial use of dredged materials,Flood diversion,Silt dams,Deposition control","Urban,forestry,multi-use,Island,Wetlands",Not Applicable
E01247,L0304,,,Reservoir Sedimentation,2013,"Morris, GL, Annandale, G, Hotchkiss, R",https://doi.org/10.1061/9780784408148.ch12,Book,"Planning,Design,Operations,Maintenance","Bathymetry,Sediment,Hydraulics","Frequency Analysis,Regression","Watershed Planning,Maintenance,Operations","Gravel,Sand,Silt,Clay","Reservoir pool,Reservoir release",Not Applicable,Not Applicable,Not Applicable,Yes,Not Applicable,Not Applicable,Not Applicable,"Sediment release,dam removal,Deposition control",Not Applicable,Deltas
E01248,L0305,,,A Reexamination of the Beginning of Movement for Coarse Granular Bed Materials,1968,"Neill, CR",https://static.ags.aer.ca/files/document/OFR/OFR 1968 09.pdf,Government Report,Analysis,"Sediment,Hydraulics","Laboratory Analysis,Sediment Transport Modeling,Regression",Not Applicable,"Gravel,Bedload",Erosion,Not Applicable,Not Applicable,Not Applicable,Not Applicable,Not Applicable,Not Applicable,Not Applicable,Not Applicable,Not Applicable,Not Applicable
E01249,L0306,,,Economic considerations of a continental sediment-monitoring program,1998,"Osterkamp, WR, Heilman, P, Lane, LJ",https://www.tucson.ars.ag.gov/unit/Publications/PDFfiles/1010.pdf,Journal Article,"Planning,Reporting,Analysis","Water Quality,Sediment,Ecological,Hydraulics",Not Applicable,"Economics,Watershed planning",Suspended,"Suspended,Erosion",Not Applicable,Yes,Yes,Not Applicable,Not Applicable,Not Applicable,North America,land management,"Urban,Forestry,Multi-use,Lowland",Deltas
E01250,L0307,,,Causes and Mechanisms of Cohesive Soil Erosion: The State of the Art,1973,"Paaswell, RE",https://onlinepubs.trb.org/Onlinepubs/sr/sr135/sr135-006.pdf,Government Report,Analysis,"Sediment,Hydraulics","Laboratory Analysis,Sediment Transport Modeling",Not Applicable,"Cohesive,Clay",Erosion,Not Applicable,Not Applicable,Not Applicable,Not Applicable,Not Applicable,Not Applicable,Not Applicable,Sediment release,Not Applicable,Cohesive channels
E01251,L0308,,,Concept of Critical Shear Stress in Loose Boundary Open Channels,1971,"Paintal, AS",https://doi.org/10.1080/00221687109500339,Journal Article,Analysis,"Sediment,Hydraulics","Laboratory Analysis,Sediment Transport Modeling,Regression",Not Applicable,"Sand,Bedload",Erosion,Not Applicable,Not Applicable,Not Applicable,Not Applicable,Not Applicable,Not Applicable,Not Applicable,Sediment release,Not Applicable,Not Applicable
E01252,L0309,,,Downstream fining by selective deposition in a laboratory flume,1992,"Paola, C, Parker, G, Seal, R, Sinha, SK, Southard, JB, Wilcock, PR",https://doi.org/10.1126/science.258.5089.1757,Journal Article,Analysis,"Bathymetry,Sediment,Hydraulics",Laboratory Analysis,Not Applicable,"Gravel,Sand",Reservoir pool,Not Applicable,Not Applicable,Not Applicable,Not Applicable,Not Applicable,Not Applicable,Not Applicable,Deposition control,Not Applicable,Not Applicable
E01253,L0310,,,1D Sediment Transport Morphodynamics with Applications to Rivers and Turbidity Currents,2006,"Parker, G",http://hydrolab.illinois.edu/people/parkerg/morphodynamics e-book.htm,Book,"Planning,Analysis","Bathymetry,Water Quality,Sediment,Hydraulics","Hydraulic Equations,Sediment Transport Modeling",Watershed Planning,"Cohesive,Gravel,Sand,Suspended,Rock,Bedload,Flocculation,Woody Particles,Silt,Clay","Suspended,Erosion",Not Applicable,Not Applicable,Not Applicable,Yes,Not Applicable,Not Applicable,Not Applicable,"Land management,Deposition control",Not Applicable,"Alluvial fans,Deltas"
E01254,L0311,,,Erosion and deposition of cohesive soils,1965,"Partheniades, E",https://doi.org/10.1061/JYCEAJ.0001165,Journal Article,Analysis,"Water Quality,Sediment,Hydraulics","Sediment Transport Modeling,Regression",Not Applicable,"Cohesive,Sand,Flocculation,Silt,Clay","Suspended,Erosion",Not Applicable,Not Applicable,Not Applicable,Not Applicable,Not Applicable,Not Applicable,"San Francisco Bay, California","Sediment release,Deposition Control",Not Applicable,Not Applicable
E01255,L0312,,,Computing Degradation and Local Scour,1984,"Pemberton, EL, Lara, JM",https://www.usbr.gov/tsc/techreferences/reservoir/ComputingDegradtion01 1984.pdf,Government Report,"Design,Analysis","Sediment,Hydraulics","Hydraulic Equations,Sediment Transport Modeling,Regression",Flood risk,"Gravel,Sand,Bedload",Erosion,Not Applicable,Not Applicable,Not Applicable,Not Applicable,Flood,Not Applicable,"ArizoNot Applicable,Colorado",Sediment release,Not Applicable,"Modified streams,Underfit streams"
E01256,L0313,,,"Physical factors that influence muddy bed aggregate production, size, and durability",2020,"Perkey, DW, Fall, KA, Smith, SJ",https://dx.doi.org/10.21079/11681/38257,ERDC TN,Analysis,"Sediment,Hydraulics","Laboratory Analysis,Regression",Not Applicable,"Cohesive,Sand,Suspended,Bedload,Silt,Clay",Erosion,Not Applicable,Not Applicable,Not Applicable,Not Applicable,Not Applicable,Not Applicable,"North America,East of Rocky Mountains",Sediment release,Not Applicable,Deltas
E01257,L0314,,,"Impacts of Muddy Bed Aggregates on Sediment Transport and Management in the Tidal James River, VA",2020,"Perkey, DW, Smith, SJ, Fall, KA, Massey, GM, Friedrichs, CT, Hicks, EM",https://doi.org/10.1061/(ASCE)WW.1943-5460.0000578,Journal Article,Analysis,"Sediment,Hydraulics","Laboratory Analysis,Regression",Not Applicable,"Cohesive,Sand,Suspended,Bedload,Silt,Clay",Erosion,Not Applicable,Not Applicable,Not Applicable,Not Applicable,Not Applicable,Not Applicable,Virginia,Sediment release,Not Applicable,Deltas
E01258,L0315,,,Erosion thresholds and rates for sand-mud mixtures,2020,"Perkey, DW, Smith, SJ, Priestas, AM",https://dx.doi.org/10.21079/11681/37495,ERDC TN,Analysis,"Sediment,Hydraulics",Laboratory Analysis,Not Applicable,"Cohesive,Sand,Suspended,Silt,Clay",Erosion,Not Applicable,Not Applicable,Not Applicable,Not Applicable,Not Applicable,Not Applicable,Not Applicable,Sediment release,Not Applicable,Not Applicable
E01259,L0316,,,Design Considerations for Confining and Guiding Levees On Alluvial Fans,2008,"Philips, BM, Williams, DT",https://doi.org/10.1061/40976(316)203,Conference Paper,"Design,Operations",Not Applicable,Hydraulic Equations,"Flood risk,Operations",Not Applicable,Suspended,Not Applicable,Not Applicable,Not Applicable,Not Applicable,"Flood,drought",Not Applicable,Southwest USA,Flood diversion,Not Applicable,"Alluvial fans,Braided rivers,Arroyos"
E01260,L0317,,,Distinguishing between debris flows and floods from field evidence in small watersheds,2005,"Pierson, TC",https://web.archive.org/web/20190427044222id /https://pubs.usgs.gov/fs/2004/3142/pdf/fs2004-3142.pdf,Government Report,"Reporting,Analysis","Bathymetry,Water Quality,Sediment,Ecological,Hydraulics",Not Applicable,Flood risk,"Cohesive,Gravel,Sand,Suspended,Rock,Bedload,Flocculation,Woody Particles,Silt,Clay","Suspended,Debris,Erosion",Not Applicable,Yes,Not Applicable,Not Applicable,Flood,"Debris flow,Volcano",Not Applicable,"Land management,Deposition control",Forestry,Mountain torrents
E01261,L0318,,,A rheologic classification of subaerial sediment-water flows,1987,"Pierson, TC, Costa, JE",https://doi.org/10.1130/REG7-p1,Book,"Reporting,Analysis","Water Quality,Sediment,Hydraulics","Hydraulic Equations,Sediment Transport Modeling",Flood risk,Suspended,"Suspended,Debris",Not Applicable,Not Applicable,Not Applicable,Not Applicable,Flood,"Debris flow,Landslide",Not Applicable,Deposition control,Not Applicable,"Mountain torrents,Alluvial fans"
E01262,L0319,,,Environmental and economic costs of soil erosion and conservation benefits,1995,"Pimentel, D, Harvey, C, Resosudarmo, P, Sinclair, K, Kurz, D, McNair, M, Crist, S, Shpritz, L, Fitton, L, Saffouri, R, Blair, R",https://doi.org/10.1126/science.267.5201.1117,Journal Article,"Reporting,Analysis","Water Quality,Sediment",Not Applicable,"Economics,Watershed planning",Not Applicable,Erosion,Not Applicable,Not Applicable,Yes,Not Applicable,Not Applicable,Not Applicable,Not Applicable,Land management,Agriculture,Not Applicable
E01263,L0320,,,Erosion of Cohesive Soils,1984,"Raudkm, AJ, Tan, SK",https://doi.org/10.1080/00221688409499380,Journal Article,Analysis,"Water Quality,Sediment",Laboratory Analysis,Not Applicable,"Cohesive,Clay",Erosion,Not Applicable,Not Applicable,Not Applicable,Not Applicable,Not Applicable,Not Applicable,Not Applicable,Sediment release,Not Applicable,Not Applicable
E01264,L0321,,,Predicting soil erosion by water: A guide to conservation planning with the Revised Universal Soil Loss Equation (RUSLE),1997,"Renard, KG, Foster, GR, Weesies, GA, McCool, DK, Yoder, DC",https://www.researchgate.net/profile/Pablo-Alvarez-48/post/soil erosion/attachment/59d6460279197b80779a110f/AS%3A455706810818560%401485660378747/download/Renard 1997 +Predicting+soil+erosion+by+water a+guide+to+conservation+planing+with+RUSLE.pdf,Government Report,"Planning,Analysis","Bathymetry,Sediment,Hydraulics","Hydraulic Equations,Sediment Transport Modeling",Watershed planning,Not Applicable,Erosion,Yes,Yes,Yes,Yes,Not Applicable,Not Applicable,Midwest USA,Land management,Agriculture,Modified streams
E01265,L0322,,,SEDLIB Multiple Grain Sized Mixed Sediment Library: Technical Manual,2014,"Brown, G., C. Trahan, J.N. Tate, and G. Savant",https://erdc-library.erdc.dren.mil/jspui/bitstream/11681/39162/17/SEDLIB Manual-Version1.2.pdf,ERDC TN,"Planning,Analysis",Not Applicable,Sediment Transport Modeling,watershed planning,"Cohesive,Gravel,Sand,Suspended",Not Applicable,Not Applicable,Not Applicable,Not Applicable,Yes,Not Applicable,Not Applicable,Not Applicable,Not Applicable,Not Applicable,Not Applicable
E01266,L0323,,,Trap efficiency of reservoirs,1953,"Brune, G.M.",https://agupubs.onlinelibrary.wiley.com/doi/epdf/10.1029/TR034i003p00407,Journal Article,Operations,Sediment,Regression,Operations,"Sand,Suspended","Erosion,Suspended,Reservoir release",Not Applicable,Not Applicable,Not Applicable,Not Applicable,Not Applicable,Not Applicable,Multiple sites,Not Applicable,Not Applicable,Not Applicable
E01267,L0324,,,Overview of Selected Surrogate Technologies for High-Temporal Resolution Suspended-Sediment Monitoring,2010,"Gray, J.R., Gartner, J.W.",10.1002/9781444317114.ch1,Conference Paper,Operations,"Water Quality,Sediment",,Operations,"Suspended,Bedload",Suspended,Not Applicable,Not Applicable,Not Applicable,Not Applicable,Not Applicable,Not Applicable,Not Applicable,Not Applicable,Not Applicable,Not Applicable
E01268,L0325,,,Two-Dimensional Total Sediment Load Model Equations,2008,"Greimann, B., Lai, Y.",https://doi.org/10.1061/(ASCE)0733-9429(2008)134:8(1142),Journal Article,Analysis,Sediment,Sediment Transport Modeling,Not Applicable,"Suspended,Bedload",Not Applicable,Not Applicable,Not Applicable,Not Applicable,Not Applicable,Not Applicable,Not Applicable,Not Applicable,Not Applicable,Not Applicable,Not Applicable
E01269,L0326,,,"A Systematic Analysis of Eight Decades of Incipient Motion Studies, with Special Reference to Gravel Bedded Rivers",1997,"Buffington, J.M., and D.R. Montgomery.",,,,,,,,,,,,,,,,,,
E01270,L0327,,,Measurement of Coarse Gravel and Cobble Transport Using Portable Bedload Traps,2004,"Bunte, K., S. Abt, J. Potyondy, and S. Ryan",https://www.fs.usda.gov/treesearch/pubs/22266,Journal Article,Analysis,Sediment,Regression,Not Applicable,"Bedload,Gravel",Sediment,Not Applicable,Not Applicable,Not Applicable,Not Applicable,Not Applicable,Not Applicable,Co./Wy.,Not Applicable,Upland,Not Applicable
E01271,L0328,,,Progress on Dam Removal Analysis Guidelines for Sediment,2015,"Randle, TJ, Bountry, JA",https:/www.sedhyd.org/past/Proceedings%20(1).pdf,Conference Paper,"Planning,Construction","Water Quality,Sediment,Ecological,Hydraulics",Hydraulic Equations,"Watershed planning,Operations","Gravel,Sand,Silt,Clay",Reservoir release,Not Applicable,Not Applicable,Not Applicable,Yes,Adaptive MaNot Applicablegement,Not Applicable,"Washington,Oregon,MontaNot Applicable,Michigan",Dam Removal,Not Applicable,Not Applicable
E01272,L0329,,,Which tributaries disrupt downstream fining along gravel bed rivers?,1998,"Rice, S",https://doi.org/10.1016/S0169-555X(97)00052-4,Journal Article,Analysis,"Sediment, Hydraulics","Hydraulic Equations,Frequency Analysis,Regression",Not Applicable,Gravel,Suspended,Not Applicable,Not Applicable,Not Applicable,Yes,Not Applicable,Not Applicable,"British Columbia, CaNot Applicableda",Deposition control,Forestry,"Mountain torrents,Alluvial fans"
E01273,L0330,,,Method for assessing impacts of parameter uncertainty in sediment transport modeling applications,2011,"Ruark, MD, Niemann, JD, Greiman, BP, Arabi, M",https://doi.org/10.1061/(ASCE)HY.1943-7900.0000343,Journal Article,Analysis,"Bathymetry,Sediment,Hydraulics","Laboratory Analysis,Sediment Transport Modeling",Watershed planning,"Gravel,Sand","Suspended,Erosion",Not Applicable,Not Applicable,Not Applicable,Yes,Not Applicable,Not Applicable,Not Applicable,"Sediment release,Deposition Control",Not Applicable,Not Applicable
E01274,L0331,,,Quantifying the relative importance of flow regulation and grain size regulation of suspended-sediment transport (?) and tracking changes in grain size on the bed (?),2001,"Rubin, DM, Topping, DJ",https://doi.org/10.1029/2000WR900250,Journal Article,Analysis,"Water Quality,Sediment,Hydraulics","Sediment Transport Modeling,Regression",Flood risk,Not Applicable,"Suspended,Erosion",Not Applicable,Not Applicable,Not Applicable,Not Applicable,Flood,Not Applicable,Grand Canyon,Sediment release,Not Applicable,Alluvial fans
E01275,L0332,,,Geomorphic thresholds: the concept and its applications,1979,"Schumm, SA",https://doi.org/10.2307/622211,Journal Article,Analysis,"Bathymetry,Hydraulics","Frequency Analysis,Regression",Watershed planning,Not Applicable,"Suspended,Erosion",Not Applicable,Not Applicable,Not Applicable,Not Applicable,Not Applicable,Not Applicable,"Colorado,New Zealand,Mississippi",Land management,Not Applicable,"Braided rivers,Meandering rivers"
E01276,L0333,,,Removing Systemic Bias in Bed-Load Transport Measurements in Large Sand-Bed Rivers,2013,"Shelley, J, Abraham, D, McAlpin, T",http://dx.doi.org/10.1061/(ASCE)HY.1943-7900.0000760,Journal Article,Analysis,"Bathymetry,Sediment,Hydraulics","Laboratory Analysis,Sediment Transport Modeling",Maintenance,Bedload,Erosion,Not Applicable,Not Applicable,Not Applicable,Not Applicable,Not Applicable,Not Applicable,Missouri,"Sediment release,Deposition control",Not Applicable,"Alluvial fans,Regulated rivers"
E01277,L0334,,,Stream Restoration,2008,"Shields, FD, Copeland, RR, Klingeman, PC, Doyle, MW, Simon, A",https://doi.org/10.1061/9780784408148.ch09,Book,"Planning,Design",Not Applicable,"Hydaulic Equations,Sediment Transport Modeling,Frequency Analysis,Regression","Flood risk,Watershed Planning","Gravel,Sand,Suspended,Rock,Bedload,Silt,Clay","Bank Erosion,Headcut,Suspended,Erosion",Not Applicable,Not Applicable,Not Applicable,Not Applicable,Flood,Landslide,Not Applicable,land management,Not Applicable,Modified streams
E01278,L0335,,,The Effect of Bed Roughness on Depth-Discharge Relations in Alluvial Channels,1962,"Simons, DB, Richardson, EV",https://doi.org/10.3133/wsp1498E,Government Report,Analysis,"Bathymetry,Water Quality,Sediment,Hydraulics","Hydraulic Equations,Laboratory Analysis,Regression",Flood risk,Sand,"Suspended,Erosion",Not Applicable,Not Applicable,Not Applicable,Not Applicable,Flood,Not Applicable,Not Applicable,Not Applicable,Not Applicable,Alluvial fans
E01279,L0336,,,Reservoir sedimentation. Design of Small Dams,1987,"Strand, RI, Pemberton, EL",https://www.usbr.gov/tsc/techreferences/mands/mands-pdfs/SmallDams.pdf,Government Report,"Planning,Design,Construction,Operations,Maintenance,Analysis","Bathymetry,Water Quality,Sediment,Hydraulics","Hydraulic Equations,Regression","Flood risk,economics,watershed planning,Maintenance,Operations",Not Applicable,"Reservoir pool,Reservoir release",Not Applicable,Not Applicable,Not Applicable,Yes,Flood,Not Applicable,Not Applicable,"Sediment release,Silt dams,Deposition Control",Not Applicable,Not Applicable
E01280,L0337,,,A Procedure for Computation of the Total River Sand Discharge and Detailed Distribution Bed to Surface,1968,"Toffaleti, FB",https://hdl.handle.net/11681/1822,USACE Report,"Design,Analysis","Bathymetry,Hydraulics","Hydraulic Equations,Laboratory Analysis,Sediment Transport Modeling","Flood risk,Maintenance,Operations",Sand,"Suspended,Dredging",Not Applicable,Not Applicable,Not Applicable,Not Applicable,Flood,Not Applicable,Not Applicable,Deposition control,Not Applicable,Regulated rivers
E01281,L0338,,,Role of Ponded Turbidity Currents in ReservoirTrap Efficiency,2007,"Toniolo, H, Parker, G, Voller, V",https://doi.org/10.1061/(ASCE)0733-9429(2007)133:6(579),Journal Article,Analysis,"Bathymetry,Sediment,Hydraulics","Hydraulic Equations,Sediment Transport Modeling,Laboratory Analysis",Not Applicable,"Sand,Silt,Clay","Reservoir pool,Reservoir release,Plunge pool",Not Applicable,Not Applicable,Not Applicable,Not Applicable,Not Applicable,Not Applicable,Not Applicable,Deposition control,Not Applicable,Not Applicable
E01282,L0339,,,Headcut advance prediction for earth spillways,1997,"Temple, D, Moore, J",https://doi.org/10.13031/2013.21314,Journal Article,Analysis,"Bathymetry,Hydraulics","Hydraulic Equations,Regression","Flood Risk,Operations","Gravel,Sand,Rock",Headcut,Not Applicable,Not Applicable,Not Applicable,Yes,"Flood,Structure Failure",Not Applicable,Not Applicable,Flood Diversion,Not Applicable,Not Applicable
E01283,L0340,,,Bureau of Reclamation Automated Modified Einsten Proceduer (BOREMAP) Program for Computing Totaal Sediment Load,2006,"Raff, D., Holmquist-Johnson, C.L.,",,Conference Paper,Analysis,sediment,Sediment Transport Modeling,Not Applicable,"Sand,Silt,Clay",Suspended,Not Applicable,Not Applicable,Not Applicable,Not Applicable,Not Applicable,Not Applicable,Not Applicable,Not Applicable,Not Applicable,Not Applicable
E01284,L0341,,,Equilibrium and time scales in geomorphology: Application to sand-bed alluvial streams,1982,"Howard, A.D.",https://doi.org/10.1002/esp.3290070403,Journal Article,Analysis,Not Applicable,Not Applicable,Not Applicable,Not Applicable,Not Applicable,Not Applicable,Not Applicable,Not Applicable,Not Applicable,Not Applicable,Not Applicable,Not Applicable,Not Applicable,Not Applicable,Not Applicable
E01285,L0342,,,"Sampling Surface and Subsurface Particle-Size Distributions in Wadable Gravel- and Cobble-Bed Streams for Analysis in Sediment Transport, Hydraulics, and Streambed Monitoring.",2001,"Bunte, K., and S.R. Abt",www.fs.usda.gov/biology/nsaec/assets/rmrs-gtr-74samplingsurfandsubsufpartszdist.pdf,Government Report,Analysis,Sediment,Regression,Not Applicable,Gravel,Erosion,Not Applicable,Not Applicable,Not Applicable,Not Applicable,Not Applicable,Not Applicable,Not Applicable,Not Applicable,Upland,Not Applicable
E01286,L0343,,,Estimating trap efficiency of small reservoirs and ponds: Methods and implications for the assessment of sediment yield,2000,"Verstraeten, G, Poesen, J",https://doi.org/10.1177/030913330002400204,Journal Article,"Planning,Analysis","Water Quality,Sediment,Hydraulics","Hydraulic Equations,Frequency Analysis,Regression","Watershed Planning,Maintenance,Operations",Suspended,"Reservoir release,Suspended",Not Applicable,Not Applicable,Not Applicable,Not Applicable,Not Applicable,Not Applicable,Not Applicable,"Flood diversion,Deposition control",Not Applicable,Not Applicable
E01287,L0344,,,"Sediment Yield Prediction and Modelling, Hydrological Processes",2005,"White, S",https://doi.org/10.1002/hyp.6003,Journal Article,"Planning,Analysis","Water Quality,Sediment,Hydraulics",Not Applicable,"Watershed Planning,Maintenance,Operations",Suspended,"Reservoir release,Suspended",Not Applicable,Not Applicable,Not Applicable,Yes,Not Applicable,Not Applicable,Not Applicable,"Sediment release,Flood diversion,Deposition control",Not Applicable,Not Applicable
E01288,L0345,,,Reanalysis and Correction of Bed Load Relation of Meyer-Peter and Muller Using Their Own Database,2006,"Wong, M, Parker, G",https://doi.org/10.1061/(ASCE)0733-9429(2006)132:11(1159),Journal Article,Analysis,"Bathymetry,Sediment,Hydraulics","Hydraulic Equations,Regression",Not Applicable,Bedload,Erosion,Not Applicable,Not Applicable,Not Applicable,Not Applicable,Not Applicable,Not Applicable,Not Applicable,Sediment release,Not Applicable,Not Applicable
E01289,L0346,,,Nonuniform sediment transport in alluvial rivers,2000,"Wu, W, Wang, SSY, Jia, Y",https://doi.org/10.1080/00221680009498296,Journal Article,Analysis,"Sediment,Hydraulics","Hydraulic Equations,Sediment Transport Modeling,Regression",Not Applicable,"Bedload,Suspended","Suspended,Erosion",Not Applicable,Not Applicable,Not Applicable,Not Applicable,Not Applicable,Not Applicable,Not Applicable,"Sediment release,Deposition Control",Not Applicable,Not Applicable
E01290,L0347,,,Critical shear stress for erosion of sand and mud mixtures,2018,"Wu, W, Perera, C, Smith,C, Sanchez, A",https://doi.org/10.1080/00221686.2017.1300195,Journal Article,Analysis,"Sediment,Hydraulics","Sediment Transport Modeling,Regression",Not Applicable,"Sand,Silt,Clay",Erosion,Not Applicable,Not Applicable,Not Applicable,Not Applicable,Not Applicable,Not Applicable,Not Applicable,Sediment release,Not Applicable,Not Applicable
E01291,L0348,,,Laboratory Soils Testing,1970,USACE,https://www.publications.usace.army.mil/portals/76/publications/engineermanuals/em 1110-2-1906.pdf,Design Manual,"Design,Reporting,Analysis",Sediment,Not Applicable,Not Applicable,Not Applicable,Not Applicable,Not Applicable,Not Applicable,Not Applicable,Not Applicable,Not Applicable,Not Applicable,Not Applicable,Not Applicable,Not Applicable,Not Applicable
E01292,L0349,,,Beneficial Uses of Dredged Material,1987,USACE,https://www.publications.usace.army.mil/Portals/76/Publications/EngineerManuals/EM 1110-2-5026.pdf,Design Manual,"Planning,Design,Reporting","Bathymetry,Water Quality,Sediment,Ecological,Public Participation",Not Applicable,"Economics,Maintenance,Operations","Sand,Silt,Clay",Dredging,Not Applicable,Not Applicable,Not Applicable,Not Applicable,Not Applicable,Not Applicable,Not Applicable,Beneficial use of dredged materials,"Island,Wetlands,Beach",Not Applicable
E01293,L0350,,,Unit Stream Power Equation for Gravel,1984,"Yang, CT",https://doi.org/10.1061/(ASCE)0733-9429(1984)110:12(1783),Journal Article,Analysis,"Water Quality,Sediment,Hydraulics","Hydraulic Equations,Regression",Not Applicable,"Gravel,Bedload,Suspended","Suspended,Erosion",Not Applicable,Not Applicable,Not Applicable,Not Applicable,Not Applicable,Not Applicable,Not Applicable,"Sediment release,Deposition Control",Not Applicable,Mountain torrents
E01294,L0351,,,Earth and Rock Surface Spillway Erosion Risk Assessment,2005,"Wibowo, JL, Yule, DE, Villanueva, E, Temple, DM",https://onepetro.org/ARMAUSRMS/proceedings-abstract/ARMA05/All-ARMA05/ARMA-05-813/117818,Conference Paper,"Maintenance,Analysis",Hydraulics,"Hydraulic Equations,Regression",Flood risk,Rock,Headcut,Not Applicable,Not Applicable,Not Applicable,Not Applicable,"Flood,Structure Failure",Not Applicable,Not Applicable,Flood diversion,Not Applicable,Not Applicable
E01295,L0352,,,"Standard Guide for Core Sampling Submerged, Unconsolidated Sediments",2019,ASTM,https://doi.org/10.1520/D4823-95R19,Standard,"Planning,Design,Operations,Analysis",Sediment,Not Applicable,Not Applicable,Not Applicable,Reservoir pool,Not Applicable,Not Applicable,Not Applicable,Not Applicable,Not Applicable,Not Applicable,Not Applicable,Deposition control,Not Applicable,Not Applicable
E01296,L0353,,,Standard Guide for Sampling Fluvial Sediment in Motion,2019,ASTM,https://doi.org/10.1520/D4411-03R19,Standard,"Planning,Design,Operations,Analysis","Sediment,Hydraulics",Not Applicable,Not Applicable,"Suspended,Bedload",Suspended,Not Applicable,Not Applicable,Not Applicable,Not Applicable,Not Applicable,Not Applicable,Not Applicable,Sediment release,Not Applicable,Not Applicable
E01297,L0354,,,Standard Guide for Selection of Methods of Particle Size Analysis of Fluvial Sediments (Manual Methods).,2019,ASTM,https://doi.org/10.1520/D4822-88R19,Standard,"Planning,Design,Operations,Analysis",Sediment,Not Applicable,Not Applicable,"Gravel,Rock,Sand,Silt,Clay",Not Applicable,Not Applicable,Not Applicable,Not Applicable,Not Applicable,Not Applicable,Not Applicable,Not Applicable,"Sediment Release,Deposition Control",Not Applicable,Not Applicable
E01298,L0355,,,Standard Practice for Classification of Soils for Engineering Purposes (Unified Soil Classification System),2025,ASTM,https://doi.org/10.1520/D2487-17R25,Standard,"Planning,Design,Construction,Operations,Analysis",Sediment,Not Applicable,Not Applicable,Not Applicable,Not Applicable,Not Applicable,Not Applicable,Not Applicable,Not Applicable,Not Applicable,Not Applicable,Not Applicable,Not Applicable,Not Applicable,Not Applicable
E01299,L0356,,,Standard Test Method for Particle-Size Distribution (Gradation) of Fine-Grained Soils Using the Sedimentation (Hydrometer) Analysis,2021,ASTM,https://doi.org/10.1520/D7928-21E01,Standard,"Planning,Design,Operations,Analysis",Sediment,Not Applicable,Not Applicable,"Silt,Clay",Not Applicable,Not Applicable,Not Applicable,Not Applicable,Not Applicable,Not Applicable,Not Applicable,Not Applicable,"Sediment Release,Deposition Control",Not Applicable,Not Applicable
E01300,L0357,,,Standard Test Methods for Determining Sediment Concentration in Water Samples,2019,ASTM,https://doi.org/10.1520/D3977-97R19,Standard,"Planning,Design,Operations,Analysis","Water Quality,Sediment,Hydraulics",Not Applicable,Not Applicable,"Sand,Silt,Clay",Suspended,Not Applicable,Not Applicable,Not Applicable,Not Applicable,Not Applicable,Not Applicable,Not Applicable,Sediment release,Not Applicable,Not Applicable
E01301,L0358,,,Standard Test Methods for Particle-Size Distribution (Gradation) of Soils Using Sieve Analysis,2021,ASTM,https://doi.org/10.1520/D6913 D6913M-17,Standard,"Planning,Design,Operations,Analysis",Sediment,Not Applicable,Not Applicable,"Gravel,Rock,Sand,Silt,Clay",Not Applicable,Not Applicable,Not Applicable,Not Applicable,Not Applicable,Not Applicable,Not Applicable,Not Applicable,"Sediment Release,Deposition Control",Not Applicable,Not Applicable
E01302,L0359,,,"Guidelines for Flood Risk Analysis and Mapping, Alluvial Fans",2016,FEMA,https://www.fema.gov/sites/default/files/2020-02/Alluvial Fans Guidance Nov 2016.pdf,Government Report,"Planning,Reporting","Bathymetry,Sediment,Hydraulics",Not Applicable,"Flood risk,economics",Not Applicable,"Debris,Erosion",Not Applicable,Not Applicable,Not Applicable,Not Applicable,Flood,"Debris flow,Landslide",Not Applicable,"Sediment Release,Land management,Deposition Control",Not Applicable,Alluvial fans
E01303,L0360,,,"Bridge scour and stream instability countermeasures experience, selection, and design guidance",2009,FHWA,https://www.fhwa.dot.gov/engineering/hydraulics/pubs/09111/09112.pdf,Government Report,"Design,Construction,Operations,Maintenance","Bathymetry,Hydraulics",Not Applicable,"Maintenance,Operations",Not Applicable,"Bank erosion,erosion",Not Applicable,Not Applicable,Not Applicable,Not Applicable,Structure failure,Not Applicable,USA,Silt dams,Not Applicable,Modified streams
E01304,L0361,,,FISP Technical Committee Approval of the Use of Bedload Traps in Wadeable Coarse-Bedded Streams.,2009,FISP,https://water.usgs.gov/fisp/docs/FISP Tech Memo 2009-1 Bedload Traps.pdf,Design Manual,"Design,Reporting",Sediment,Not Applicable,Not Applicable,Bedload,"Suspended,Erosion",Not Applicable,Not Applicable,Not Applicable,Not Applicable,Not Applicable,Not Applicable,Not Applicable,Sediment release,Not Applicable,Not Applicable
E01305,L0362,,,"Stream Corridor Restoration: Principles, Processes, and Practices",1998,FISRWG,https://nepis.epa.gov/Exe/ZyPURL.cgi?Dockey=50000Y7R.TXT,Government Report,"Planning,Design,Construction,Operations, Maintenance,Reporting,Analysis","Bathymetry,Water Quality,Sediment,Ecological,Public Participation,Hydraulics","Hydraulic Modeling,Ecological Modeling","Flood risk,economics,watershed planning,Maintenance,Operations",Not Applicable,Not Applicable,Yes,Yes,Yes,Yes,"Flood,drought,Structure failure,Adaptive MaNot Applicablegement","Debris flow,wildfireIIce,Landslide,Earthquake",USA,"Sediment release,dam removal,land management, beneficial use of dredged materials,Flood diversion,Silt dams,Deposition control,Dam raise",Multi-use,Not Applicable
E01306,L0363,,,A Study of Methods Used in Measurement and Analysis of Sediment Loads in Streams: Report No. 12. Some Fundamentals of Particle Size Analysis.,1957,"Interagency Committee on Water Resources, Subcommittee on Sedimentation",https://water.usgs.gov/fisp/docs/Report 12.pdf,Government Report,"Reporting,Analysis","Water Quality,Sediment",Not Applicable,Not Applicable,Sand,Suspended,Not Applicable,Not Applicable,Not Applicable,Not Applicable,Not Applicable,Not Applicable,USA,Deposition control,Not Applicable,Not Applicable
E01307,L0364,,,Environmentally Sensitive Channel and Bank Protection Measures,2004,National Cooperative Highway Research Program (NCHRP),https://doi.org/10.17226/13556,Government Report,"Design,Construction","Bathymetry,Water Quality,Ecological,Hydraulics",Not Applicable,"Flood risk,Maintenance",Not Applicable,"Bank erosion,erosion",Yes,Yes,Yes,Not Applicable,Not Applicable,Not Applicable,USA,"Sediment release,land management",Not Applicable,Modified streams
E01308,L0365,,,Earth Spillway Erosion Model,1997,USDA,https://directives.nrcs.usda.gov//sites/default/files2/1720458817/Chapter%2051%20-%20Earth%20Spillway%20Erosion%20Model.pdf,Design Manual,"Operations,Maintenance,Analysis","Bathymetry,Sediment,Hydraulics","Hydraulic Modeling,Sediment Transport Modeling","Flood risk,Operations",Not Applicable,"Headcut,Erosion,Emergency Spillway,Plunge Pool",Not Applicable,Not Applicable,Not Applicable,Yes,"Flood,Structure Failure",Not Applicable,USA,Flood diversion,Not Applicable,Not Applicable
E01309,L0366,,,Field Procedures Guide for the Headcut Erodibility Index,2001,USDA,https://directives.nrcs.usda.gov//sites/default/files2/1720458844/Chapter%2052%20-%20Field%20Procedures%20Guide%20for%20the%20Headcut%20Erodibility%20Index.pdf,Design Manual,"Design,Operations,Maintenance,Analysis","Bathymetry,Sediment,Hydraulics","Hydraulic Equations,Regression","Flood risk,Operations","Cohesive,Rock","Headcut,Erosion,Emergency Spillway",Not Applicable,Not Applicable,Not Applicable,Not Applicable,"Flood,Structure Failure",Not Applicable,USA,Flood diversion,Not Applicable,Not Applicable
E01310,L0367,,,Whole-Process Modeling of Reservoir Turbidity Currents by a Double Layer-Averaged Model,2014,"Cao, Z., J. Li, G. Pender , and Q. Liu",https://ascelibrary.org/doi/10.1061/%28ASCE%29HY.1943-7900.0000951,Journal,Analysis,"Sediment,Hydraulic",Sediment transport,Operations,Suspended,Suspended,Not Applicable,Not Applicable,Not Applicable,Yes,,Not Applicable,ChiNot Applicable,Land MaNot Applicablegment,,"Braided,Meandering,Modified,Delta"
E01311,L0368,,,Review of Ice-Induced Scour Impacts to Navigation and Structures,2017,"Carr, M., and T. Dahl",https://erdc-library.erdc.dren.mil/jspui/bitstream/11681/22764/1/ERDC%20SR-17-3.pdf,USACE Report,Analysis,Sediment,Not Applicable,Operations,"Sands,Suspended,gravel",Erosion,Not Applicable,Not Applicable,Not Applicable,Yes,Sturcture failure,Not Applicable,"USA,ChiNot Applicable",Not Applicable,Not Applicable,Not Applicable
E01312,L0369,,,A Global Survey of Sediment Yield,1988,"Jansson, MB",https://doi.org/10.1080/04353676.1988.11880241,Journal Article,"Reporting,Analysis","Sediment,Hydraulics",Regression,Watershed planning,Suspended,Suspended,Not Applicable,Not Applicable,Not Applicable,Not Applicable,Not Applicable,"Earthquake,Volcanos",Worldwide,"Sediment release,land management",Multi-use,Not Applicable
E01313,L0370,,,"Identifying, planning, and financing beneficial use projects using dredged material: Beneficial use planning manual",2007,US Environmental Protection Agency (USEPA)/USACE,https://www.epa.gov/sites/production/files/2015-08/documents/identifying planning and financing beneficial use projects.pdf,USACE Report,"Planning,Design,Construction,Operations","Bathymetry,Water Quality,Sediment,Ecological,Public Participation,Hydraulics",Not Applicable,"Flood risk,economics,watershed planning,Maintenance,Operations",Not Applicable,Dredging,Yes,Yes,Yes,Yes,Adaptive MaNot Applicablegement,Not Applicable,USA,Beneficial use of dredged materials,Not Applicable,Not Applicable
E01314,L0371,,,Bendway Weir Riprap Sizing Criteria,2016,"Abt, SR, Scurlock, SM, Thornton, CI, Cox, AL, Holste, NJ",https://doi.org/10.1061/(ASCE)HY.1943-7900.0001209,Journal Article,"Design,Construction,Operations,Reporting,Analysis","Bathymetry,Sediment,Hydraulics","Hydraulic Equations,Laboratory Analysis",Operations,Rock,Bank erosion,Not Applicable,Not Applicable,Not Applicable,Not Applicable,"Flood,drought",Not Applicable,New Mexico,Flood diversion,Urban,Not Applicable
E01315,L0372,,,"Bioengineering for Streambank Erosion Control, Report 1, Guidelines",1997,"Allen, HH, Leech, JR",https://hdl.handle.net/11681/9983,ERDC TN,"Planning,Design,Construction,Operations, Maintenance,Reporting","Bathymetry,Sediment,Ecological,Hydraulics",Not Applicable,"Flood risk,watershed planning,Operations",Not Applicable,"Bank erosion,erosion",Yes,Yes,Yes,Yes,"Flood,drought",Not Applicable,"USA,Europe","Sediment release,Flood diversion",Multi-use,"Modified streams,Cohesive channels"
E01316,L0373,,,Extending the Life of Reservoirs: Sustainable Sediment Management for Dams and Run-of-River Hydropower,2016,"Annandale, GW, Morris, GL, Karki, P",http://documents.worldbank.org/curated/en/794841476187802040,Book,"Planning,Design,Construction,Operations, Maintenance,Reporting,Analysis","Bathymetry,Water Quality,Sediment,Ecological,Hydraulics",Not Applicable,"Flood risk,economics,watershed planning,Maintenance,Operations",Not Applicable,"Bank erosion,Headcut,Reservoir pool,Reservoir release,Suspended,Debris,Erosion,Emergency Spillway,Plunge Pool,Dredging",Not Applicable,Not Applicable,Not Applicable,Yes,"Flood,drought,Structure failure,Adaptive MaNot Applicablegement",Not Applicable,Worldwide,"Sediment release,dam removal,land management, beneficial use of dredged materials,Flood diversion,Silt dams,Deposition control,Dam raise",Multi-use,Not Applicable
E01317,L0374,,,Status and trends of dam removal research in the United States,2017,"Bellmore, JR, Duda, JJ, Craig, LS, Greene, SL, Torgersen, CE, Collins MJ, Vittum, K",https://doi.org/10.1002/wat2.1164,Journal Article,Reporting,"Bathymetry,Water Quality,Sediment,Ecological,Hydraulics",Frequency Analysis,watershed planning,Not Applicable,Reservoir release,Yes,Yes,Yes,Yes,Structure failure,Not Applicable,USA,Dam Removal,Not Applicable,Not Applicable
E01318,L0375,,,A Simplified Analytic Investigation of the Riverside Effects of Sediment Diversions,2013,"Brown, GL, Letter, JV, Heath, RE, McAdory, R, Wehmeyer, LL, Gunkel, BL",https://hdl.handle.net/11681/2024,ERDC TN,"Operations,Maintenance,Analysis","Bathymetry,Water Quality,Sediment,Ecological,Hydraulics",Hydraulic Equations,"Flood risk,Watershed Planning,Maintenance,Operations","Sand,Suspended,Bedload,Silt,Clay","Reservoir release,Suspended",Not Applicable,Not Applicable,Not Applicable,Yes,Flood,Not Applicable,LouisiaNot Applicable,"Land management,Flood diversion",Wetlands,"Regulated rivers,Deltas"
E01319,L0376,,,Model Similitude - Extended for Active Sediment Transport PAP-450,1983,"Dodge, RA",https://www.usbr.gov/tsc/techreferences/hydraulics lab/pubs/PAP/PAP-0450.pdf,Government Report,Analysis,"Bathymetry,Sediment,Hydraulics","Hydraulic Equations,Regression",Operations,"Suspended,Bedload","Suspended,Erosion",Not Applicable,Not Applicable,Not Applicable,Yes,Not Applicable,Not Applicable,Not Applicable,Not Applicable,Not Applicable,Not Applicable
E01320,L0377,,,Field Methods for Measurement of Fluvial Sediment,1988,"Edwards, TK, Glysson, GD",https://pubs.usgs.gov/of/1986/0531/report.pdf,Government Report,"Design,Reporting,Analysis","Water Quality,Sediment,Hydraulics",Not Applicable,Not Applicable,"Suspended,Bedload","Reservoir pool,Suspended,Erosion",Not Applicable,Not Applicable,Not Applicable,Not Applicable,Not Applicable,Ice,Not Applicable,"Sediment Release,Deposition Control",Not Applicable,Not Applicable
E01321,L0378,,,Field Methods for Measurement of Fluvial Sediment,1999,"Edwards, TK, Glysson, GD",https://pubs.usgs.gov/twri/twri3-c2/pdf/TWRI 3-C2.pdf,Government Report,"Design,Reporting,Analysis","Water Quality,Sediment,Hydraulics",Not Applicable,Not Applicable,"Suspended,Bedload","Reservoir pool,Suspended,Erosion",Not Applicable,Not Applicable,Not Applicable,Not Applicable,Not Applicable,Ice,Not Applicable,"Sediment Release,Deposition Control",Not Applicable,Not Applicable
E01322,L0379,,,Transport of Sediment Mixtures with Large Ranges of Grain Sizes,1953,"Einstein, HA, Chien, N",https://usace.contentdm.oclc.org/digital/api/collection/p266001coll1/id/7591/download,Government Report,Analysis,"Sediment,Hydraulics","Hydraulic Equations,Sediment Transport Modeling,Regression",Not Applicable,"Gravel,Sand,Suspended,Bedload,Silt,Clay","Suspended,Erosion",Not Applicable,Not Applicable,Not Applicable,Not Applicable,Not Applicable,Not Applicable,Not Applicable,"Sediment Release,Deposition Control",Not Applicable,Regulated rivers
E01323,L0380,,,Methods for Estimating Sediment Transport in Ice-Covered Channels,2000,"Ettema, R, Braileanu, F, Muste, M",https://doi.org/10.1061/(ASCE)0887-381X(2000)14:3(130),Journal Article,Analysis,"Sediment,Hydraulics","Hydraulic Equations,Laboratory Analysis,Regression",Operations,"Suspended,Bedload","Suspended,Erosion",Not Applicable,Not Applicable,Not Applicable,Not Applicable,Not Applicable,Ice,Not Applicable,"Sediment Release,Deposition Control",Not Applicable,Not Applicable
E01324,L0381,,,Ice Effects on Sediment Transport in Rivers,2008,"Ettema, R",https://doi.org/10.1061/9780784408148.ch13,Book,"Planning,Design,Reporting,Analysis","Bathymetry,Sediment,Hydraulics","Hydraulic Equations,Sediment Transport Modeling,Regression",Operations,"Suspended,Bedload","Suspended,Erosion",Not Applicable,Not Applicable,Not Applicable,Not Applicable,Not Applicable,Ice,Not Applicable,"Sediment Release,Deposition Control",Not Applicable,Not Applicable
E01325,L0382,,,Particle Size Analysis: A comparative study of various methods,1995,"Etzler, FM, Sanderson, MS",https://doi.org/10.1002/ppsc.19950120503,Journal Article,"Reporting,Analysis",Sediment,"Laboratory Analysis,Frequency Analysis",Not Applicable,"Silt,Clay",Not Applicable,Not Applicable,Not Applicable,Not Applicable,Not Applicable,Not Applicable,Not Applicable,Not Applicable,Not Applicable,Not Applicable,Not Applicable
E01326,L0383,,,Sediment Sampling and Analysis for Stream Restoration Projects,2007,"Fischenich, C, Little, C",https://hdl.handle.net/11681/3972,ERDC TN,"Planning,Design,Construction,Operations, Maintenance,Reporting,Analysis","Bathymetry,Water Quality,Sediment,Ecological,Hydraulics","Hydraulic Equations,Frequency Analysis","Flood risk,watershed planning,Maintenance,Operations","Gravel,Sand,Rock,Silt,Clay","Bank erosion,Suspended,Erosion",Not Applicable,Not Applicable,Not Applicable,Not Applicable,Not Applicable,Not Applicable,USA,"Sediment Release,Deposition Control",Not Applicable,Modified Streams
E01327,L0384,,,Sediment Transport and Morphodynamics,2008,"García, MH",https://doi.org/10.1061/9780784408148.ch02,Book,"Planning,Design,Construction,Operations, Maintenance,Reporting,Analysis","Bathymetry,Water Quality,Sediment,Hydraulics","Hydraulic Equations,Sediment Transport Modeling,Regression",Operations,"Cohesive,Gravel,Sand,Suspended,Rock,Bedload,Woody Particles,Silt,Clay","Bank erosion,Reservoir pool,Reservoir release,Suspended,Debris,Erosion",Not Applicable,Not Applicable,Not Applicable,Not Applicable,MA,Debris flow,Worldwide,"Sediment release,land management,Deposition control",Not Applicable,"Mountain torrents,Alluvial fans,Deltas"
E01328,L0385,,,Temporal variation in bedload transport rates associated with the migration of bedforms,2006,"Gomez, B, Naff, RL, Hubbell, DW",https://doi.org/10.1002/esp.3290140205,Journal Article,Analysis,"Bathymetry,Sediment,Hydraulics","Hydraulic Equations,Laboratory Analysis,Sediment Transport Modeling,Frequency Analysis",Not Applicable,"Gravel,Sand,Bedload",Erosion,Not Applicable,Not Applicable,Not Applicable,Not Applicable,Not Applicable,Not Applicable,Not Applicable,"Sediment Release,Deposition Control",Not Applicable,Not Applicable
E01329,L0386,,,Economic and Environmental Principles and Guidelines for Water Related Land Resources Implementation Studies,1983,Water Resource Council,https://planning.erdc.dren.mil/toolbox/library/Guidance/Principles Guidelines.pdf,Government Report,"Planning,Design,Reporting","Ecological,Public Participation",Not Applicable,"Economics,Watershed planning",Not Applicable,Not Applicable,Yes,Yes,Yes,Not Applicable,Not Applicable,Not Applicable,USA,land management,"Urban,forestry,Wetlands,Agriculture",Not Applicable
E01330,L0387,,,Transport Relationships between Bedload Traps and a 3-inch Helley-Smith Sampler in Coarse Gravel-Bed Streams and Development of Adjustment Functions,2009,"Bunte, K, Abt, SR",https://water.usgs.gov/fisp/docs/091221 Bunte and Abt Trap HS comparison and adjustment functions final.pdf,Government Report,"Planning,Design,Reporting,Analysis","Sediment,Hydraulics","Hydraulic Equations,Regression",Not Applicable,"Gravel,Bedload","Suspended,Erosion",Not Applicable,Not Applicable,Not Applicable,Not Applicable,Not Applicable,Not Applicable,"Northern Rocky Mountains, USA","Sediment Release,Deposition Control",Forestry,Mountain torrents
E01331,L0388,,,Discharge of Sands and Mean Velocity Relationships in Sand,1964,"Colby, B.R",https://doi.org/10.3133/pp462A,Government Report,Analysis,Sediment,"Regression,Sediment Transport Modeling",Not Applicable,"Suspended,Sand","Suspended , Erosion",Not Applicable,Not Applicable,Not Applicable,Not Applicable,Not Applicable,Not Applicable,USA,Not Applicable,Not Applicable,Not Applicable
E01332,L0389,,,$Analysis and use of reservoir sedimentation data,1948,"Churchill, M.A",https://acwi.gov/sos/pubs/1stFISC/1Fisc-3.pdf,,,,,,,,,,,,,,,,,
E01333,L0390,,,"Alluvial Sediments, In Sedimentary Environments and Facies",1978,"Collinson, J.D",https://doi.org/10.1017/S0016756800044113,Book,Analysis,Not Applicable,Not Applicable,Not Applicable,"Gravel,Sand,Bedload , Silt,Clay","Suspended , Erosion",Not Applicable,Not Applicable,Not Applicable,Not Applicable,Not Applicable,Not Applicable,Not Applicable,Not Applicable,Not Applicable,"Fans , braided river , meandering ,deltas"
E01334,L0391,,,$Physical geomorphology of debris flows.,1984,"Costa, J.E.",https://link.springer.com/chapter/10.1007%2F978-3-642-69759-3 9,,,,,,,,,,,,,,,,,
E01335,L0392,,,"Suspended Sediment Samplers and Sampling Methods, Chapter 5.3 in Sedimentation Engineering, Processes, Measurements, Modeling, and Practice. ASCE Manuals and Reports on Engineering Practice No. 110",2008,"Gray, J., D. Glysson, and T. Edwards",https://doi.org/10.1061/9780784408148.ch05,,Methods,Not Applicable,Regression,Not Applicable,"Sand , Suspended,bedloa",Erosion,Not Applicable,Not Applicable,Not Applicable,Not Applicable,Not Applicable,Not Applicable,,Not Applicable,Not Applicable,Not Applicable
E01336,L0393,,,Forest roads: A synthesis of scientific information,2001,"Gucinski, H, Furniss, MJ, Ziemer, RR, Brookes, MH",https://www.fs.usda.gov/research/treesearch/7769,Government Report,"Planning,Operations,Maintenance,Analysis","Water Quality,Sediment,Ecological,Public Participation,Hydraulics",Not Applicable,"Economics,Watershed planning,Maintenance,Operations",Woody particles,"Suspended,Debris,Erosion",Yes,Yes,Yes,Not Applicable,Not Applicable,"Debris flow,wildfire,landslide",Northwest USA,land management,forestry,Mountain torrents
E01337,L0394,,,Laboratory Theory and Methods for Sediment Analysis,1969,"Guy, HP",https://doi.org/10.3133/twri05C1,Government Report,"Reporting,Analysis",Sediment,Not Applicable,Not Applicable,"Suspended,Bedload","Suspended,Erosion",Not Applicable,Not Applicable,Not Applicable,Not Applicable,Not Applicable,Not Applicable,Not Applicable,Not Applicable,Not Applicable,Not Applicable
E01338,L0395,,,Surface erodibility of earthen channels at high stresses. Part II-developing an in-situ testing device,1990,"Hanson, GJ",https://doi.org/10.13031/2013.31306,Journal Article,"Design,Analysis","Sediment,Hydraulics",Regression,Not Applicable,Not Applicable,"Headcut,Emergency Spillway,Erosion",Not Applicable,Not Applicable,Not Applicable,Not Applicable,Structure failure,Not Applicable,Not Applicable,Not Applicable,Not Applicable,Not Applicable
E01339,L0396,,,Development of a jet index to characterize erosion resistance of soils in earthen spillways,1991,"Hanson, GJ",https://doi.org/10.13031/2013.31831,Journal Article,"Design,Analysis","Sediment,Hydraulics",Regression,Operations,Cohesive,"Headcut,Emergency Spillway,Erosion",Not Applicable,Not Applicable,Not Applicable,Not Applicable,Structure failure,Not Applicable,Not Applicable,Not Applicable,Not Applicable,Not Applicable
E01340,L0397,,,Development of excess shear stress parameters for circular jet testing,1997,"Hanson, GJ, Cook, KR",https://www.bae.ksu.edu/watershed/other/jetworkshop/Hanson%20and%20Cook%201997.pdf,Conference Paper,"Design,Analysis","Sediment,Hydraulics",Not Applicable,Operations,Not Applicable,"Headcut,Emergency Spillway,Erosion",Not Applicable,Not Applicable,Not Applicable,Not Applicable,Structure failure,Not Applicable,Not Applicable,Not Applicable,Not Applicable,Not Applicable
E01341,L0398,,,Debris flow modeling: A review,1996,"Hutter, K, Svendsen, B, Rickenmann, D",https://doi.org/10.1007/BF01175749,Journal Article,Analysis,"Sediment,Hydraulics",Sediment Transport Modeling,Flood risk,Not Applicable,Debris,Not Applicable,Not Applicable,Not Applicable,Not Applicable,Flood,Debris flow,Not Applicable,"Sediment release,Deposition control",Not Applicable,"Mountain torrents,Alluvial fans"
E01342,L0399,,,"Quality assurance plan for the collection and processing of sediment data by the U.S. Geological Survey, Water Resources Division",1993,"Knott, JM, Glysson, GD, Malo, BA, Schroeder, LJ",https://doi.org/10.3133/ofr92499,Government Report,Reporting,Sediment,Laboratory analysis,Not Applicable,"Gravel,Sand,Rock,Silt,Clay",Not Applicable,Not Applicable,Not Applicable,Not Applicable,Not Applicable,Not Applicable,Not Applicable,Not Applicable,Not Applicable,Not Applicable,Not Applicable
E01343,L0400,,,Bed-Surface Size Changes in Gravel-Bed Channel,1989,"Kuhnle, RA",https://doi.org/10.1061/(ASCE)0733-9429(1989)115:6(731),Journal Article,Analysis,Sediment,"Laboratory analysis,Regression",Not Applicable,"Gravel,Bedload",Erosion,Not Applicable,Not Applicable,Not Applicable,Not Applicable,Not Applicable,Not Applicable,Not Applicable,"Sediment release,Deposition control",Not Applicable,Not Applicable
E01344,L0401,,,The accuracy of hydrometer analysis for fine-grained particles,2000,"Lu, N, Ristow, G, Likos, W",https://doi.org/10.1520/GTJ11069J,Journal Article,"Reporting,Analysis",Sediment,Laboratory analysis,Not Applicable,"Suspended,Clay",Suspended,Not Applicable,Not Applicable,Not Applicable,Not Applicable,Not Applicable,Not Applicable,Not Applicable,Not Applicable,Not Applicable,Not Applicable
E01345,L0402,,,Physical properties and mechanics of hyperconcentrated sediment flows,1985,"O'Brien, JS, Julien, PY",https://www.engr.colostate.edu/~pierre/ce old/Projects/Paperspdf/O%27Brien-Julien%20UtahPDF.pdf,Conference Paper,Analysis,"Sediment,Hydraulics","Hydraulic Equations,Regression",Flood risk,"Suspended,Gravel,Sand,Silt","Suspended,Debris",Not Applicable,Not Applicable,Not Applicable,Not Applicable,Flood,Debris flow,"Colorado,Utah",Deposition control,Not Applicable,Mountain torrents
E01346,L0403,,,Sediment Transport Technology: Water and Sediment Dynamics,1992,"Simons, DB, Sentürk, F",https://www.wrpllc.com/books/stt.html,Book,"Planning,Design,Operations,Maintenance,Reporting,Analysis","Bathymetry,Sediment,Public Participation,Hydraulics","Hydraulic Equations,Hydraulic Modeling,Laboratory Analysis,Sediment Transport Modeling,Regression","Flood risk,economics,watershed planning,Maintenance,Operations","Cohesive,Gravel,Sand,Suspended,Rock,Bedload,Flocculation,Woody Particles,Silt,Clay","Suspended,Erosion",Not Applicable,Not Applicable,Not Applicable,Not Applicable,"Flood,drought,Adaptive MaNot Applicablegement",Not Applicable,Not Applicable,"Sediment release,Deposition control",Not Applicable,"Mountain torrents,Alluvial fans,Meandering rivers,Modified streams,Regulated rivers,Deltas,Cohesive channels"
E01347,L0404,,,Separation of bedload and suspended load with modified high shear stress flume,2001,"Roberts, J, Jepsen, R",https://doi.org/10.2172/789249,Government Report,Analysis,"Sediment,Hydraulics",Laboratory Analysis,Not Applicable,"Cohesive,Suspended,Bedload,Silt,Clay","Suspended,Erosion",Not Applicable,Not Applicable,Not Applicable,Not Applicable,Not Applicable,Not Applicable,Not Applicable,Sediment release,Not Applicable,Cohesive channels
E01348,L0405,,,Effects of suspended sediment on aquatic organisms. A literature review and database effort,2025,"Krupa, PM, Kennedy, AJ, McQueen, AD, Wilkens, JL",https://erdc-library.erdc.dren.mil/bitstreams/f862fe2e-b28e-4fc9-8cda-11147f3ed848/download,ERDC TN,Analysis,"Water Quality,Sediment,Ecological",Not Applicable,Not Applicable,Suspended,"Suspended,Dredging",Not Applicable,Yes,Yes,Not Applicable,Not Applicable,Not Applicable,Not Applicable,Not Applicable,Not Applicable,Not Applicable
E01349,L0406,,,"Next-generation water quality monitoring during dredging operations. Knowns, unknowns and path forward",2024,"Kennedy, AJ, Schultz, MT, Krupa, PM, Moore, D, Melby, N, McQueen, AD, Wilkens, JL, Bonine, N, Davis, RD",https://erdc-library.erdc.dren.mil/items/e3cf6c17-ce41-4bf3-aadf-497811025d31,ERDC TR,"Operations,Analysis","Water Quality,Sediment",Regression,Not Applicable,Suspended,"Suspended,Dredging",Not Applicable,Not Applicable,Not Applicable,Not Applicable,Not Applicable,Not Applicable,Not Applicable,Not Applicable,Not Applicable,Not Applicable
E01350,L0407,,,International Water Power Dam Construction,2011,"Annandale, GW",https://www.waterpowermagazine.com/analysis/going-full-circle/,Journal Article,Planning,Not Applicable,Not Applicable,"Watershed planning,Maintenance,Operations",Not Applicable,Not Applicable,Not Applicable,Not Applicable,Not Applicable,Not Applicable,Not Applicable,Not Applicable,Not Applicable,"Sediment release,land management,Silt dams",Not Applicable,Not Applicable
E01351,L0408,,,Quenching the Thirst: Sustainable Water Supply and Climate Change,2013,"Annandale, GW",https://www.hydropower.org/sediment-management-resources/publication-quenching-the-thirst-sustainable-water-supply-and-climate-change,Book,Planning,Not Applicable,Not Applicable,"Economics,Watershed Planning",Not Applicable,Not Applicable,Not Applicable,Not Applicable,Not Applicable,Not Applicable,"Flood,drought,Adaptive MaNot Applicablegement",Not Applicable,Not Applicable,"Sediment release,land management,Flood diversion,Silt dams,Deposition control",Not Applicable,Not Applicable
E01352,L0409,,,Erosion rates of cohesive soils,1978,"Ariathurai, CR, Arulanandan, K",https://doi.org/10.1061/JYCEAJ.0004937,Journal Article,Analysis,"Sediment,Hydraulics,Erosion",Laboratory Analysis,Not Applicable,Cohesive,Erosion,Not Applicable,Not Applicable,Not Applicable,Not Applicable,Not Applicable,Not Applicable,Not Applicable,Not Applicable,Not Applicable,Not Applicable
E01353,L0410,,,A manifesto for the equifinality thesis,2006,"Beven, K",https://www.sciencedirect.com/science/article/pii/S002216940500332X,Journal Article,Analysis,Not Applicable,Hydraulic Modeling,Not Applicable,Not Applicable,Not Applicable,Not Applicable,Not Applicable,Not Applicable,Not Applicable,Not Applicable,Not Applicable,Not Applicable,Not Applicable,Not Applicable,Not Applicable
E01354,L0411,,,"Prophecy, reality and uncertainty in distributed hydrological modeling, Advances in Water Resources",1993,"Beven, K",https://www.sciencedirect.com/science/article/pii/030917089390028E,Journal Article,Analysis,Not Applicable,Hydraulic Modeling,Not Applicable,Not Applicable,Not Applicable,Not Applicable,Not Applicable,Not Applicable,Not Applicable,Not Applicable,Not Applicable,Not Applicable,Not Applicable,Not Applicable,Not Applicable
E01355,L0412,,,Hyperconcentrations of suspended sediment,1964,"Beverage, JP, Culbertson, JK",https://ascelibrary.org/doi/abs/10.1061/JYCEAJ.0001128,Journal Article,Analysis,Sediment,Not Applicable,Not Applicable,Suspended,Suspended,Not Applicable,Not Applicable,Not Applicable,Not Applicable,Not Applicable,Not Applicable,Semiarid southwestern US,Not Applicable,Not Applicable,Not Applicable
E01356,L0413,,,"Watershed Sediment Yield (Chapter 17 in Sedimentation Engineering, Processes, Measurements, Modeling, and Practice. ASCE Manuals and Reports on Engineering Practice)",2008,"Borah, DK, Krug, EC, Yoder, D",https://ascelibrary.org/doi/epdf/10.1061/9780784408148,Book,Design,Not Applicable,"Hydraulic Equations,Hydraulic Modeling,Sediment Transport Modeling",,Not Applicable,Not Applicable,Not Applicable,Not Applicable,Not Applicable,Not Applicable,Not Applicable,Not Applicable,Not Applicable,Not Applicable,Not Applicable,Not Applicable
E01357,L0414,,,"Calculations of Suspended Load Discharge from Velocity, and Concentration Parameters",1963,"Brooks, NH",https://usace.contentdm.oclc.org/digital/collection/p266001coll1/id/10017/,Conference Paper,Analysis,"Sediment,Hydraulics","Hydraulic Equations,Laboratory Analysis,Sediment Transport Modeling",Not Applicable,"Sand,Suspended",Suspended,Not Applicable,Not Applicable,Not Applicable,Not Applicable,Not Applicable,Not Applicable,Not Applicable,Not Applicable,Not Applicable,Not Applicable
E01358,L0415,,,A simple Approach to Distinguish Land-use and Climate-change Effects on Watershed Hydrology,2009,"Tomer, MD, Schilling, KE",https://doi.org/10.1016/j.jhydrol.2009.07.029,Journal Article,Analysis,"Hydraulics,Land Use",Hydraulic Equations,Watershed Planning,Not Applicable,Not Applicable,Yes,Not Applicable,Not Applicable,Not Applicable,Not Applicable,Not Applicable,"Midwest,Agricultural",Not Applicable,Agriculture,Not Applicable
E01359,L0416,,,Transfer Function for the Deposition of Poorly Sorted Gravel in Response to Streambed Aggradation,1996,"Toro-Escobar, CE, Parker, G, Paola, C",https://doi.org/10.1080/00221689609498763,Journal Article,Analysis,Sediment,"Laboratory Analysis,Sediment Transport Modeling",Not Applicable,"Gravel,Sand",Bedload,Not Applicable,Not Applicable,Not Applicable,Not Applicable,Not Applicable,Not Applicable,Not Applicable,Not Applicable,Not Applicable,Not Applicable
E01360,L0417,,,Contribution of stream channel erosion to sediment yield from an urbanizing watershed,1997,"Trimble, SW",https://doi.org/10.1126/science.278.5342.1442,Journal Article,Analysis,Bathymetry,Not Applicable,Not Applicable,Not Applicable,Bank erosion,Not Applicable,Not Applicable,Not Applicable,Not Applicable,Not Applicable,Not Applicable,Not Applicable,Not Applicable,Urban,Not Applicable
E01361,L0418,,,Flow Control to Manage River Ice,1999,"Tuthill, AM",https://apps.dtic.mil/sti/pdfs/ADA366402.pdf,ERDC TN,Operations,Ice,Hydraulic Modeling,Operations,Not Applicable,Not Applicable,Yes,Not Applicable,Not Applicable,Not Applicable,"Flood,Structure failure,Adaptive MaNot Applicablegement",Ice,"Northern, ice-affected rivers",Not Applicable,Not Applicable,Regulated rivers
E01362,L0419,,,Ice Engineering: Methods to Evaluate Potential for Ice Impacts on Sediment Stability,2005,"Tuthill, AM, White, KD",http://hdl.handle.net/11681/2598,ERDC TN,Planning,Ice,Not Applicable,Not Applicable,Not Applicable,"Bank erosion,Erosion",Not Applicable,Not Applicable,Not Applicable,Not Applicable,"Flood,ContamiNot Applicableted Sediment Transport",Ice,ice-affected rivers,Not Applicable,Not Applicable,Not Applicable
E01363,L0420,,,Probability Distributions for Peak Stages on Rivers Affected by Ice Jams,1996,"Tuthill, AM, Wuebben, JL, Daly, SF, White, KD",https://doi.org/10.1061/(ASCE)0887-381X(1996)10:1(36),Journal Article,"Planning,Analysis","Bathymetry,Hydraulics,Ice","Hydraulic Equations,Hydraulic Modeling,Frequency Analysis",Flood risk,Not Applicable,Not Applicable,Not Applicable,Not Applicable,Not Applicable,Not Applicable,Flood,Ice,ice-affected rivers,Not Applicable,Not Applicable,Not Applicable
E01364,L0421,,,Hydraulic and Physical Properties Affecting Ice Jams,1999,"White, KD",https://apps.dtic.mil/sti/pdfs/ADA375289.pdf,ERDC TN,Analysis,Ice,"Hydraulic Equations,Hydraulic Modeling,Frequency Analysis",Not Applicable,Not Applicable,Not Applicable,Not Applicable,Not Applicable,Not Applicable,Not Applicable,"Flood,Structure failure",Ice,ice-affected rivers,Not Applicable,Not Applicable,Not Applicable
E01365,L0422,,,Impacts of Dam Removal on Riverine Ice Regime,2002,"White, KD, Moore, JN",https://doi.org/10.1061/(ASCE)0887-381X(2002)16:1(2),Journal Article,Planning,Not Applicable,Not Applicable,Flood risk,Not Applicable,"Bank erosion,Suspended,Erosion",Not Applicable,Not Applicable,Not Applicable,Not Applicable,"Flood,ContamiNot Applicableted Sediment Transport",Ice,ice-affected rivers,dam removal,Not Applicable,Not Applicable
E01366,L0423,,,Surface-Based Fractional Transport Rates: Mobilization Thresholds and Partial Transport of a Sand-Gravel Sediment,1993,"Wilcock, PR, McArdell, BW",https://doi.org/10.1029/92WR02748,Journal Article,Analysis,"Sediment,Hydraulics","Hydraulic Equations,Laborabory Analysis",Not Applicable,"Gravel,Sand",Bedload,Not Applicable,Not Applicable,Not Applicable,Not Applicable,Not Applicable,Not Applicable,Not Applicable,Not Applicable,Not Applicable,Not Applicable
E01367,L0424,,,Examination of Stage-Discharge Relationships of Compound/Composite Channels,1989,"Williams, DT, Julien, PY",https://books.google.com/books/about/Proceedings of the International Confere.html?id=3H1jSwAACAAJAJ,Conference Paper,"Analysis,Methods",Not Applicable,"Hydraulic Equations,Hydraulic Modeling",Not Applicable,Not Applicable,Not Applicable,Not Applicable,Not Applicable,Not Applicable,Not Applicable,Not Applicable,Not Applicable,Not Applicable,Not Applicable,Not Applicable,Meandering rivers
E01368,L0425,,,Downstream Effects of Dams on Alluvial Rivers,1984,"Williams, GP, Wolman, MG",https://pubs.usgs.gov/pp/1286/report.pdf,USGS Report,Analysis,"Sediment,Ecological,Hydraulics,Elevation,Channel Geometry",Regression,Not Applicable,Not Applicable,Not Applicable,Yes,Yes,Not Applicable,Not Applicable,Not Applicable,Not Applicable,Not Applicable,Not Applicable,Not Applicable,Not Applicable
E01369,L0426,,,Quantifying Sediment Sources to the Suspended Load of an Agricultural Stream Using Radioisotopes,2014,"Wilson, CG, Papanicolaou, AN, Denn, KD, Abban, B",https://doi.org/10.1061/9780784413548.125,Conference Paper,Analysis,"Sediment,Hydraulics,Elevation",Not Applicable,Watershed Planning,Not Applicable,"Bank erosion,Erosion",Not Applicable,Not Applicable,Not Applicable,Not Applicable,Not Applicable,Not Applicable,"Midwest,Agricultural",land management,Agriculture,Not Applicable
E01370,L0427,,,Combining historical and process perspectives to infer ranges of geomorphic variability and inform river restoration in a wandering gravel-bed river,2012,"Woelfle-Erskine, C, Wilcox, AC, Moore, JN",https://doi.org/10.1002/esp.3276,Journal Article,Analysis,Channel Migration,Not Applicable,"Flood risk,Maintenance",Not Applicable,Not Applicable,Not Applicable,Not Applicable,Not Applicable,Not Applicable,"Flood,Adaptive MaNot Applicablegement,ContamiNot Applicableted Sediment Transport",Not Applicable,Not Applicable,dam removal,Not Applicable,"Braided rivers,meandering rivers,Modified streams"
E01371,L0428,,,"Bed material sampling in gravel-bed streams, sediment survey section, environment Canada",1986,"Yuzyk, TR",,Book,"Analysis,Methods",Sediment,Not Applicable,Not Applicable,"Gravel,Sand",Bedload,Not Applicable,Not Applicable,Not Applicable,Not Applicable,Not Applicable,Not Applicable,Not Applicable,Not Applicable,Not Applicable,Not Applicable
E01372,L0429,,,"Final Report to Congress: The Streambank Erosion Control Evaluation and Demonstration Act of1974, Section 32, Public Law 93-251.  Main Report",1981,USACE,https://usace.contentdm.oclc.org/digital/collection/p16021coll5/id/1227/,USACE Report,Reporting,"Sediment,Hydraulics,Channel Geometry,Erosion,Economic damage",Laboratory Analysis,"Economics,Maintenance",Not Applicable,"Bank erosion,Headcut,Erosion",Not Applicable,Yes,Not Applicable,Not Applicable,"Structure failure,Adaptive MaNot Applicablegement",Ice,Not Applicable,Not Applicable,Not Applicable,Not Applicable
E01373,L0430,,,**Public Law 84-99. Emergency Response to Natural Disasters,2003,USACE,https://www.ecfr.gov/current/title-33/chapter-II/part-203,Regulation,Operations,Not Applicable,Not Applicable,Flood risk,Not Applicable,Not Applicable,Not Applicable,Not Applicable,Not Applicable,Not Applicable,"Flood,Drought",Ice,Not Applicable,Not Applicable,Not Applicable,Not Applicable
E01374,L0431,,,Environmental Engineering for Flood Control Channels,1989,USACE,https://www.publications.usace.army.mil/portals/76/publications/engineermanuals/em 1110-2-1205.pdf,USACE EM,"Planning,Design,Construction,Maintenance",Not Applicable,Not Applicable,"Flood risk,Maintenance",Not Applicable,Not Applicable,Not Applicable,Yes,Not Applicable,Not Applicable,Not Applicable,Not Applicable,Not Applicable,Not Applicable,Not Applicable,Modified streams
E01375,L0432,,,Hydrologic Engineering Requirements for Flood Damage Reduction Studies. EM 1110-2-1419,1995,USACE,https://www.publications.usace.army.mil/Portals/76/Publications/EngineerManuals/EM 1110-2-1419.pdf?ver=2013-09-04-070800-500,USACE EM,"Planning,Design",Not Applicable,"Hydraulic Modeling,Sediment Transport Modeling,Frequency Analysis","Flood risk,Economics",Not Applicable,Not Applicable,Not Applicable,Not Applicable,Not Applicable,Yes,Flood,Not Applicable,Not Applicable,Flood diversion,Not Applicable,Not Applicable
E01376,L0433,,,Sedimentation Investigations of Rivers and Reservoirs. EM 1110-2-4000,1995,USACE,https://publibrary.sec.usace.army.mil/api/download?id=39886fde-17c7-425d-8988-0c3ef365e667&filename=EM 1110-2-4000 FINAL 4Aug2025.pdf&token=&preview=true,USACE EM,Planning,Not Applicable,"Laboratory Analysis,Sediment Transport Modeling,Frequency Analysis,Regression",Not Applicable,Not Applicable,"Bank erosion,Headcut,Suspended,Debris,Erosion,Dredging,Bedload",Not Applicable,Not Applicable,Not Applicable,Yes,"Flood,drought,Structure failure,Adaptive MaNot Applicablegement","Debris flow,wildfire,ice",Not Applicable,"Sediment release,land management,dam removal",Not Applicable,"Mountain torrents,Alluvial fans,Braided rivers,Arroyos,Meandering rivers,Modified streams,Regulated rivers,Deltas,Underfit streams,Cohesive channels"
E01377,L0434,,,**Hydraulic Design for Local Flood Protection Projects.  ER 1110-2-1405,1982,USACE,ER 1110-2-1405,USACE EM,Design,Not Applicable,Not Applicable,Not Applicable,Not Applicable,Not Applicable,Not Applicable,Not Applicable,Not Applicable,Not Applicable,Not Applicable,Not Applicable,Not Applicable,Not Applicable,Not Applicable,Not Applicable
E01378,L0435,,,"Engineering and Design, Notes on Sedimentation Activities",1981,USACE,https://www.publications.usace.army.mil/Portals/76/Publications/EngineerRegulations/ER 1110-2-4001.pdf,USACE EM,Reporting,Sediment,Not Applicable,Not Applicable,Not Applicable,Not Applicable,Not Applicable,Not Applicable,Not Applicable,Not Applicable,Not Applicable,Not Applicable,Not Applicable,Not Applicable,Not Applicable,Not Applicable
E01379,L0436,,,Additional Guidance for Riprap Channel Protection,1971,USACE,,USACE Report,Design,Not Applicable,Hydraulic Equations,Not Applicable,Rock,Not Applicable,Not Applicable,Not Applicable,Not Applicable,Not Applicable,Not Applicable,Not Applicable,Not Applicable,Not Applicable,Not Applicable,Not Applicable
E01380,L0437,,,HEC 6 Scour and Deposition in Rivers and Reservoirs: User Manual,1993,HEC,https://www.hec.usace.army.mil/publications/ComputerProgramDocumentation/HEC-6 UsersManual (CPD-6).pdf,USACE Report,Analysis,Not Applicable,"Hydraulic Equations,Hydraulic Modeling,Sediment Transport Modeling",Not Applicable,Not Applicable,"Suspended,Bedload",Not Applicable,Not Applicable,Not Applicable,Not Applicable,Not Applicable,Not Applicable,Not Applicable,Not Applicable,Not Applicable,Not Applicable
E01381,L0438,,,Soil Conservation Service Low Drop Structure Model Study,1991,"Tate, CH",https://hdl.handle.net/11681/13383,ERDC TN,"Design,Analysis",Hydraulics,"Hydraulic Modeling,Laboratory Analysis",Not Applicable,Rock,Erosion,Not Applicable,Not Applicable,Not Applicable,Not Applicable,Not Applicable,Not Applicable,Not Applicable,Not Applicable,Not Applicable,Modified streams
E01382,L0439,,,Application of Methods and Models for Prediction of Land Surface Erosion and Yield,1995,USACE-HEC,https://apps.dtic.mil/sti/pdfs/ADA294130.pdf,USACE Report,"Analysis,Methods",Not Applicable,Sediment Transport Modeling,Not Applicable,Not Applicable,Erosion,Not Applicable,Not Applicable,Not Applicable,Not Applicable,Not Applicable,"wildfire,Alluvial Fans",Not Applicable,Not Applicable,Not Applicable,Not Applicable
E01383,L0440,,,Sediment Management at the Watershed Level,2012,"Leech, JR, Biedenharn, D",https://apps.dtic.mil/sti/pdfs/ADA571746.pdf,ERDC TN,"Analysis,Methods",Sediment,Sediment Transport Modeling,Watershed Planning,Not Applicable,"Bank erosion,Headcut,Suspended,Erosion",Not Applicable,Not Applicable,Not Applicable,Not Applicable,Not Applicable,Not Applicable,Mississippi Delta,land management,Agriculture,Modified streams
E01384,L0441,,,Best Practices in Dam and Levee Safety Risk Analysis. Chapter D-1 in Erosion of Rock and Soil. Version 4.1,2019,USBR/USACE,https://www.usbr.gov/damsafety/risk/BestPractices/Chapters/D1-ErosionOfRockAndSoil.pdf,Government Report,"Design,Analysis,Methods","Sediment,Hydraulics,Erosion","Hydraulic Equations,Laboratory Analysis,Sediment Transport Modeling",Not Applicable,"Cohesive,Gravel,Sand,Rock,Silt,Clay","Headcut,Erosion",Not Applicable,Not Applicable,Not Applicable,Not Applicable,Structure failure,Not Applicable,Not Applicable,Not Applicable,Not Applicable,Not Applicable
E01385,L0442,,,$ Standard Specifications for Transportation Materials and Methods of Sampling and Testing. Part 1 – Specifications. Reference AASHTO Method M 145,1998,AASHTO,https://store.transportation.org/Item/PublicationDetail?ID=457,Standard,"Analysis,Methods",,,,,,,,,,,,,,,
E01386,L0443,,,Selecting a methodology for delineating mudslide hazard areas for the National Flood Insurance Program,1982,NRC,https://doi.org/10.17226/19560,Government Report,"Analysis,Methods",Not Applicable,Regression,Flood Risk,Not Applicable,"Debris,Erosion",Not Applicable,Not Applicable,Not Applicable,Not Applicable,Flood,"Debris flow,Landslide,Alluvial Fans",Not Applicable,Not Applicable,Not Applicable,"Mountain torrents,Alluvial fans"
E01387,L0444,,,Collection and Use of Total Suspended Solids Data,2006,USGS,https://water.usgs.gov/water-resources/memos/memo.php?id=723,USGS Report,Methods,Not Applicable,Not Applicable,Not Applicable,Suspended,Suspended,Not Applicable,Not Applicable,Not Applicable,Not Applicable,Not Applicable,Not Applicable,Not Applicable,Not Applicable,Not Applicable,Not Applicable
E01388,L0445,,,"River-ice ecology. I: Hydrologic, geomorphic, and water-quality aspects",2001,"Prowse, TD",https://doi.org/10.1061/(ASCE)0887-381X(2001)15:1(1),Journal Article,Analysis,Not Applicable,Not Applicable,Not Applicable,Not Applicable,"Bank erosion,Suspended,Bedload",Yes,Yes,Not Applicable,Not Applicable,Not Applicable,Ice,ice-affected rivers,Not Applicable,Not Applicable,Not Applicable
E01389,L0446,,,River-ice ecology. II: Biological aspects,2001,"Prowse, TD",https://doi.org/10.1061/(ASCE)0887-381X(2001)15:1(17),Journal Article,Analysis,Not Applicable,Not Applicable,Not Applicable,Not Applicable,Not Applicable,Yes,Yes,Yes,Not Applicable,Not Applicable,Ice,ice-affected rivers,Not Applicable,Not Applicable,Not Applicable
E01390,L0447,,,The ecology of river ice,2021,"Thellman, A, Jankowski, KJ, Hayden, B, Yang, X, Dolan, W, Smits, AP, O'Sullivan, AM",https://doi.org/10.1029/2021JG006275,Journal Article,Analysis,Not Applicable,Not Applicable,Not Applicable,Not Applicable,Not Applicable,Yes,Yes,Not Applicable,Not Applicable,Not Applicable,Ice,ice-affected rivers,Not Applicable,Not Applicable,Not Applicable
E01391,L0448,,,"Reservoir Conservation Model RESCON 2 Beta, Economic and Engineering Evaluation of Alternative Sediment Management Strategies",2017,"Efthymiou, NP, Palt, S, Annandale, GW, Karki, P",https://www.engr.colostate.edu/~pierre/ce old/classes/CE716/RESCON2%20Manual 10-08-17.pdf,Design Manual,"Planning,Analysis",Not Applicable,"Sediment Transport Modeling,Regression",Operations,"Sand,Gravel,Rock,Clay","Suspended,Bedload",Not Applicable,Not Applicable,Not Applicable,Yes,Not Applicable,Not Applicable,Not Applicable,"Sediment release,land management,Flood diversion",Not Applicable,Not Applicable
E01392,L0449,,,Formulas for Sediment Porosity and Settling Velocity,2006,"Wu, W, Wang, SSY",https://doi.org/10.1061/(ASCE)0733-9429(2006)132:8(858),Journal Article,Analysis,"Sediment,Hydraulics","Hydraulic Equations,Sediment Transport Modeling,Regression",Not Applicable,"Gravel,Sand,Silt,Clay","Erosion,Reservoir pool",Not Applicable,Not Applicable,Not Applicable,Not Applicable,Not Applicable,Not Applicable,Worldwide,"Sediment release,Deposition Control",Not Applicable,Not Applicable
E01393,L0450,,,Relative scale of time and effectiveness,1978,"Wolman, MG, Gerson, R",https://doi.org/10.1002/esp.3290030207,Journal Article,"Planning,Analysis","Bathymetry,Hydraulics","Hydraulic Modeling,Frequency Analysis,Regression",Watershed planning,Bedload,"Bank erosion,Erosion",Yes,Not Applicable,Not Applicable,Yes,Flood,Landslide,Worldwide,"Sediment release,land management",Multi-use,Not Applicable
E01394,L0451,,,A scale of grade and class terms for clastic sediments,1922,"Wentworth, CK",https://www.jstor.org/stable/30063207?seq=1#metadata info tab contents,Journal Article,Reporting,Sediment,Not Applicable,Not Applicable,"Gravel,Rock,Sand,Silt,Clay",Not Applicable,Not Applicable,Not Applicable,Not Applicable,Not Applicable,Not Applicable,Not Applicable,"USA,England",Not Applicable,Not Applicable,Not Applicable
E01395,L0452,,,Mechanical composition of clastic sediments,1914,"Udden, JA",https://doi.org/10.1130/GSAB-25-655,Journal Article,Reporting,Sediment,Not Applicable,Not Applicable,"Gravel,Rock,Sand,Silt,Clay",Not Applicable,Not Applicable,Not Applicable,Not Applicable,Not Applicable,Not Applicable,Not Applicable,Worldwide,Not Applicable,Not Applicable,Not Applicable
E01396,L0453,,,"Principles, methods, and application of particle size analysis",1991,"Syvitski, J",https://doi.org/10.1017/CBO9780511626142,Book,"Reporting,Analysis",Sediment,Laboratory Analysis,Not Applicable,"Gravel,Sand,Silt,Clay",Not Applicable,Not Applicable,Not Applicable,Not Applicable,Not Applicable,Not Applicable,Not Applicable,Not Applicable,Not Applicable,Not Applicable,Not Applicable
E01397,L0454,,,Forms of bed roughness in alluvial channels,1961,"Simons, DB, Richardson, EV",https://doi.org/10.1061/JYCEAJ.0000612,Journal Article,Analysis,"Bathymetry,Sediment,Hydraulics","Laboratory Analysis,Sediment Transport Modeling",Not Applicable,"Sand,Suspended,Bedload","Erosion,Suspended",Not Applicable,Not Applicable,Not Applicable,Not Applicable,Not Applicable,Not Applicable,Not Applicable,"Sediment release,Deposition Control",Not Applicable,Not Applicable
E01398,L0455,,,Uniform water conveyance channels in alluvial material,1963,"Simons, DB, Albertson, ML",https://doi.org/10.1061/TACEAT.0008728,Journal Article,Analysis,"Bathymetry,Sediment,Hydraulics","Laboratory Analysis,Sediment Transport Modeling,Regression",Not Applicable,"Cohesive,Gravel,Sand","Erosion,Suspended",Not Applicable,Not Applicable,Not Applicable,Not Applicable,Not Applicable,Not Applicable,"India,Wyoming,Colorado,Nebraska","Sediment release,Deposition Control",Not Applicable,Not Applicable
E01399,L0456,,,Theory and design of stable channels in alluvial materials,1957,"Simons, DB",http://hdl.handle.net/10217/68215,Thesis,Analysis,"Bathymetry,Sediment,Hydraulics","Laboratory Analysis,Sediment Transport Modeling,Regression",Not Applicable,"Cohesive,Gravel,Sand","Erosion,Suspended",Not Applicable,Not Applicable,Not Applicable,Not Applicable,Not Applicable,Not Applicable,"India,Wyoming,Colorado,Nebraska","Sediment release,Deposition Control",Not Applicable,Not Applicable
E01400,L0457,,,Development and Prediction of Bed Armoring,1983,"Shen, HW, Lu, JY",https://doi.org/10.1061/(ASCE)0733-9429(1983)109:4(611),Journal Article,"Reporting,Analysis","Bathymetry,Sediment,Hydraulics","Laboratory Analysis,Sediment Transport Modeling,Regression",Not Applicable,"Suspended,Bedload","Erosion,Suspended",Not Applicable,Not Applicable,Not Applicable,Not Applicable,Not Applicable,Not Applicable,"Colorado,Nebraska","Sediment release,Deposition Control",Not Applicable,Not Applicable
E01401,L0458,,,Experiments on downstream fining of gravel: I. Narrow-channel runs,1997,"Seal, R, Paola, C, Parker, G, Southard, JB, Wilcock, PR",http://dx.doi.org/10.1061/(ASCE)0733-9429(1997)123:10(874),Journal Article,Analysis,"Bathymetry,Sediment,Hydraulics",Laboratory Analysis,Not Applicable,"Gravel,Sand","Erosion,Suspended",Not Applicable,Not Applicable,Not Applicable,Not Applicable,Not Applicable,Not Applicable,Not Applicable,"Sediment release,Deposition Control",Not Applicable,Not Applicable
E01402,L0459,,,Experimental Study of Channel Patterns,1972,"Schumm, SA, Khan, HR",https://doi.org/10.1130/0016-7606(1972)83[1755:ESOCP]2.0.CO;2,Journal Article,Analysis,"Bathymetry,Sediment,Hydraulics",Laboratory Analysis,Not Applicable,Clay,"Erosion,Suspended",Not Applicable,Not Applicable,Not Applicable,Not Applicable,Not Applicable,Not Applicable,Not Applicable,"Sediment release,Deposition Control",Not Applicable,"Meandering rivers,Braided rivers"
E01403,L0460,,,Nationwide summary of U.S. Geological Survey regional regression equations for estimating magnitude and frequency of floods for ungaged sites,1994,USGS,https://doi.org/10.3133/wri944002,USGS Report,"Planning,Design",Rainfall,"Frequency Analysis,Regression",Flood Risk,Not Applicable,Not Applicable,Not Applicable,Not Applicable,Not Applicable,Not Applicable,Flood,Not Applicable,Not Applicable,Not Applicable,Not Applicable,Not Applicable
E01404,L0461,,,Downstream coarsening in headwater channels,2003,"Brummer, CJ, Montgomery, DR",https://agupubs.onlinelibrary.wiley.com/doi/10.1029/2003WR001981,Journal Article,Analysis,"Sediment,Elevation,Channel Geometry",Regression,Not Applicable,"Gravel,Bedload,Woody Particles","Bank erosion,Suspended,Debris,Erosion,Bedload",Not Applicable,Not Applicable,Not Applicable,Not Applicable,Not Applicable,Debris flow,Mountain draiNot Applicablege basins,Not Applicable,forestry,Mountain torrents
E01405,L0462,,,RUSLE: Revised universal soil loss equation,1991,"Renard, KG, Foster, GR, Weesies, GA, Porter, JP",https://www.jswconline.org/content/46/1/30,Journal Article,"Planning,Design,Reporting","Sediment,Hydraulics",Sediment Transport Modeling,Watershed planning,"Suspended,Bedload",Erosion,Not Applicable,Not Applicable,Not Applicable,Not Applicable,Not Applicable,Not Applicable,Worldwide,land management,Agriculture,Not Applicable
E01406,L0463,,,Soil and water assessment tool theoretical documentation version 2009,2011,"Neitsch, S, Arnold, J, Kiniry, JR, Williams, J",https://hdl.handle.net/1969.1/128050,Government Report,"Planning,Reporting","Water Quality,Sediment,Ecological,Hydraulics","Hydraulic Modeling,Sediment Transport Modeling",Watershed planning,Suspended,Erosion,Yes,Yes,Yes,Yes,Adaptive MaNot Applicablegement,Not Applicable,United States,land management,"Urban,Agriculture",Not Applicable
E01407,L0464,,,Tractive force design of vegetated channels,1980,"Temple, DM",https://doi.org/10.13031/2013.34681,Journal Article,"Design,Analysis","Bathymetry,Hydraulics",Hydraulic Equations,"Flood risk,Operations",Not Applicable,Not Applicable,Yes,Yes,Yes,Not Applicable,Not Applicable,Not Applicable,Not Applicable,Not Applicable,Not Applicable,Modified Streams
E01408,L0465,,,This is a Test,1111,Jane Doe,,Journal Article,Planning,"Bathymetry,Ecological",Ecological_Modeling,Watershed_planning,Clay,Suspended,,,Yes,,Adaptive_Management,Not_Applicable,Narnia,Sediment_release,Multi-use,Mountain_torrents
E01409,L0465,usa-east-of-the-rocky-mountains,(USA) East of the Rocky Mountains,This is a Test,1111,Jane Doe,,Journal Article,Planning,"Bathymetry,Ecological",Ecological_Modeling,Watershed_planning,Clay,Suspended,,,Yes,,Adaptive_Management,Not_Applicable,Narnia,Sediment_release,Multi-use,Mountain_torrents
E01410,L0466,john-redmond-dam,John Redmond Dam,"Continuous Reservoir Sedimentation Management: Cost-Effective Hydrosuction DredgingDemonstration at John Redmond Reservoir, Kansas",2026,"Lee, J, Shelley, J, Hansen, C, Chu, S, Hill-Nelson, S, Olson, J",https://ewr.openei.org/submissions/97,Government Report,"Operations,Maintenance,Analysis",Not_Applicable,Not_Applicable,"Economics,Maintenance,Operations",Not_Applicable,"Reservoir_pool,Reservoir_release",Not Applicable,Not Applicable,Not Applicable,Not Applicable,Not_Applicable,Not_Applicable,Kansas,Sediment_release,Not_Applicable,Not_Applicable
