lit_id,title,year,author,doi,document_type,purpose,data_collection,modeling,adaptive_management,sediment_characteristic,sediment_source,covered_topics_ecohydrology,covered_topics_ecohydraulics,covered_topics_ecological_systems,covered_topics_future_conditions,risk_and_uncertainty,special_cases,geography,sustainable_sediment_management,land_use,channel_type,site_names,longitude,latitude
L0001,Characterizing and Mapping Sediment Erodibility of Tuttle Creek Lake in Northeast Kansas,2016,"Bloedel, PM",https://krex.k-state.edu/server/api/core/bitstreams/4cdcf3f4-91f4-4782-9117-98d48f867272/content,Thesis,Analysis,Sediment,Laboratory Analysis,Watershed Planning,Cohesive,"Reservoir Pool,Bank Erosion",Not Applicable,Not Applicable,Not Applicable,Not Applicable,Not Applicable,Not Applicable,,Not Applicable,Not Applicable,,Tuttle Creek,5.6843418860808e-14,5.6843418860808e-14
L0002,Monitoring Geomorphology to Inform Ecological Outcomes Downstream of Reservoirs Affected by Sediment Release,2024,"Harris, AE, Hernandez-Abrams, DD",http://dx.doi.org/10.21079/11681/48470,ERDC TN,"Analysis,Planning","Bathymetry,Sediment,Ecological","Hydraulic Modeling,Sediment Transport Modeling",Operations,"Cohesive,Sand,Gravel,Suspended",Reservoir Release,Yes,Yes,Not Applicable,Not Applicable,Not Applicable,Not Applicable,,Sediment Release,Not Applicable,,Tuttle Creek,5.6843418860808e-14,5.6843418860808e-14
L0003,"Suspended-sediment loads, reservoir sediment trap efficiency, and upstream and downstream channel stability for Kanopolis and Tuttle Creek Lakes, Kansas",2008,"Juracek, KE",USGS SIR 2011-5187,Government Report,Analysis,"Sediment,Bathymetry",Regression,Watershed Planning,Suspended,"Headcut,Suspended",Not Applicable,Not Applicable,Not Applicable,Not Applicable,Not Applicable,Not Applicable,,Not Applicable,Not Applicable,,Tuttle Creek,5.6843418860808e-14,5.6843418860808e-14
L0004,Effect of Water-Injection Dredging (WID) Operations on Water Quality Downstream from Tuttle Creek Reservoir,2024,Kansas Water Science Center,https://www.usgs.gov/centers/kansas-water-science-center/science/effect-water-injection-dredging-wid-operations-water,USGS Report,"Planning,Analysis,Reporting","Water Quality,Sediment",Regression,Operations,Suspended,Reservoir Release,Not Applicable,Not Applicable,Not Applicable,Not Applicable,Not Applicable,Not Applicable,,Sediment Release,Not Applicable,,Tuttle Creek,5.6843418860808e-14,5.6843418860808e-14
L0005,"Analysis of a Hydrosuction Sediment Removal System for Tuttle Creek Lake, Kansas",2019,"Shelley, J",ERDC/TN RSM-19-5,ERDC TN,Operations,Not Applicable,Hydraulic Equations,Operations,Suspended,Reservoir Release,Not Applicable,Not Applicable,Not Applicable,Not Applicable,Not Applicable,Not Applicable,,Sediment Release,Not Applicable,,Tuttle Creek,5.6843418860808e-14,5.6843418860808e-14
L0006,Reservoir Sediment Management Workshop for Tuttle Creek Lake and Perry Lake Reservoirs in the Kansas River Basin,2015,"Shelley, J",ERDC/CHL CHETN-XIV-43,ERDC TN,Planning,Public Participation,Not Applicable,"Operations,Maintenance",Not Applicable,Reservoir Release,Not Applicable,Not Applicable,Not Applicable,Not Applicable,Not Applicable,Not Applicable,,Sediment Release,Not Applicable,,Tuttle Creek,5.6843418860808e-14,5.6843418860808e-14
L0007,Cochiti Baseline Study: A Data Compendium,2013,USACE,https://www.spa.usace.army.mil/Portals/16/docs/civilworks/Cochiti%20Baseline%20Summary.pdf,USACE Report,Reporting,"Bathymetry,Sediment,Ecological",Sediment Transport Modeling,Watershed Planning,"Cohesive,Sand",Not Applicable,Not Applicable,Yes,Yes,Not Applicable,Not Applicable,Not Applicable,,Not Applicable,Not Applicable,,Cochiti,5.6843418860808e-14,5.6843418860808e-14
L0008,"Numerical Sedimentation Study of Shoaling on the Ohio River near Mound City, Illinois",2015,"Abraham, D, Clifton, N, Vessels, B (USACE-ERDC-CHL)",https://usace.contentdm.oclc.org/digital/collection/p266001coll1/id/3911/,ERDC TN,Analysis,"Bathymetry,Sediment","Hydraulic Modeling,Sediment Transport Modeling",Economics,"Sand,Suspended",Suspended,Not Applicable,Not Applicable,Not Applicable,Yes,Not Applicable,Not Applicable,"Ohio River, Mound City, IL",Not Applicable,Not Applicable,,Ohio River,5.6843418860808e-14,5.6843418860808e-14
L0009,Mississippi River channel response to the Bonnet Carré Spillway opening in the 2011 flood and its implications for the design and operation of river diversions,2013,"Allison, MA, Vosburg, BM, Ramirez, MT, Meselhe, EA",http://dx.doi.org/10.1016/j.jhydrol.2012.11.011,Journal Article,Reporting,"Bathymetry,Water Quality,Sediment,Hydraulics",Regression,"Flood risk,watershed planning,Maintenance,Operations","Cohesive,Sand,Suspended",Suspended,Not Applicable,Not Applicable,Not Applicable,Yes,Flood,Not Applicable,Lower Mississippi River,Flood diversion,Wetlands,,Bonnet Carré Spillway,5.6843418860808e-14,5.6843418860808e-14
L0010,Calibrating a Sediment Transport Model through a Gravel-Sand Transition: Avoiding Equifinality Errors in HEC-RAS Models of the Puyallup and White Rivers,2017,"Gibson, S, Comport, B, Corum, Z",https://doi.org/10.1061/9780784480625.017,Conference Paper,Analysis,"Bathymetry,Water Quality,Sediment",Sediment Transport Modeling,Flood risk,"Gravel,Sand",Suspended,Not Applicable,Not Applicable,Not Applicable,Yes,Flood,Not Applicable,"Washington, USA",Not Applicable,Not Applicable,,Mud Mountain Dam,5.6843418860808e-14,5.6843418860808e-14
L0011,Two pool-to-pool spacing periods on large sand-bed rivers: Mega-pools on the Madeira and Mississippi,2019,"Gibson, S, Osorio, A, Creech,C, Amorim, R, Dircksen, M, Dahl, T, Koohafkan, M",https://doi.org/10.1016/j.geomorph.2018.12.021,Journal Article,Analysis,"Bathymetry,Hydraulics","Hydraulic Modeling,Frequency Analysis",Not Applicable,Sand,"Suspended,Erosion",Not Applicable,Not Applicable,Not Applicable,Yes,Not Applicable,Not Applicable,,Land Management,Not Applicable,,"Madeira River,Mississippi River",5.6843418860808e-14,5.6843418860808e-14
L0012,Negotiating Hydraulic Uncertainty in Long Term Reservoir Sediment Models: Simulating Argandab Reservoir Deposition with HEC-RAS,2015,"Gibson, S, Pridal, D",https:/www.sedhyd.org/past/Proceedings%20(1).pdf,Conference Paper,"Planning,Analysis","Bathymetry,Sediment,Hydraulics",Sediment Transport Modeling,"Maintenance,Operations",Sand,Suspended,Not Applicable,Not Applicable,Not Applicable,Yes,Not Applicable,Not Applicable,Afghanistan,Deposition Control,Not Applicable,,Dahla Dam,5.6843418860808e-14,5.6843418860808e-14
L0013,Environmental Effects of the Big Rapids Dam Remnant Removal,2003,"Healy, DF, Rheaume, SJ, Simpson, JA",https://doi.org/10.3133/wri034136,Government Report,"Reporting,Analysis","Bathymetry,Water Quality,Sediment","Frequency Analysis,Regression",Maintenance,"Suspended,Bedload","Bank erosion,Reservoir release",Not Applicable,Not Applicable,Not Applicable,Not Applicable,Not Applicable,Not Applicable,Michigan,"Sediment release,dam removal,Depostion control",Not Applicable,,Big Rapids Dam,5.6843418860808e-14,5.6843418860808e-14
L0014,In situ measurements of post-fire debris flows in southern California: Comparisons of the timing and magnitude of 24 debris-flow events with rainfall and soil moisture conditions,2011,"Kean, JW, Staley, DM, Cannon, SH",https://doi.org/10.1029/2011JF002005,Journal Article,"Operations,Analysis","Bathymetry,Sediment,Hydraulics","Hydraulic Equations,Frequency Analysis,Regression","Watershed Planning,Operations","Gravel,Sand,Suspended,Rock",Debris,Not Applicable,Not Applicable,Not Applicable,Not Applicable,Flood,"Debris flow,Wildfire",Southern California,Land Management,Not Applicable,,"Arroyo Seco,Jesusita,Dunsmore 2,Dunsmore 1,Big Tujunga",5.6843418860808e-14,5.6843418860808e-14
L0015,Evaluating Pre- and Post-Fire Peak Discharge Predictions across Western U.S. Watersheds,2014,"Kinoshita, AM, Hogue, TS, Napper, C",https://doi.org/10.1111/jawr.12226,Journal Article,Analysis,Hydraulics,"Hydraulic Modeling,Frequency Analysis","Flood risk,Watershed planning",Not Applicable,Not Applicable,Not Applicable,Not Applicable,Not Applicable,Yes,Flood,Wildfire,Western USA,Not Applicable,Not Applicable,,"Andrews Creek,Arroyo Seco,Devil Canyon,Frye Creek,Bull #3,Rock Creek,Fridley,Hayman",5.6843418860808e-14,5.6843418860808e-14
L0016,"A Rainfall Intensity-Duration Threshold for Landslides in a Humid-Tropical Environment, Puerto Rico",1993,"Larsen, M, Simon, A",https://doi.org/10.2307/521049,Journal Article,Analysis,"Bathymetry,Hydraulics",Regression,Watershed planning,"Cohesive,Gravel,Sand",Debris,Not Applicable,Not Applicable,Not Applicable,Not Applicable,Flood,Debris flow,Puerto Rico,Land Management,"Forestry,Upland",,Puerto Rico,5.6843418860808e-14,5.6843418860808e-14
L0017,"The growing reservoir sedimentation problem in the U.S. Army Engineer District, Pittsburgh: Preparing for the 21st century",1999,"Loehlein, WC",https://doi.org/10.1061/40430(1999)104,Conference Paper,Operations,"Bathymetry,Sediment",Not Applicable,"Flood risk,Operations",Not Applicable,Erosion,Not Applicable,Not Applicable,Not Applicable,Not Applicable,Flood,Not Applicable,Pennsylvania,Deposition Control,Not Applicable,,"Conemaugh River Lake,Loyalhanna Lake,Crooked Creek Lake,Tionesta Lake",5.6843418860808e-14,5.6843418860808e-14
L0018,Sources and sinks of river sediment in the Atlantic Drainage of the United States.,1982,"Meade, RH",https://doi.org/10.1086/628677,Journal Article,Analysis,"Bathymetry,Water quality,Sediment,Hydraulics","Frequency Analysis,Regression",Watershed Planning,Suspended,"Suspended,Erosion",Not Applicable,Not Applicable,Not Applicable,Not Applicable,Not Applicable,Not Applicable,Eastern USA,"Land Management,Deposition control",Lowland,,"East Coast, USA",5.6843418860808e-14,5.6843418860808e-14
L0019,Landside occurrence in the western and central northern Rocky Mountain physiographic provinces in Idaho.,1978,"Megahan, WF, Day, NF, Bliss, TM",https://geodata.geology.utah.gov/pages/download.php?direct=1&noattach=true&ref=4784&ext=pdf&k=,Conference Paper,Analysis,Hydraulics,"Frequency Analysis,Regression","Economics,Watershed planning",Not Applicable,"Debris,Erosion",Yes,Yes,Not Applicable,Not Applicable,Flood,Debris flow,Idaho,Land Management,"Upland,Forestry",,"Clearwater National Forest,Middle Fork Payette River",5.6843418860808e-14,5.6843418860808e-14
L0020,Predicting the deposition in the Aswan High Dam Reservoir using a 2-D model,2013,"Moussa, AMA",https://doi.org/10.1016/j.asej.2012.08.004,Journal Article,"Planning,Design,Analysis","Bathymetry,Sediment","Hydraulic Modeling,Sediment Transport Modeling,Frequency Analysis,Regression","Watershed Planning,Maintenance,Operations","Suspended,Bedload","Suspended,Erosion",Not Applicable,Not Applicable,Not Applicable,Yes,Not Applicable,Not Applicable,Egypt,Deposition control,Not Applicable,,Aswan High Dam,5.6843418860808e-14,5.6843418860808e-14
L0021,"Comparison of Two Techniques to Measure Sediment Erodibility in the Fox River, Wisconsin",2007,"Ravens, T",https://doi.org/10.1061/(ASCE)0733-9429(2007)133:1(111),Journal Article,Analysis,"Bathymetry,Water Quality,Sediment","Laboratory Analysis,Sediment Transport Modeling",Not Applicable,"Cohesive,Suspended","Suspended,Erosion",Not Applicable,Not Applicable,Not Applicable,Not Applicable,Not Applicable,Not Applicable,Wisconsin,Not Applicable,Not Applicable,,Lower Fox River,5.6843418860808e-14,5.6843418860808e-14
L0022,Sediment Budget Development for the Great Lakes Region,2010,"Riedel, M, Selegean J, Dahl, T",https://www.researchgate.net/profile/Mark-Riedel/publication/228481087_SEDIMENT_BUDGET_DEVELOPMENT_FOR_THE_GREAT_LAKES_REGION/links/5b54c75c45851507a7bdc43d/SEDIMENT-BUDGET-DEVELOPMENT-FOR-THE-GREAT-LAKES-REGION.pdf,Conference Paper,"Planning,Operations,Maintenance,Reporting,Analysis",Sediment,Sediment Transport Modeling,"Watershed Planning,Maintenance,Operations","Cohesive,Suspended,Bedload",Suspended,Not Applicable,Not Applicable,Not Applicable,Not Applicable,Not Applicable,Not Applicable,"Great Lakes, USA","Land Management,Deposition control",Multi-use,,Great Lakes,5.6843418860808e-14,5.6843418860808e-14
L0023,"Mill Creek Channel, Walla Walla, Washington : hydraulic model investigation",1986,"Robinson, DW, Copeland, RR",https://hdl.handle.net/11681/13139,ERDC TN,"Operations,Analysis","Bathymetry,Sediment,Hydraulics","Hydraulic Modeling,Laboratory Analysis","Flood risk,Operations","Gravel,Sand","Erosion,Plunge Pool",Yes,Yes,Not Applicable,Not Applicable,Flood,Not Applicable,Washington/Oregon USA,Flood diversion,Urban,,Mill Creek Channel,5.6843418860808e-14,5.6843418860808e-14
L0024,"Effects of simulated water level management on shore erosion rates. Case study: Baskatong Reservoir, Québec, Canada",2001,"Saint-Laurent, D, Touileb, BN, Saucet, JP, Whalen, A, Gagnon, B, Nzakimuena, T",https://doi.org/10.1139/l01-018,Journal Article,"Planning,Analysis","Bathymetry,Sediment,Hydraulics","Sediment Transport Modeling,Frequency Analysis",Watershed Planning,"Gravel,Sand,Suspended","Bank erosion,Suspended",Not Applicable,Not Applicable,Not Applicable,Not Applicable,Not Applicable,Ice,"Quebec, CaNot Applicableda","Land Management,Deposition control",Not Applicable,,Mercier Dam,5.6843418860808e-14,5.6843418860808e-14
L0025,Evaluation of Uncertainties in Conowingo Reservoir Sediment Transport Modeling,2012,"Scott, S",https://dnr.maryland.gov/waters/bay/Documents/LSRWA/SteveScott_ModelingUncertaintyReport_Final_101612.pdf,USACE Report,"Operations,Analysis","Bathymetry,Sediment,Hydraulics","Hydraulic Modeling,Sediment Transport Modeling",Operations,"Suspended,Bedload",Suspended,Not Applicable,Not Applicable,Not Applicable,Not Applicable,Not Applicable,Not Applicable,"Maryland, USA",Deposition Control,Not Applicable,,Conowingo Dam,5.6843418860808e-14,5.6843418860808e-14
L0026,West Bay Sediment Diversion Effects,2013,"Sharp JA, Little CD, Brown GL, Pratt TC, Heath RE, Hubbard LC, Pinkard F, Martin K, Clifton ND, Perkey DW, Ganesh N",https://hdl.handle.net/11681/7733,ERDC TN,"Operations,Analysis","Bathymetry,Sediment,Hydraulics","Hydraulic Modeling,Sediment Transport Modeling",Operations,"Sand,Suspended,Bedload",Suspended,Not Applicable,Not Applicable,Not Applicable,Yes,Flood,Not Applicable,"LouisianNot Applicable, USA",Flood diversion,Wetlands,,West Bay Sediment Diversion (WBSD),5.6843418860808e-14,5.6843418860808e-14
L0027,"Impacts of clear-cutting and road construction on soil erosion by landslides in the western Cascade Range, Oregon",1975,"Swanson, FJ, Dyrness, CT",https://doi.org/10.1130/0091-7613(1975)3%3C393:IOCARC%3E2.0.CO;2,Journal Article,Analysis,Sediment,Frequency Analysis,Watershed Planning,Not Applicable,Not Applicable,Not Applicable,Not Applicable,Not Applicable,Not Applicable,Not Applicable,Debris flow,Oregon,Land Management,Forestry,,H.J. Andrews Experimental Forest,5.6843418860808e-14,5.6843418860808e-14
L0028,"Floods of December 1964 and January 1965 in the Far Western States."" Part 2: Streamflow and Sediment Data",1970,"Waananen, AO, Harris, DD, Williams, RC",https://doi.org/10.3133/wsp1866B,Government Report,Reporting,Hydraulics,Not Applicable,"Flood risk,Watershed Planning",Suspended,Suspended,Not Applicable,Not Applicable,Not Applicable,Not Applicable,Flood,Not Applicable,Northwest USA,Deposition Control,Not Applicable,,"The Great Basin,San Joaquin River and Sacramento River basins,North-coastal California,Upper Columbia River and Snake River basins,Lower Columbia River basin,Willamette River basin,Coastal Oregon",5.6843418860808e-14,5.6843418860808e-14
L0029,Techniques for Estimating Sediment Yield of Ungaged Tributaries on the Southern Colorado Plateau,2001,"Webb, RH, Griffiths, PG, Hartley, DR",https://pubs.usgs.gov/misc/FISC_1947-2006/pdf/1st-7thFISCs-CD/7thFISC/7Fisc-V1/7FISC1-1.pdf#page=27,Conference Paper,Analysis,Sediment,Regression,Watershed Planning,Suspended,"Suspended,Erosion",Not Applicable,Not Applicable,Not Applicable,Not Applicable,Flood,Not Applicable,ArizoNot Applicable,Not Applicable,Not Applicable,,Grand Canyon,5.6843418860808e-14,5.6843418860808e-14
L0030,"Reservoir Evolution, Downstream Sediment Transport, Downstream Channel Change, and Synthesis of Geomorphic Responses of Fall Creek and Middle Fork Willamette River to Water Years 2012–18 Streambed Drawdowns at Fall Creek Lake, Oregon",2023,"Mackenzie K. Keith, J. Rose Wallick, Liam N. Schenk, Laurel E. Stratton Garvin, Gabriel W. Gordon, and Heather M. Bragg",https://doi.org/10.3133/sir20235135,USGS Report,"Reporting,Analysis","Bathymetry,Water Quality,Sediment,Ecological,Hydraulics","Laboratory Analysis,Sediment Transport Modeling,Regression",Operations,"Suspended,Bedload",Reservoir Release,Not Applicable,Yes,Yes,Not Applicable,Not Applicable,,Oregon,Not Applicable,,Regulated river,Fall Creek Dam,5.6843418860808e-14,5.6843418860808e-14
L0031,"Sediment transport, turbidity, and dissolved oxygen responses to annual streambed drawdowns for downstream fish passage in a flood control reservoir",2021,"Liam N. Schenk, Heather M. Bragg",10.1016/j.jenvman.2021.113068,Journal Article,"Reporting,Analysis","Water Quality,Sediment,Hydraulics","Laboratory Analysis,Regression",Operations,Suspended,Reservoir Release,Not Applicable,Not Applicable,Yes,Not Applicable,Not Applicable,,Oregon,Not Applicable,,,Fall Creek Dam,5.6843418860808e-14,5.6843418860808e-14
L0032,"Final Environmental Assessment, Sediment Retention Structure (SRS) Spillway Raise Project, Mount St. Helens Sediment Management for Flood Risk Reduction",2012,,,USACE Report,"Design,Analysis","Bathymetry,Sediment,Hydraulics","Laboratory Analysis,Sediment Transport Modeling,Regression","Maintenance,Operations","Suspended,Bedload",Mt St Helens landslide,Not Applicable,Not Applicable,Not Applicable,Not Applicable,Flood,,Washington,Not Applicable,,,Mt St Helens Sediment Retention Structure,5.6843418860808e-14,5.6843418860808e-14
L0033,"Influence of Cougar Reservoir drawdown on sediment and DDT transport and deposition in the McKenzie River basin, Oregon, water years 2002–04",2007,Anderson,https://doi.org/10.3133/sir20075164,USGS Report,"Reporting,Analysis","Water Quality,Sediment,Hydraulics","Laboratory Analysis,Sediment Transport Modeling,Regression",Not Applicable,Suspended,Reservoir Release,Not Applicable,Not Applicable,Yes,Not Applicable,Not Applicable,,Oregon,Not Applicable,,,Cougar Dam,5.6843418860808e-14,5.6843418860808e-14
L0034,"Modeling hydrodynamics, water temperature, and suspended sediment in Detroit Lake, Oregon",2007,"Sullivan, A.B., Rounds, S.A., Sobieszczyk, S., and Bragg, H.M.,",https://doi.org/10.3133/sir20075008,USGS Report,"Reporting,Analysis","Water Quality,Sediment,Hydraulics","Laboratory Analysis,Sediment Transport Modeling,Regression",Watershed MaNot Applicablegement,Suspended,Reservoir Release,Not Applicable,Not Applicable,Not Applicable,Not Applicable,Not Applicable,,Oregon,Not Applicable,,,Detroit Dam,5.6843418860808e-14,5.6843418860808e-14
L0035,"Final Programmatic Environmental Impact Statement Prepared for the Removal and Disposal of Sediment and Restoration of Water Storage at John Redmond Reservoir, Kansas",2014,Kansas Water Office,https://www.swt.usace.army.mil/Portals/41/docs/library/john_redmond/fpeis_remove_dispose_sediment_jrr_ks.pdf,Government Report,"Reporting,Analysis","Water Quality,Sediment,Ecological,Public Participation",Not Applicable,"Economics,Watershed planning","Gravel,Suspenced,Sand",Reservoir pool,Yes,Yes,Yes,Yes,Not Applicable,Not Applicable,Eastern Kansas,"Sediment release,Beneficial use of dredged material",Not Applicable,Alluvial fan,"John Redmond Dam, Neosho River",5.6843418860808e-14,5.6843418860808e-14
L0036,Engineer's Report for Prado Basin Sediment Management Demonstration Project,2015,Orange County Water District,https://www.ocwd.com/wp-content/uploads/wic13cpradosmdpengineersreportjanuary2015.pdf,Government Report,"Planning,Reporting","Bathymetry,Sediment,Ecological",Not Applicable,"Flood risk,Economics,Watershed planning,Maintenance","Silt,Clay",Reservoir release,Yes,Yes,Yes,Yes,Flood,Not Applicable,Southern California,"Sediment release,dam removal,Depostion control",Forestry,Alluvial fan,Prado Dam,5.6843418860808e-14,5.6843418860808e-14
L0037,"Matilija Dam Removal, Sediment Transport, and Robles Diversion Mitigation Project, Dam Removal Concepts Evaluation Report",2016,Ventura County Watershed Protection District,https://matilijadam.venturacounty.gov/documents/2016-03%20Matilija%20Task%201.3%20Concepts%20Evaluation%20Report.pdf,Government Report,"Design,Analysis","Bathymetry,Sediment,Ecological",Not Applicable,"Flood risk,Economics,Maintenance","Gravel,Sand,Suspended",Reservoir release,Yes,Yes,Yes,Yes,Flood,Not Applicable,Southern California,"Sediment release,dam removal,Depostion control",Not Applicable,"Mountain torrents,Alluvial fans",Matilija Dam,5.6843418860808e-14,5.6843418860808e-14
L0038,Changes in streamflow and sediment discharge and the response to human activities in the middle reaches of the Yellow River,2011,"Gao, P, Mu, X-M, Wang, F, Li, R",https://doi.org/10.5194/hess-15-1-2011,Journal Article,Analysis,"Sediment,Hydraulics","Frequency Analysis,Regression",Watershed Planning,"Suspended,Silt",Suspended,Not Applicable,Not Applicable,Not Applicable,Not Applicable,Not Applicable,Not Applicable,"Ordos Plateau, ChiNot Applicable","Sediment release,Land Management",Upland,"Mountain torrents,Alluvial fans,Deltas","Yellow River, middle reach",5.6843418860808e-14,5.6843418860808e-14
L0039,The passage of turbid water through Lake Mead,1938,"Grover, NC, Howard, CS",https://doi.org/10.1061/TACEAT.0004942,Journal Article,"Operations,Maintenance,Reporting,Analysis","Water Quality,Hydraulics",Frequency Analysis,"Maintenance,Operations","Suspended,Silt",Suspended,Not Applicable,Not Applicable,Not Applicable,Not Applicable,Not Applicable,Not Applicable,"ArizoNot Applicable,Nevada",Sediment release,Multi-use,"Mountain torrents,Alluvial fans",Hoover Dam,5.6843418860808e-14,5.6843418860808e-14
L0040,Field Measurement of Hydrodynamics and Sediment Transport of the Mississippi River at Old River,1991,"Hall, BR, Fagerburg, TL",https://www.worldcat.org/title/23942043,Conference Paper,Analysis,"Water Quality,Sediment,Hydraulics",Regression,Operations,"Suspended,Sand,Silt,Clay",Suspended,Not Applicable,Not Applicable,Not Applicable,Not Applicable,Flood,Not Applicable,"LouisiaNot Applicable,Mississippi","Flood diversion,Deposition control",Wetlands,Deltas,Old River Control Structure,5.6843418860808e-14,5.6843418860808e-14
L0041,Erodibility of cohesive streambeds in the loess area of the midwestern USA,2001,"Hanson, GJ, Simon, A",https://doi.org/10.1002/hyp.149,Journal Article,Analysis,"Bathymetry,Hydraulics","Hydraulic Equations,Laboratory Analysis,Regression",Watershed planning,"Cohesive,Silt","Erosion,Plunge Pool",Not Applicable,Not Applicable,Not Applicable,Not Applicable,Not Applicable,Not Applicable,"Nebraska,Mississippi",Land Management,Not Applicable,Cohesive channels,"midwestern USA stream beds,Yalobusha River",5.6843418860808e-14,5.6843418860808e-14
L0042,Sedimentation in New Zealand Hydroelectric Schemes,1984,"Jowett, I",https://doi.org/10.1080/02508068408686533,Journal Article,"Planning,Design,Operations,Maintenance",Sediment,Not Applicable,"Economics,Maintenance,Operations","Gravel,Sand","Reservoir pool,Reservoir release,Erosion",Not Applicable,Not Applicable,Not Applicable,Not Applicable,Not Applicable,Not Applicable,New Zealand,"Sediment release,Deposition control",Not Applicable,Mountain torrents,"Roxburgh Dam,Matahina Power Station,Waitaki Dam,Morton Dam",5.6843418860808e-14,5.6843418860808e-14
L0043,"Sediment deposition and occurrence of selected nutrients and other chemical constituents in bottom sediment, Tuttle Creek Lake, Northeast Kansas, 1962-1999",2002,"Juracek, KE, Mau, DP",https://doi.org/10.3133/wri024048,Government Report,"Reporting,Analysis","Bathymetry,Water quality,Sediment",Not Applicable,Not Applicable,"Gravel,Sand,Silt,Clay",Reservoir pool,Not Applicable,Not Applicable,Not Applicable,Not Applicable,Not Applicable,Not Applicable,Kansas,Not Applicable,Multi-use,Meandering rivers,Tuttle Creek Dam,5.6843418860808e-14,5.6843418860808e-14
L0044,"Estimation of sediment sources using selected chemical tracers in the Perry Lake and Lake Wabaunsee Basins, Northeast Kansas",2007,"Juracek, KE, Ziegler, AC",https://doi.org/10.3133/sir20075020,Government Report,"Planning,Reporting,Analysis","Water Quality,Sediment",Not Applicable,Watershed Planning,"Suspended,Silt,Clay","Bank erosion,Erosion",Not Applicable,Not Applicable,Not Applicable,Not Applicable,Not Applicable,Not Applicable,Eastern Kansas,Land Management,Lowland,Meandering rivers,"Perry Dam,Lake Wabaunsee",5.6843418860808e-14,5.6843418860808e-14
L0045,Management of coarse sediment in regulated rivers of California,1991,"Kondolf, GM, Matthews, WVG",https://escholarship.org/uc/item/5rw9k19j,Government Report,"Planning,Maintenance,Reporting,Analysis","Bathymetry,Hydraulics",Not Applicable,"Watershed planning,Maintenance,Operations","Gravel,Sand","Suspended,Erosion",Yes,Yes,Yes,Not Applicable,Not Applicable,Not Applicable,"California, Sierra Nevada","Land Management,beneficial use of dredged material,deposition control","Forestry,Upland","Mountain torrents,Alluvial fans,Deltas","New Exchequer Dam,Don Pedro Dam,La Grange Dam,New Hogan Dam,New Melones Dam,Tulloch Dam,Camanche Dam,Cosumnes River,Folsom Dam,Camp Far West Reservoir,Englebright Dam,Oroville Dam,Shasta Dam,Whiskeytown Dam,Trinity Dam,Black Butte Dam",5.6843418860808e-14,5.6843418860808e-14
L0046,Theodore Roosevelt Reservoir 1995 Sedimentation survey,1996,"Lyons, J, Lest, L",https://www.govinfo.gov/content/pkg/GOVPUB-I27-PURL-gpo6560/pdf/GOVPUB-I27-PURL-gpo6560.pdf,Government Report,Reporting,Bathymetry,Not Applicable,"Watershed planning,Operations",Not Applicable,Reservoir pool,Not Applicable,Not Applicable,Not Applicable,Not Applicable,Not Applicable,Not Applicable,ArizoNot Applicable,deposition control,"Forestry,Upland","Mountain torrents,Alluvial fans",Theodore Roosevelt Dam,5.6843418860808e-14,5.6843418860808e-14
L0047,"Verification of sediment transport functions, Missouri River",1980,"Mahmood, K",https://erdclibrary.on.worldcat.org/oclc/9212449,USACE Report,"Planning,Design,Analysis","Bathymetry,Sediment,Hydraulics","Hydraulic Equations,Sediment Transport Modeling,Regression",Flood risk,Bedload,"Suspended,Erosion",Not Applicable,Not Applicable,Not Applicable,Not Applicable,Flood,Not Applicable,"Nebraska,Iowa",Deposition Control,Not Applicable,Alluvial fan,"Gavins Point Dam,Missouri River from Ponca to Omaha",5.6843418860808e-14,5.6843418860808e-14
L0048,Analysis of Three Delta Headwaters Project Streams Using the SIAM Model,2010,"Martin, M, Biedenharn, D, Little, C, Smith, K, Waterson, C",https://search.worldcat.org/title/713189486,Conference Paper,"Planning,Analysis","Bathymetry,Sediment,Hydraulics",Sediment Transport Modeling,Watershed planning,"Cohesive,Suspended,Silt,Clay","Bank erosion,Suspended,Erosion",Not Applicable,Not Applicable,Not Applicable,Yes,Not Applicable,Not Applicable,Mississippi,"Land Management,Deposition control","Forestry,Wetlands",Deltas,"Hickahala Creek,Long and Caney Creek,Harland Creek",5.6843418860808e-14,5.6843418860808e-14
L0049,Saylorville Spillway: Emergency to Service Spillway,1993,"McCully, DW, Mech, GJ",https://www.worldcat.org/title/27811417,Conference Paper,"Design,Construction,Analysis",Hydraulics,Hydraulic Equations,"Flood risk,Maintenance,Operations",Rock,"Headcut,Erosion",Not Applicable,Not Applicable,Not Applicable,Not Applicable,Flood,Not Applicable,Iowa,Flood diversion,Multi-use,Alluvial fan,Saylorville Dam,5.6843418860808e-14,5.6843418860808e-14
L0050,Use of Global Positioning and Geographic Information Systems in the Huntington District Reservoir Sedimentation Investigative Program,2001,"Miller, CW",https://pubs.usgs.gov/misc/FISC_1947-2006/pdf/1st-7thFISCs-CD/7thFISC/7Fisc-V2/7FISC2-9.pdf,Conference Paper,"Operations,Maintenance,Reporting",Bathymetry,Not Applicable,"Maintenance,Operations",Not Applicable,Reservoir pool,Not Applicable,Not Applicable,Not Applicable,Not Applicable,Not Applicable,Not Applicable,"Ohio,Kentucky",Deposition Control,Forestry,"Mountain turrents,Alluvial fans","Charles Mill Dam,Fishtrap Dam,Dewey Dam",5.6843418860808e-14,5.6843418860808e-14
L0051,Predicting post-fire hillslope erosion in forest lands of the western United States,2011,"Miller, ME, MacDonald, LH, Robichaud, PR, Elliot, WJ",https://doi.org/10.1071/WF09142,Journal Article,Analysis,"Sediment,Hydraulics","Sediment Transport Modeling,Frequency Analysis,Regression","Flood risk,Watershed planning","Sand,Rock,Silt,Clay",Erosion,Not Applicable,Not Applicable,Not Applicable,Yes,Flood,Debris flow,"California,Colorado",Land Management,Forestry,Mountain torrents,"New Bullards Bar Reservoir Watershed,Cheesman Lake Watershed",5.6843418860808e-14,5.6843418860808e-14
L0052,"Post-fire, rainfall intensity–peak discharge relations for three mountainous watersheds in the western USA",2001,"Moody, JA, Martin, DA",https://doi.org/10.1002/hyp.386,Journal Article,"Planning,Analysis",Hydraulics,Regression,Flood risk,Not Applicable,Not Applicable,Not Applicable,Not Applicable,Not Applicable,Yes,Flood,Not Applicable,"South Dakota,Colorado,New Mexico",Land Management,"Urban,forestry",Mountain torrents,"Bear Gulch,Spring Creek,Rendija Canyon",5.6843418860808e-14,5.6843418860808e-14
L0053,Designing fish-passable riffles as gradient controls in Canadian streams,2013,"Newbury, RW",https://doi.org/10.1080/07011784.2013.803742,Journal Article,"Design,Construction","Bathymetry,Hydraulics","Hydraulic Equations,Frequency Analysis",Watershed planning,Rock,Plunge pool,Yes,Yes,Yes,Not Applicable,Not Applicable,Not Applicable,"British Columbia,Manitoba,New Brunswick",Not Applicable,Multi-use,Modified streams,"Okanagan River,Dauphin Lake,Wilson Creek Canyon,Valley River,Mink Creek,Oulette Creek,Dickson Brook,Little Saskatchewan River",5.6843418860808e-14,5.6843418860808e-14
L0054,"Historical Trends in Sedimentation Rates and Sediment Provenance, Fairfield Lake, NC",2005,"Miller, JR, Lord, M, Yurkovich, S, Mackin, G, Kolenbrander, L",https://doi.org/10.1111/j.1752-1688.2005.tb03785.x,Journal Article,Analysis,Sediment,Frequency Analysis,Watershed planning,"Rock,Suspended",Erosion,Not Applicable,Not Applicable,Not Applicable,Not Applicable,Not Applicable,Not Applicable,North CaroliNot Applicable,"Land Management,Deposition control","Forestry,Multi-use","Mountain torrents,Alluvial fans",Fairfield Lake,5.6843418860808e-14,5.6843418860808e-14
L0055,Bedform transport rates for the lowermost Mississippi River,2008,"Nittrouer, JA, Allision, MA, Campanella, R",https://doi.org/10.1029/2007JF000795,Journal Article,"Reporting,Analysis","Bathymetry,Sediment,Hydraulics","Hydraulic Equations,Frequency Analysis,Regression",Not Applicable,"Sand,Suspended,Bedload","Suspended,Erosion",Not Applicable,Not Applicable,Not Applicable,Not Applicable,Not Applicable,Not Applicable,LouisiaNot Applicable,Deposition Control,Wetlands,Deltas,"Audubon Park,Upper English Turn,Lower English Turn,Venice",5.6843418860808e-14,5.6843418860808e-14
L0056,"Impacts of wildfire on runoff and sediment loads at Little Granite Creek, western Wyoming",2011,"Ryan, SE, Dwire, KA, Dixon, MK",https://doi.org/10.1016/j.geomorph.2011.01.017,Journal Article,"Reporting,Analysis","Water Quality,Sediment,Hydraulics","Hydraulic Equations,Frequency Analysis",Watershed planning,"Suspended,Woody Particles","Suspended,Debris,Erosion",Not Applicable,Not Applicable,Not Applicable,Yes,Not Applicable,Wildfire,Wyoming,"Land Management,Deposition control",Forestry,Mountain torrents,Little Granite Creek,5.6843418860808e-14,5.6843418860808e-14
L0057,Environmental Benefits of Restoring Sediment Continuity to the Kansas River,2016,"Shelley, J, Boyer, M, Granet, J, Williams, A",https://hdl.handle.net/11681/20279,ERDC TN,"Reporting,Analysis","Water Quality,Ecological",Frequency Analysis,Watershed planning,Suspended,"Reservoir release,Suspended",Yes,Yes,Yes,Not Applicable,Not Applicable,Not Applicable,"Kansas,Nebraska",Sediment release,Multi-use,Meandering rivers,"Harlan County Dam,Glen Elder Dam,Wilson Dam,Kanopolis Dam,Milford Dam,Tuttle Creek Dam",5.6843418860808e-14,5.6843418860808e-14
L0058,Channel evolution in the loess area of the midwestern United States,1996,"Simon, A, Rinaldi, M, Hadish, G",https://www.researchgate.net/publication/261359171_Channel_Evolution_in_the_Loess_Area_of_the_Midwestern_United_States,Conference Paper,"Reporting,Analysis",Bathymetry,Not Applicable,Watershed planning,"Cohesive,Silt","Bank erosion,Erosion",Not Applicable,Not Applicable,Not Applicable,Not Applicable,Structure failure,Not Applicable,Iowa,Land Management,Upland,Modified streams,West Tarkio Creek,5.6843418860808e-14,5.6843418860808e-14
L0059,"Interpreting sediment delivery processes using suspended sediment-discharge hysteresis patterns from nested upland catchments, south-eastern Australia",2009,"Smith, HG, Dragovitch, D",https://doi.org/10.1002/hyp.7357,Journal Article,"Reporting,Analysis","Water Quality,Hydraulics","Hydraulic Equations,Frequency Analysis,Regression",Watershed planning,"Suspended,Clay","Suspended,Erosion",Not Applicable,Not Applicable,Not Applicable,Not Applicable,Not Applicable,Not Applicable,Australia,Sediment release,Upland,Alluvial fan,Flyers Creek,5.6843418860808e-14,5.6843418860808e-14
L0060,"Evolution of a landslide-induced sediment wave in the Navarro River, California",2002,"Sutherland, DG, Ball, MH, Hilton, SJ, Lisle, TE",https://doi.org/10.1130/0016-7606(2002)114%3C1036:EOALIS%3E2.0.CO;2,Journal Article,"Reporting,Analysis","Bathymetry,Water Quality,Sediment","Sediment Transport Modeling,Frequency Analysis",Not Applicable,"Gravel,Sand,Suspended,Bedload,Silt","Suspended,Erosion",Not Applicable,Not Applicable,Not Applicable,Not Applicable,Not Applicable,Landslide,California,Land Management,Forestry,Not Applicable,Navarro River,5.6843418860808e-14,5.6843418860808e-14
L0061,Hysteresis effects of suspended sediment transport in relation to geomorphic conditions and dominant sediment sources in medium and large rivers of the Russian Arctic,2015,"Tananaev, NI",https://doi.org/10.2166/nh.2013.199,Journal Article,"Reporting,Analysis","Water Quality,Hydraulics","Frequency Analysis,Regression",Watershed planning,Suspended,Suspended,Not Applicable,Not Applicable,Not Applicable,Not Applicable,Not Applicable,Ice,Russia,"Sediment release,Land Management",Not Applicable,"Mountain torrents,Alluvial fans,Deltas","Severnaya Sosva River,Pur River,Anabar River,Olenyok River,Lena River,Yana River,Indigirka River,Kolyma River,Oloy River,Anadyr River",5.6843418860808e-14,5.6843418860808e-14
L0062,Effects of Turbidity on Predation Vulnerability of Juvenile Humpback Chub to Rainbow Trout and Brown Trout,2016,"Ward, DL, Morton-Starner, R, Vaage, B",https://doi.org/10.3996/102015-JFWM-101,Journal Article,"Reporting,Analysis","Water Quality,Ecological","Frequency Analysis,Regression",Not Applicable,Suspended,Suspended,Yes,Yes,Yes,Not Applicable,Not Applicable,Not Applicable,ArizoNot Applicable,Sediment release,Not Applicable,Not Applicable,Colorado River,5.6843418860808e-14,5.6843418860808e-14
L0063,"Muddy Creek Grade Control Structure, Muddy Creek, Mississippi and Tennessee",1988,"Tate, CH",https://erdc-library.erdc.dren.mil/server/api/core/bitstreams/81b728f8-9a64-4ef8-e053-411ac80adeb3/content,ERDC TN,"Design,Construction,Reporting,Analysis","Bathymetry,Hydraulics",Laboratory Analysis,Operations,"Cohesive,Silt",Erosion,Not Applicable,Not Applicable,Not Applicable,Not Applicable,Structure failure,Not Applicable,Mississippi,Sediment release,Lowland,Modified streams,Muddy Creek,5.6843418860808e-14,5.6843418860808e-14
L0064,Phase I Sediment Engineering Investigation of the Caliente Creek Drainage Basin,1990,"MacArthur, RC",https://www.hec.usace.army.mil/publications/ProjectReports/PR-13.pdf,USACE Report,"Planning,Design,Analysis","Sediment,Hydraulics","Frequency Analysis,Regression",Flood risk,"Gravel,Sand,Suspended","Suspended,Debris,Erosion",Not Applicable,Not Applicable,Not Applicable,Yes,"Flood,Structure failure",Earthquake,California,Deposition Control,Not Applicable,Alluvial fan,Caliente Creek,5.6843418860808e-14,5.6843418860808e-14
L0065,"Yatesville Lake: Big Sandy River Basin Blaine Creek, Kentucky Foundation Report",1990,"Nield, M",https://apps.dtic.mil/sti/pdfs/ADA240111.pdf,USACE Report,"Design,Construction,Operations",Not Applicable,Not Applicable,"Maintenance,Operations",Not Applicable,Not Applicable,Not Applicable,Not Applicable,Not Applicable,Yes,Not Applicable,Not Applicable,Kentucky,Not Applicable,Not Applicable,Not Applicable,Yatesville Dam,5.6843418860808e-14,5.6843418860808e-14
L0066,"Upper Mississippi River System Flow Frequency Study - Hydrology andHydraulics, Appendix F Missouri River",2003,USACE,https://www.mvr.usace.army.mil/Portals/48/docs/FRM/UpperMissFlowFreq/App.%20F%20Omaha%20Dist.%20Hydrology_Hydraulics%20Report.pdf,USACE Report,"Reporting,Analysis",Hydraulics,"Hydraulic Modeling,Frequency Analysis,Regression","Flood risk,Watershed planning,Operations",Not Applicable,Not Applicable,Not Applicable,Not Applicable,Not Applicable,Not Applicable,Flood,Not Applicable,"Nebraska,Iowa,Missouri",Not Applicable,"Multi-use,Lowland","Alluvial fans,Regulated rivers","Gavins Point Dam to Cairo, Illinois",5.6843418860808e-14,5.6843418860808e-14
L0067,Matilija Dam Ecosystem Restoration Feasibility Study Final EIS,2004,USACE,https://matilijadam.venturacounty.gov/reports/finaleis/Final%20EIS-EIR%2009-04.pdf,USACE Report,"Planning,Reporting","Sediment,Ecological,Public Participation",Not Applicable,Watershed planning,Sand,Reservoir release,Not Applicable,Not Applicable,Yes,Yes,Not Applicable,Not Applicable,California,Dam Removal,Not Applicable,"Mountain turrents,Alluvial fans",Matilija Dam,5.6843418860808e-14,5.6843418860808e-14
L0068,Yatesville Lake: Dam Outlet Works and Spillway,2008,USACE,https://erdclibrary.on.worldcat.org/oclc/613344602,USACE Report,"Operations,Maintenance,Reporting",Not Applicable,Frequency Analysis,"Maintenance,Operations",Not Applicable,Not Applicable,Not Applicable,Not Applicable,Not Applicable,Yes,Structure failure,Not Applicable,Kentucky,Not Applicable,Not Applicable,Not Applicable,Yatesville Dam,5.6843418860808e-14,5.6843418860808e-14
L0069,Missouri River Commercial Dredging Final Environmental ImpactStatement,2011,USACE,https://usace.contentdm.oclc.org/digital/collection/p16021coll7/id/8163/,USACE Report,"Planning,Operations,Maintenance",Not Applicable,Not Applicable,"Economics,Maintenance,Operations","Gravel,Sand",Dredging,Yes,Yes,Yes,Yes,Not Applicable,Not Applicable,"Nebraska,Missouri",Beneficial use of dredged materials,"Multi-use,Lowland","Alluvial fans,Regulated rivers","Missouri River from Rulo, NE to St. Louis, MO",5.6843418860808e-14,5.6843418860808e-14
L0070,"Final Environmental Assessment, Sediment Retention Structure (SRS) Spillway Raise Project, Mount St. Helens Sediment Management for Flood Risk Reduction",2012,USACE,https://usace.contentdm.oclc.org/digital/collection/p16021coll7/id/8454/,USACE Report,"Planning,Design,Construction,Operations,Maintenance","Bathymetry,Hydraulics",NA,"Flood risk,Economics,Maintenance,Operations",Not Applicable,Debris,Yes,Yes,Yes,Yes,Flood,"Debris flow,Volcanos",Washington,Silt dams,Forestry,"Alluvial fans,Braided rivers",Toutle River Sediment Retention Structure,5.6843418860808e-14,5.6843418860808e-14
L0071,Missouri River Stage Trends,2010,USACE,https://usace.contentdm.oclc.org/digital/collection/p266001coll1/id/5714/,USACE Report,"Planning,Operations,Reporting,Analysis",Hydraulics,Frequency Analysis,Flood risk,Not Applicable,Not Applicable,Not Applicable,Not Applicable,Not Applicable,Not Applicable,Flood,Not Applicable,"Iowa,Nebraska",Not Applicable,Multi-use,"Alluvial fans,Regulated rivers","Missouri River from Sioux City, IA to Omaha, NE",5.6843418860808e-14,5.6843418860808e-14
L0072,"Sediment management at St. Joseph River and Harbor, Michigan, USA, 1837-Present",2014,"Nairn, RJ, Selegean, JP",https://search.worldcat.org/title/931969650,Conference Paper,"Reporting,Analysis","Bathymetry,Sediment","Sediment Transport Modeling,Frequency Analysis",Watershed planning,"Cohesive,Sand","Erosion,Dredging",Not Applicable,Not Applicable,Not Applicable,Not Applicable,Not Applicable,Not Applicable,Michigan,Deposition Control,Beach,Not Applicable,St. Joseph Harbor Jetty Extensions,5.6843418860808e-14,5.6843418860808e-14
L0073,Channel Evolution in Modified Tennessee Channels,1986,"Simon, A, Hupp, CR",https://erdclibrary.on.worldcat.org/oclc/13550054,Conference Paper,Analysis,"Bathymetry,Hydraulics","Hydraulic Equations,Frequency Analysis",Watershed planning,Sand,"Bank erosion,Suspended,Erosion,Dredging",Not Applicable,Not Applicable,Not Applicable,Not Applicable,Not Applicable,Not Applicable,Tennessee,Deposition Control,Not Applicable,Meandering rivers,"Obion and Forked Deer Rivers,Hatchie River",5.6843418860808e-14,5.6843418860808e-14
L0074,"Relocation of Niobrara, NE, and Acquisition of Niobrara State Park, Gavins Point Dam, Lewis and Clark Lake, Omaha District (June 1970)",1970,USACE,https://erdclibrary.on.worldcat.org/oclc/818428149,Design Manual,"Planning,Design","Public Participation,Hydraulics",Not Applicable,"Economics,Flood risk",Not Applicable,Reservoir pool,Not Applicable,Not Applicable,Not Applicable,Yes,Flood,Not Applicable,"Nebraska,South Dakota",Land Management,Not Applicable,"Alluvial fans,Regulated rivers",Gavins Point Dam,5.6843418860808e-14,5.6843418860808e-14
L0075,"F-1 Channel and Debris Basin and F-2 Channel and Debris Basin, Las Vegas Wash and Tributaries (Tropicana and Flamingo Washes)",2003,USACE,,USACE Report,,,,,,,,,,,,,,Not Applicable,,,Las Vegas Wash,5.6843418860808e-14,5.6843418860808e-14
L0076,American River Watershed : Common Features General Reevaluation Report,2015,USACE,https://hdl.handle.net/11681/39339,USACE Report,"Planning,Reporting,Analysis","Bathymetry,Ecological,Public Participation,Hydraulics",Not Applicable,"Flood risk,economics,planning",Not Applicable,Not Applicable,Yes,Yes,Yes,Not Applicable,Flood,Not Applicable,California,"Land Management,Flood diversion",Urban,"Modified streams,Regulated rivers",American River Watershed (Folsom Dam),5.6843418860808e-14,5.6843418860808e-14
L0077,"Lower Snake River Programmatic Sediment Management Plan, Final Environmental Impact Statement",2014,USACE,https://usace.contentdm.oclc.org/digital/collection/p16021coll7/id/9789,USACE Report,"Planning,Analysis","Bathymetry,Sediment,Ecological,Hydraulics","Sediment Transport Modeling,Frequency Analysis,Regression","Flood risk,Maintenance,Operations",Not Applicable,Reservoir pool,Yes,Yes,Yes,Yes,Flood,Not Applicable,Idaho,Deposition Control,Urban,"Mountain torrents,Alluvial fans,Regulated rivers",Lower Granite Dam,5.6843418860808e-14,5.6843418860808e-14
L0078,Probable Maximum Precipitation Estimates,1977,National Weather Service,https://www.weather.gov/media/owp/hdsc_documents/PMP/HMR49.pdf,Government Report,"Planning,Reporting",Hydraulics,"Hydraulic Modeling,Frequency Analysis","Flood risk,Watershed planning",Not Applicable,Not Applicable,Yes,Not Applicable,Not Applicable,Not Applicable,Flood,Not Applicable,"California,Utah,ArizoNot Applicable,Colorado,Idaho,Oregon,Wyoming",Land Management,Not Applicable,"Mountain torrents,Alluvial fans,Deltas",Colorado River and Great Basin,5.6843418860808e-14,5.6843418860808e-14
L0079,West-Wide Climate Risk Assessments: Bias-Corrected and Spatially Downscaled Surface Water Projections,2011,US Bureau of Reclamation (USBR),https://www.usbr.gov/watersmart/docs/west-wide-climate-risk-assessments.pdf,Government Report,"Planning,Reporting",Hydraulics,"Hydraulic Modeling,Frequency Analysis",Watershed planning,Not Applicable,Not Applicable,Yes,Not Applicable,Not Applicable,Yes,Flood,Not Applicable,"California,Mexico,Oregon,Missouri",Land Management,Not Applicable,"Mountain torrents,Alluvial fans,Deltas","Colorado River,Columbia River,Klamath River,Missouri River,Rio Grande,Sacramento River,San Joaquin River,Truckee River",5.6843418860808e-14,5.6843418860808e-14
L0080,"Flood-carrying capacities and changes in channels of the lower Puyallup, White, and Carbon Rivers in western Washington",1988,"Prych, EA",https://pubs.usgs.gov/wri/1987/4129/report.pdf,Government Report,"Planning,Reporting,Analysis","Bathymetry,Hydraulics",Frequency Analysis,Flood risk,"Sand,Gravel",Not Applicable,Not Applicable,Not Applicable,Not Applicable,Yes,Flood,Volcanos,Washington,Flood diversion,"Urban,Forestry,Lowland","Mountain torrents,Alluvial fans","Lower Puyallup River,White River,Carbon River",5.6843418860808e-14,5.6843418860808e-14
L0081,Natural Hazards on Alluvial Fans: The Venezuela Debris Flow and Flash Flood Disaster,2001,"Larsen, MC, Wieczorek, GF, Eaton, LS, Morgan, BA, Torres-Sierra, H",https://pubs.usgs.gov/fs/fs-0103-01/fs-0103-01.pdf,Government Report,Reporting,"Bathymetry,Hydraulics",Not Applicable,Flood risk,"Rock,Silt,Clay",Debris,Not Applicable,Not Applicable,Not Applicable,Not Applicable,Flood,"Debris flow,Landslide",Venezuela,Deposition control,Urban,"Mountain torrents,Alluvial fans",Rio San Julian,5.6843418860808e-14,5.6843418860808e-14
L0082,"Channel-conveyance capacity, channel change, and sediment transport in the lower Puyallup, White, and Carbon Rivers, western Washington",2010,"Czuba, JA, Czuba, CR, Magirl, CS, Voss, FD",https://doi.org/10.3133/sir20105240,Government Report,"Planning,Maintenance,Reporting,Analysis","Bathymetry,Sediment,Hydraulics","Hydraulic Modeling,Sediment Transport Modeling,Frequency Analysis","Flood risk,watershed planning,Maintenance,Operations","Gravel,Sand,Rock,Bedload","Suspended,Erosion,Dredging",Not Applicable,Not Applicable,Not Applicable,Not Applicable,Flood,Volcanos,Washingtoin,"Flood diversion,Deposition control",Lowland,"Mountain torrents,Alluvial fans",Puyallup River,5.6843418860808e-14,5.6843418860808e-14
L0083,"Geomorphic analysis of the river response to sedimentation downstream of Mount Rainier, Washington",2012,"Czuba, JA, Magirl, CS, Czuba, CR, Curran, CA, Johnson, KH, Olsen, TD, Kimball, HK, Gish, CC",https://doi.org/10.3133/ofr20121242,Government Report,"Reporting,Analysis","Bathymetry,Sediment,Hydraulics","Hydraulic Modeling,Sediment Transport Modeling,Frequency Analysis",Watershed planning,"Bedload,Rock","Suspended,Debris",Not Applicable,Not Applicable,Not Applicable,Yes,Not Applicable,"Ice,Landslide,Debris flows,Volcanos",Washington,"Land Management,Deposition control",Lowland,"Mountain torrents,Alluvial fans","Nisqually River,Puyallup River",5.6843418860808e-14,5.6843418860808e-14
L0084,Suspended Sediment Transport by the Green-Duwamish River to the Lower Duwamish Waterway,2018,"Senter, CA, Conn, KE, Black, RW, Peterson, N, Vanderpool-Kimura, A, Foreman, JR",https://doi.org/10.3133/ofr20181029,Government Report,"Reporting,Analysis","Water Quality,Sediment,Hydraulics",Frequency Analysis,Watershed planning,"Suspended,Silt,Clay","Reservoir release,Suspended",Not Applicable,Not Applicable,Not Applicable,Not Applicable,Not Applicable,Not Applicable,Washington,"Sediment release,Deposition control",Urban,Not Applicable,"Green-Duwamish River,Howard A. Hanson Dam",5.6843418860808e-14,5.6843418860808e-14
L0085,"Sediment and Hydraulic Measurements with Computed Bed Load on the Missouri River, Sioux City to Hermann, 2014",2017,"Abraham, D, Ramos-Villanueva, M, Pratt, T, Ganesh, N, May, D, Butler, W, McAlpin, T, Jones, K, Shelley, J, Pridal, D",https://dx.doi.org/10.21079/11681/22585,ERDC TN,"Reporting,Analysis","Bathymetry,Water Quality,Sediment,Hydraulics","Hydraulic Equations,Sediment Transport Modling,Frequency Analysis",Operations,"Suspended,Bedload","Suspended,Erosion",Not Applicable,Not Applicable,Not Applicable,Not Applicable,Not Applicable,Not Applicable,Missouri,"Sediment release,Deposition control",Urban,"Alluvial fans,Regulated rivers","Missouri River from Sioux City, IA to Hermann, MO",5.6843418860808e-14,5.6843418860808e-14
L0086,"Incised channels, morphology, dynamics, and control",1984,"Schumm, SA, Harvey, MD, Watson, CC",https://erdclibrary.on.worldcat.org/oclc/11598241,Book,"Planning,Maintenance,Reporting,Analysis","Bathymetry,Sediment,Hydraulics","Sediment Transport Modeling,Regression","Watershed planning,Maintenance",Not Applicable,"Bank erosion,Headcut",Not Applicable,Not Applicable,Not Applicable,Not Applicable,Not Applicable,Not Applicable,"Mississippi,Midwest USA","Sediment Release,Land Management,Deposition Control",Not Applicable,"Alluvial vans,Arroyos,Cohesive channels","Pigeon Roost Creek,Cuffawa Creek,Oaklimiter Creek,Tippah River",5.6843418860808e-14,5.6843418860808e-14
L0087,Scale factor study for 1:30 local scour model,2016,"Sharp, JA, Heath, RE, Park, HE, McAlpin, TO",https://hdl.handle.net/11681/20332,ERDC TN,"Construction,Analysis","Bathymetry,Sediment,Hydraulics",Laboratory Analysis,Operations,"Gravel,Sand",Erosion,Not Applicable,Not Applicable,Not Applicable,Not Applicable,Stucture falure,Not Applicable,Southern California,Sediment Release,Urban,Alluvial fan,Burlington Northern Santa Fe Railway Company (BNSF) railway crossing,5.6843418860808e-14,5.6843418860808e-14
L0088,"Modeling bed degradation of a large, sand-bed river with in-channel mining with HEC-RAS",2015,"Shelley, J, Gibson, S",https://www.researchgate.net/publication/338282623_Modeling_Bed_Degradation_of_a_Large_Sand-Bed_River_with_in-Channel_Mining_with_HEC-RAS_50,Conference Paper,Analysis,"Bathymetry,Sediment,Hydaulics","Hydraulic Equations,Sediment Transport Modeling,Frequency Analysis,Regression",Flood risk,Sand,"Erosion,Dredging",Not Applicable,Not Applicable,Not Applicable,Yes,Flood,Not Applicable,Missouri,Sediment Release,Not Applicable,Regulated rivers,"Missouri River from St. Joseph, MO to Waverly, MO",5.6843418860808e-14,5.6843418860808e-14
L0089,Reservoir Sedimentation Problems: In-reservoir problems,2017,"Shelley, J",https://rsm.usace.army.mil/techtransfer/FY17/ReservoirWorkshop-Aug2017/pdfs/2_02_ReservoirProblems-LostBenefitsFromSedimentation.pdf,Conference Paper,"Operations,Reporting","Bathymetry,Sediment,Water Quality",Not Applicable,"Flood risk,Operations","Sand,Silt,Clay",Reservoir pool,Not Applicable,Not Applicable,Not Applicable,Not Applicable,Flood,Not Applicable,"Kansas,Nebraska,Washington",Deposition Control,Not Applicable,Not Applicable,"Tuttle Creek Dam,Harlan County Dam,Wilson Dam,Kanopolis Dam,Milford Dam,John Redmond Dam,Lower Granite Dam",5.6843418860808e-14,5.6843418860808e-14
L0090,"Discharging Sediment Downstream: Case Studies in Cost Effective, Environmentally Acceptable Reservoir Sediment Management in the United States",2022,"Shelley, J, Hotchkiss, RH, Boyde, P, Gibson, S",https://doi.org/10.1061/(ASCE)WR.1943-5452.0001494,Journal Article,"Planning,Operations,Maintenance,Reporting","Bathymetry,Water Quality,Sediment,Ecological,Public Participation,Hydraulics",Not Applicable,"Maintenance,Operations","Sand,Silt,Clay","Reservoir relaease,Dredging",Not Applicable,Not Applicable,Not Applicable,Not Applicable,"Structure failure,Adaptive maNot Applicablegement",Not Applicable,"Utah,Colorado,Wyoming,Nebraska,Oregon,Washington",Sediment Release,Not Applicable,Not Applicable,"Millsite Dam,Cherry Creek Dam,Guernsey Dam,Spencer Dam,Fall Creek Dam,Howard A. Hanson Dam,Mill Pond Dam",5.6843418860808e-14,5.6843418860808e-14
L0091,"Effective and bankfull discharge of streams in the Yampa basin, western Wyoming",1980,"Andrews, ED",https://doi.org/10.1016/0022-1694(80)90084-0,Journal Article,"Reporting,Analysis","Bathymetry,Water Quality,Sediment,Hydraulics","Hydraulic Equations,Regression",Watershed planning,Suspended,Suspended,Not Applicable,Not Applicable,Not Applicable,Not Applicable,Flood,Not Applicable,"Colorado,Wyoming",Deposition Control,Not Applicable,Alluvial fans,Yampa River,5.6843418860808e-14,5.6843418860808e-14
L0092,Magnitude-frequency analysis of sediment transport in the Lower Mississippi River,1994,"Biedenharn, DS, Thorne, CR",https://doi.org/10.1002/rrr.3450090405,Journal Article,"Design,Reporting,Analysis","Bathymetry,Water Quality,Sediment,Hydraulics","Hydraulic Equations,Frequency Analysis,Regression","Maintenance,Operations",Suspended,Suspended,Not Applicable,Not Applicable,Not Applicable,Yes,Structure failure,Not Applicable,Mississippi,Deposition Control,Not Applicable,"Alluvial fans,Regulated rivers",Lower Mississippi River,5.6843418860808e-14,5.6843418860808e-14
L0093,Generalized regime-type analysis of Alberta rivers,1972,"Bray, DI",https://era.library.ualberta.ca/items/2d35247d-8b9a-487c-a699-f45d6364236f/download/923e32f4-0d93-475b-9974-a4f8409672f7,Thesis,"Reporting,Analysis","Sediment,Hydraulics","Hydraulic Equations,Frequency Analysis,Regression",Not Applicable,"Gravel,Sand","Suspended,Erosion",Not Applicable,Not Applicable,Not Applicable,Not Applicable,Flood,Not Applicable,"Alberta, CaNot Applicableda",Not Applicable,Not Applicable,"Alluvial fans,Deltas","Athabasca River,Peace River,North Saskatchewan River,South Saskatchewan River,Beaver River,Milk River",5.6843418860808e-14,5.6843418860808e-14
L0094,Surface water and energy budgets over the Mississippi and Columbia River basins as simulated by two generations of the Canadian regional climate model,2007,"Brochu, R, Laprise, R",https://doi.org/10.3137/ao.v450102,Journal Article,"Planning,Reporting,Analysis",Hydraulics,"Hydraulic Modeling,Frequency Analysis","Flood risk,watershed planning",Not Applicable,Not Applicable,Not Applicable,Not Applicable,Not Applicable,Not Applicable,Flood,Ice,"USA, CaNot Applicableda",Land Management,Forestry,"Mountain torrents,Alluvial fans,Deltas","Mississippi River,Colombia River",5.6843418860808e-14,5.6843418860808e-14
L0095,"Gravel transport, gravel harvesting, and channel-bed degradation in rivers draining the southern olympic mountains, Washington, U.S.A.",1989,"Collins, BD, Dunne, T",https://doi.org/10.1007/BF01665371,Journal Article,"Operations,Reporting,Analysis","Bathymetry,Sediment,Hydraulics","Laboratory Analysis,Frequency Analysis,Regression",Operations,"Gravel,Sand,Bedload,Silt","Bank erosion,erosion,Dredging",Yes,Yes,Yes,Not Applicable,Not Applicable,Not Applicable,Washington,"Beneficial use of dredged materials,Deposition control",Not Applicable,"Mountain torrents,Alluvial fans","Humptulips River,Chehalis River",5.6843418860808e-14,5.6843418860808e-14
L0096,Erosion Processes and Prediction with WEPP Technology in Forests in the Northwestern U.S.,2013,"Elliot, WJ",https://research.fs.usda.gov/treesearch/43831,Journal Article,"Planning,Analysis","Sediment,Hydraulics",Sediment Transport Modling,Watershed Planning,Suspended,"Debris,Erosion",Not Applicable,Not Applicable,Not Applicable,Not Applicable,Not Applicable,"Debris flow,Landslide,Ice,wildfire",Northwest USA,Land Management,"Forestry,Upland",Mountain torrents,"Klamath Complex,Fourmile Canyon,Priest River Experimental Forest,Willamette National Forest,Upper Truckee River",5.6843418860808e-14,5.6843418860808e-14
L0097,"Sedimentation study and flume investigation, Mission Creek, Santa Barbara; California and Corte Madera Creek, Marin County, California",2000,"Copeland, RR, McVan, DC, Stonestreet, SE",https://hdl.handle.net/11681/7469,ERDC TN,"Design,Analysis","Bathymetry,Sediment,Hydraulics","Hydraulic Modeling,Sediment Transport Modeling,Laboratory Analysis",Flood risk,"Gravel,Bedload",Erosion,Not Applicable,Not Applicable,Not Applicable,Yes,Flood,Not Applicable,Southern California,Flood diversion,Urban,Modified streams,"Mission Creek,Corte Madera Creek",5.6843418860808e-14,5.6843418860808e-14
L0098,Climates of Idaho,1998,"Abramovich, R, Molnau, M, Craine, K",https://www.lib.uidaho.edu/digital/uiext/items/uiext27117.html,Government Report,Reporting,"Water Quality,Hydraulics",Frequency Analysis,Watershed planning,Not Applicable,Erosion,Not Applicable,Not Applicable,Not Applicable,Not Applicable,Not Applicable,Ice,Idaho,Land Management,Agriculture,Not Applicable,Idaho,5.6843418860808e-14,5.6843418860808e-14
L0099,Missouri River Bed and Water Surface Changes between 2009 and 2014 as They Relate to Renewal of Commercial Dredging Permits Under Section 404 of the Clean Water Act and Section 10 of the Rivers and Harbors Act (Section 404/10 Permits),2015,USACE,,,,,,,,,,,,,,,,Not Applicable,,,Missouri River,5.6843418860808e-14,5.6843418860808e-14
L0100,Evaluation of the Importance of Channel Processes in CEAP-Watershed Suspended Sediment Yields,2006,"Simon, A",https://www.ars.usda.gov/research/publications/publication/?seqNo115=186464,Conference Paper,"Planning,Reporting,Analysis","Bathymetry,Water Quality,Sediment",Regression,Watershed planning,Suspended,"Bank erosion,Suspended",Not Applicable,Not Applicable,Not Applicable,Not Applicable,Flood,Not Applicable,USA,Land Management,"Upland,Agriculture",Modified Streams,"Choptank River,Rock Creek,Big Walnut Creek,Auglaize River,Tiffin River,Sny Magill Creek,South Fork Iowa River,Walnut Creek,Clarence Cannon Dam",5.6843418860808e-14,5.6843418860808e-14
L0101,Present and Future Conditions of Reservoir Sedimentation,1992,"Sundborg, Å., Jansson, MB",https://www.researchgate.net/publication/318967363_14_Present_and_future_conditions_of_reservoir_sedimentation,Book,"Planning,Operations,Maintenance",Sediment,Not Applicable,"Planning,Maintenance,Operations",Suspended,"Reservoir pool,Reservoir release",Not Applicable,Not Applicable,Not Applicable,Not Applicable,Not Applicable,Not Applicable,Costa Rica,"Sediment release,Deposition control",Not Applicable,Not Applicable,Cachí Dam,5.6843418860808e-14,5.6843418860808e-14
L0102,A New Method of Estimating Debris Storage Requirements for Debris Basins,1963,"Tatum, FE",https://search.worldcat.org/title/34284924,USACE Report,"Planning,Design,Reporting,Analysis","Bathymetry,Sediment,Hydraulics","Hydraulic Equations,Frequency Analysis,Regression","Flood risk,Watershed planning",Not Applicable,Debris,Not Applicable,Not Applicable,Not Applicable,Not Applicable,Flood,"Debris flow,wildfire",Southern California,Land Management,Urban,Alluvial fans,Los Angeles Debris Basins,5.6843418860808e-14,5.6843418860808e-14
L0103,A comparison of the Brune and Churchill methods for computing sediment yields applied to a reservoir system,1992,"Trimble, SW, Carey, WP",https://pubs.usgs.gov/wsp/wsp2340/pdf/wsp-2340.pdf,Government Report,"Reporting,Analysis","Sediment,Hydraulics",Sediment Transport Modeling,Watershed planning,Suspended,"Reservoir pool,Reservoir release,Erosion,Suspended",Not Applicable,Not Applicable,Not Applicable,Not Applicable,Not Applicable,Not Applicable,Tennessee,"Sediment release,Deposition control",Not Applicable,Regulated rivers,"South Holston Dam,Watauga Dam,Boone Dam,Fort Patrick Henry Dam,Cherokee Dam,Nolichucky Dam,Douglas Dam,Fort Loudoun Dam,Nantahala Dam",5.6843418860808e-14,5.6843418860808e-14
L0104,The partitioning of the total sediment load of a river into suspended load and bedload: a review of empirical data,2010,"Turowski, JM, Rickenmann, D, Dadson, SJ",https://doi.org/10.1111/j.1365-3091.2009.01140.x,Journal Article,"Reporting,Analysis","WaterQuality,Sediment,Hydraulics","Frequency Analysis,Regression",Watershed planning,"Gravel,Sand,Suspended,Rock,Bedload","Suspended,Erosion",Not Applicable,Not Applicable,Not Applicable,Yes,Flood,Ice,Austria,"Sediment release,Deposition control",Forestry,Mountain torrents,Pitze River,5.6843418860808e-14,5.6843418860808e-14
L0105,Geologic History of Minesota Rivers,1990,"Wright, Jr., H.E",,,"Reporting,Analysis","Sediment,Hydraulics",Not Applicable,Not Applicable,Not Applicable,"Suspended,Erosion",Not Applicable,Not Applicable,Not Applicable,Not Applicable,Not Applicable,Not Applicable,Minnesota,Not Applicable,Not Applicable,"Alluvial fans,Meandering rivers",Minnesota Rivers,5.6843418860808e-14,5.6843418860808e-14
L0106,Factors Affecting Sediment Yield in the Pacific Southwest Area and Selection and Evaluation of Measures for Reduction of Erosion and Sediment Yield,1968,Pacific Southwest Interagency Committee (PSIAC),https://search.worldcat.org/title/7037122,Government Report,"Planning,Reporting,Analysis",Sediment,Not Applicable,Watershed planning,Suspended,"Suspended,Erosion",Not Applicable,Not Applicable,Not Applicable,Not Applicable,Not Applicable,Not Applicable,Southwest USA,land mandagement,"Upland,Agriculture,Forestry","Mountain torrents,Alluvial fans,Deltas","California,Nevada,Utah,Colorado,Arizona,New Mexico",5.6843418860808e-14,5.6843418860808e-14
L0107,The predictability of cross-shore bed evolution of sandy beaches at the time scale of storms and seasons using process-based Profile models,2003,"van Rijn, LC, Walstra, DJR, Grasmeijer, B, Sutherland, J, Pan, S, Sierra, JP",https://doi.org/10.1016/S0378-3839(02)00120-5,Journal Article,Analysis,"Bathymetry,Sediment,Hydraulics","Hydraulic Modeling,Laboratory Modeling,Sediment Transport Modeling,Frequency Analysis",Not Applicable,"Sand,Bedload,Suspended",Erosion,Not Applicable,Not Applicable,Not Applicable,Yes,Not Applicable,Not Applicable,The Netherlands,"Sediment release,Deposition control",Beach,Deltas,Egmond site,5.6843418860808e-14,5.6843418860808e-14
L0108,Unified View of Sediment Transport by Currents and Waves. IV: Application of Morphodynamic Model,2007,"Van Rijn, LC, Walstra, DJR, van Ormondt, M",https://doi.org/10.1061/(ASCE)0733-9429(2007)133:7(776),Journal Article,"Design,Analysis","Bathymetry,Sediment,Hydraulics","Hydraulic Equations,Hydraulic Modeling,Sediment Transport Modeling,Frequency Analysis",Operations,"Cohesive,Sand,Suspended,Bedload,Flocculation,Silt,Clay","Suspended,Erosion",Not Applicable,Not Applicable,Not Applicable,Yes,Not Applicable,Not Applicable,"The Netherlands,ChiNot Applicable","Sediment release,Deposition control","Island,Beach",Deltas,"Hoek van Holland,Yangtze Estuary",5.6843418860808e-14,5.6843418860808e-14
L0109,Recent trends in the suspended sediment loads of the world's rivers,2003,"Walling, DE, Fang, D",https://doi.org/10.1016/S0921-8181(03)00020-1,Journal Article,"Reporting,Analysis","Water Quality,Sediment,Hydraulics","Frequency Analysis,Regression",Watershed planning,Suspended,Suspended,Not Applicable,Not Applicable,Not Applicable,Yes,Not Applicable,Not Applicable,Worldwide,"Sediment release,Land Management",multi-use,"Alluvial fans,Deltas","Mississippi River,Danube River,Hongshui River,Yazguelem/Yazghulom River,Kolyma River,Dnister River,Yellow River,Ob River,Yangtze River",5.6843418860808e-14,5.6843418860808e-14
L0110,The particle size characteristics of fluvial suspended sediment: an overview,1989,"Walling, DE, Moorehead, PW",https://doi.org/10.1007/BF00026549,Journal Article,"Planning,Reporting,Analysis","Water Quality,Sediment",Regression,Watershed planning,"Sand,Suspended,Silt,Clay","Suspended,Erosion",Not Applicable,Not Applicable,Not Applicable,Not Applicable,Not Applicable,Not Applicable,"UK,Worldwide","Sediment release,Deposition control",Not Applicable,Alluvial fans,Exe River,5.6843418860808e-14,5.6843418860808e-14
L0111,"Development of a three-dimensional, regional, coupled wave, current, and sediment-transport model",2008,"Warner, JC, Sherwood, CR, Signell, RP, Harris, CK, Arango, HG",https://doi.org/10.1016/j.cageo.2008.02.012,Journal Article,"Planning,Analysis","Bathymetry,Sediment,Hydraulics","Hydraulic Equations,Sediment Transport Modeling",Not Applicable,"Bedload,Suspended","Suspended,Erosion",Not Applicable,Not Applicable,Not Applicable,Not Applicable,Not Applicable,Not Applicable,New England,"Sediment release,Deposition control",beach,"Alluvial fans,deltas",Massachusetts Bay,5.6843418860808e-14,5.6843418860808e-14
L0112,Sediment concentration versus water discharge during single hydrologic events in rivers,1989,"Williams, GP",https://doi.org/10.1016/0022-1694(89)90254-0,Journal Article,Analysis,"Water Quality,Sediment,Hydraulics","Frequency Analysis,Regression",Flood risk,Suspended,Suspended,Not Applicable,Not Applicable,Not Applicable,Not Applicable,Flood,Not Applicable,USA,Sediment release,Not Applicable,Not Applicable,"Cottonwood Creek,Potomac River,Iroquois River,Kankakee River,Eel River,Yadkin River,Flynn Creek,Tradewater River,Muddy Creek,Animas River,Oak Creek",5.6843418860808e-14,5.6843418860808e-14
L0113,A Conceptual framework for shear flow-induced erosion of soft cohesive sediment beds,2012,"Winterwerp, JC, van Kesteren, WG, van Prooijen, B, Jacobs, W",https://doi.org/10.1029/2012JC008072,Journal Article,Analysis,"Sediment,Hydraulics","Sediment Transport Modeling,Frequency Analysis,Regression",Not Applicable,"Cohesive,Clay",Erosion,Yes,Yes,Yes,Not Applicable,Not Applicable,Not Applicable,The Netherlands,Sediment release,Not Applicable,Cohesive channels,"Lake Ketelmeer,Ijmuiden Harbor,Kembs Reservoir",5.6843418860808e-14,5.6843418860808e-14
L0114,"Predicting rainfall erosion losses, A Guide to Conservation Planning",1978,"Wischmeier, H, Smith, DD",https://www.google.com/books/edition/Predicting_Rainfall_Erosion_Losses/rRAUAAAAYAAJ?hl=en&gbpv=1&pg=PA5&printsec=frontcover,Government Report,"Planning,Reporting,Analysis","Sediment,Hydraulics",Regression,Watershed planning,Suspended,Erosion,Not Applicable,Not Applicable,Not Applicable,Not Applicable,Not Applicable,Not Applicable,"Eastern USA,Midwestern USA,Hawaii",Land Management,Agriculture,Not Applicable,"USA (east of Rocky Mountains),Hawaii",5.6843418860808e-14,5.6843418860808e-14
L0115,Magnitude and frequency of forces in geomorphic processes,1960,"Wolman, MG, Miller, JP",https://doi.org/10.1086/626637,Journal Article,"Reporting,Analysis","Water Quality,Sediment,Hydraulics","Frequency Analysis,Regression",Watershed planning,"Suspended,Bedload","Bank Erosion,Erosion",Not Applicable,Not Applicable,Not Applicable,Not Applicable,Flood,Not Applicable,USA,"Sediment release,Land Management",Not Applicable,"Alluvial fans,Meandering rivers","Rio Puerco,Brandywine Creek,Colorado River,Cheyenne River,Niobrara River,Rio Grande,San Juan River,Bighorn River,Shoshone River,Wind River,Saline River,Iowa River,White River,Moreau River,Cedar River,Columbia River",5.6843418860808e-14,5.6843418860808e-14
L0116,The North American Regional Climate Change Assessment Program Dataset,2007,"Mearns, LO, et al.,",https://doi.org/10.5065/D6RN35ST,Dataset,"Planning,Reporting",Hydraulics,Not Applicable,Flood risk,Not Applicable,Not Applicable,Not Applicable,Not Applicable,Not Applicable,Yes,"Flood,drought","Wildfire,Ice","USA,CaNot Applicableda",Not Applicable,Not Applicable,Not Applicable,"United States,Canada",5.6843418860808e-14,5.6843418860808e-14
L0117,Evaluation of Deposition Pattern of Wonogiri Reservoir Sedimentation,2015,"Wulandari, D.A., Legano, D., Darsono, S.",,Journal Article,"Planning,Reporting,Analysis","Sediment,Elevation,Storage",Not Applicable,Maintenance,Not Applicable,Reservoir Pool,Not Applicable,Not Applicable,Not Applicable,Yes,"Flood,Adaptive MaNot Applicablegement",Not Applicable,Indonesia,Deposition Control,Not Applicable,Not Applicable,Indonesia,5.6843418860808e-14,5.6843418860808e-14
L0118,Channel Stability Assessment for Flood Control Projects,1994,USACE,https://www.publications.usace.army.mil/portals/76/publications/engineermanuals/em_1110-2-1418.pdf,Design Manual,"Planning,Design,Maintenance,Reporting","Bathymetry,Sediment,Hydraulics",Regression,"Flood risk,Economics,Maintenance","Cohesive,Gravel,Sand,Suspended,Silt,Clay","Bank Erosion,Suspended,Erosion",Not Applicable,Not Applicable,Not Applicable,Yes,Flood,Not Applicable,USA,"Sediment release,Deposition control",Upland,"Meandering rivers,Braided rivers","Twenty Mile Creek/Tombigbee River,Puerco River,Grapevine Spillway/Denton Creek,Snake River,Sardis Dam/Little Tallahatchie River/Yazoo River,Red River/Atchafalaya River,Shasta Dam/Sacramento River,Enid Dam/Long Creek/Yocona River,Tanana River/Yukon River",5.6843418860808e-14,5.6843418860808e-14
L0119,Review of the U.S. Army Corps of Engineers Involvement with Alluvial Fan Flooding Problems,1988,USACE,https://www.hec.usace.army.mil/publications/TechnicalPapers/TP-124.pdf,USACE Report,"Planning,Reporting","Bathymetry,Public Participation",Not Applicable,Flood Risk,Not Applicable,"Debris,Erosion",Not Applicable,Not Applicable,Not Applicable,Not Applicable,Flood,"Debris flow,Landslide",Western USA,"Sediment Release,Land Management,Deposition Control",Not Applicable,Alluvial fans,"Magnesia Spring Creek,Rudd Creek/Wasatch Mountains,Centerville Canyon/Wasatch Mountains,Stone and Holbrook Creek/Wasatch Mountains",5.6843418860808e-14,5.6843418860808e-14
L0120,"The channels and waters of the upper Salmon River, Idaho",1975,"Emmett, WW",https://pubs.usgs.gov/pp/0870a/report.pdf,Government Report,"Reporting,Analysis","Bathymetry,Water Quality,Hydraulics","Hydraulic Equations,Frequency Analysis,Regression",Watershed planning,Not Applicable,Suspended,Yes,Yes,Yes,Not Applicable,Not Applicable,Not Applicable,Idaho,Land Management,Forestry,Mountain Torrents,Upper Salmon River,5.6843418860808e-14,5.6843418860808e-14
L0121,"A Northern Rocky Mountain polygon fire history: Accuracy, limitations, strengths, applications, and recommended protocol of digital fire perimeter data",2006,"Gibson, CE",https://alliance-uidaho.primo.exlibrisgroup.com/permalink/01ALLIANCE_UID/2vsn7u/alma99138264601851,Thesis,"Planning,Reporting",Ecological,Ecological Modeling,Watershed planning,Not Applicable,Not Applicable,Yes,Yes,Yes,Yes,Not Applicable,Wildfire,"Northern Rocky Mountains, USA",Land Management,Forestry,Mountain Torrents,"Bitterroot National Forest,Boise National Forest,Caribou-Targhee National Forest,Clearwater National Forest,Flathead National Forest,Glacier National Park,Idaho Panhandle National Forest",5.6843418860808e-14,5.6843418860808e-14
L0122,Atlas of digital polygon fire extents for Idaho and western Montana (1889-2003),2009,"Gibson, CE, Morgan, P",https://doi.org/10.2737/RDS-2009-0006,Dataset,"Planning,Reporting",Ecological,Ecological Modeling,Watershed planning,Not Applicable,Not Applicable,Yes,Yes,Yes,Yes,Not Applicable,Wildfire,"Northern Rocky Mountains, USA",Land Management,Forestry,Mountain Torrents,"Idaho,Western Montana",5.6843418860808e-14,5.6843418860808e-14
L0123,Mobile Bed Modeling of the Cowlitz River Using HEC-RAS: Assessing Flood Risk and Impact Due to System Sediment,2010,"Gibson, S, Nygaard, C, Dickerson, P",https://search.lib.byu.edu/byu/record/cat.6664370.item.31197237716094,Conference Paper,Analysis,"Bathymetry,Sediment,Hydraulics",Sediment Transport Modeling,Flood risk,Bedload,Erosion,Not Applicable,Not Applicable,Not Applicable,Yes,Flood,Not Applicable,Oregon,"Sediment release,Deposition control",Not Applicable,Mountain Torrents,Cowlitz River,5.6843418860808e-14,5.6843418860808e-14
L0124,Downstream Coarsening on the Missouri River,2016,"Gibson, S, Shelley, J, Cai, C",https://www.researchgate.net/profile/Stanford-Gibson/publication/311507977_Downstream_coarsening_on_the_Missouri_river/links/5a5cd795a6fdcc68fa96e526/Downstream-coarsening-on-the-Missouri-river.pdf,Conference Paper,"Reporting,Analysis","Bathymetry,Sediment,Hydraulics",Frequency Analysis,Not Applicable,Sand,"Suspended,Erosion",Not Applicable,Not Applicable,Not Applicable,Not Applicable,Not Applicable,Not Applicable,"MontaNot Applicable,Kansas,Missouri","Sediment release,Deposition control","Multi-use,Agriculture",Regulated rivers,"Missouri River at Mississippi River,Missouri River at Osage River,Missouri River at Grand River,Missouri River at Kansas River",5.6843418860808e-14,5.6843418860808e-14
L0125,Missouri River Temperature Effects in Transition from Dunes to Plane Bed,1976,USACE,,,,,,,,,,,,,,,,Not Applicable,,,Missouri River Geomorphology,5.6843418860808e-14,5.6843418860808e-14
L0126,Review of the Regulation of the Missouri River Mainstem Reservoir System During the Flood of 2011,2012,"Grigg, N, McCarthy, C, Lawrence, B, Ockerman, D",https://www.nwd-mr.usace.army.mil/rcc/reports/pdfs/MRIndependentReviewPanel.pdf,USACE Report,"Planning,Operations,Reporting,Analysis","Public Participation,Hydraulics","Hydraulic Modeling,Frequency Analysis","Flood risk,watershed planning,Operations",Suspended,Emergency Spillway,Not Applicable,Not Applicable,Not Applicable,Yes,"Flood,Structure failure",Not Applicable,"MontaNot Applicable,North Dakota,South Dakota,Nebraska,Iowa,Kansas,Missouri",Flood diversion,"Urban,Agriculture",Regulated rivers,"Missouri River from Fort Peck Dam to Lake Sakakawea,Missouri River from Garrison Dam to Oahe Dam,Missouri River from Oahe Dam to Lake Sharpe,Missouri River from Fort Randall Dam to Lewis and Clark Lake",5.6843418860808e-14,5.6843418860808e-14
L0127,Old River Control Complex sedimentation investigation,2015,"Heath, RE, Brown, GL, Little, CD, Pratt, TC, Ratcliff, JJ, Abraham, DD, Perkey, D, Ganesh, NB, Martin, K, May, DP",https://hdl.handle.net/11681/7729,ERDC TN,"Operations,Reporting,Analysis","Bathymetry,Sediment,Hydraulics","Hydraulic Modeling,Laboratory Analysis,Sediment Transport Modeling,Frequency Analysis,Regression",Operations,"Suspended,Bedload",Emergency Spillway,Not Applicable,Not Applicable,Not Applicable,Not Applicable,Flood,Not Applicable,"LouisiaNot Applicable,Mississippi","Sediment release,Flood diversion,Deposition control",Wetlands,"Regulated rivers,Deltas",Old River Control Complex (ORCC),5.6843418860808e-14,5.6843418860808e-14
L0128,"Hydrodynamic Conditions in the Black River Delta/Lake Onalaska Area, Pool 7, Upper Mississippi River 1980-81 and 1991-92",1994,"Hendrickson, JS, Haase, FR",https://apps.dtic.mil/sti/citations/ADA301631,USACE Report,"Operations,Reporting,Analysis","Bathymetry,Sediment,Hydraulics","Hydraulic Modeling,Frequency Analysis,Regression","Flood risk,Operations","Sand,Suspended,Bedload","Suspended,Erosion",Not Applicable,Not Applicable,Not Applicable,Not Applicable,Flood,Not Applicable,Minnesota,"Flood diversion,Deposition control",Island,Deltas,Lake Onalaska Area/Black River Delta,5.6843418860808e-14,5.6843418860808e-14
L0129,"South Fork Tillatoba Creek drop structures, Mississippi; Hydraulic model investigation",1982,"Hite, JW, Pickering, GA",https://hdl.handle.net/11681/13455,ERDC TN,"Construction,Design","Bathymetry,Hydraulics",Laboratory Analysis,Flood risk,Rock,Plunge Pool,Not Applicable,Not Applicable,Not Applicable,Not Applicable,"Flood,Structure failure",Not Applicable,Mississippi,Flood diversion,"Forestry,Agriculture",Modified streams,South Fork Tillatoba Creek Drop,5.6843418860808e-14,5.6843418860808e-14
L0130,Regulated River Modeling for Climate Change Impact Assessment: The Missouri River,2000,"Hotchkiss, RH, Jorgensen, SF, Stone, MC, Fontaine, TA",https://doi.org/10.1111/j.1752-1688.2000.tb04275.x,Journal Article,"Operations,Analysis",Hydraulics,"Hydraulic Modeling,Frequency Analysis,Regression","Watershed planning,Operations",Not Applicable,"Reservoir pool,Reservoir release",Not Applicable,Not Applicable,Not Applicable,Yes,Drought,Not Applicable,"MontaNot Applicable,North Dakota,South Dakota,Nebraska,Iowa,Kansas,Missouri",Not Applicable,"Urban,Agriculture",Regulated rivers,"Fort Peck Dam,Garrison Dam,Oahe Dam,Big Bend Dam,Fort Randall Dam,Gavins Point Dam",5.6843418860808e-14,5.6843418860808e-14
L0131,"A Dendrogeomorphic Approach to Measurement of Sedimentation in a Forested Wetland, Black Swamp, Arkansas",1990,"Hupp, CR, Morris, EE",https://doi.org/10.1007/BF03160827,Journal Article,"Reporting,Analysis","Bathymetry,Sediment","Frequency Analysis,Regression",Watershed planning,"Sand,Silt,Clay",Suspended,Yes,Yes,Yes,Not Applicable,Not Applicable,Not Applicable,Arkansas,"Land Management,Deposition control","Forestry,Wetlands,Agriculture",Alluvial fans,Black Swamp/Cache River,5.6843418860808e-14,5.6843418860808e-14
L0132,Climate Change Impacts on Iowa 2010,2010,Iowa Climate Change Advisory Council,https://ehsrc.public-health.uiowa.edu/wp-content/uploads/2019/03/Iowa_Climate_Statement_2010_complete_report.pdf,Government Report,"Planning,Reporting","Bathymetry,Water Quality,Sediment,Ecological,Public Participation,Hydraulics","Frequency Analysis,Regression","Flood risk,Economics,Watershed planning",Not Applicable,Erosion,Yes,Yes,Yes,Yes,"Flood,drought,Structure failure",Not Applicable,Iowa,Land Management,Agriculture,Not Applicable,Iowa,5.6843418860808e-14,5.6843418860808e-14
L0133,Lower White River 2009-2016 In-Channel Sediment Monitoring,2017,King County,https://your.kingcounty.gov/dnrp/library/water-and-land/flooding/white_river/PRB/11%20lower-white-r-sediment-monitoring-tech-memo-2017.pdf,Government Report,"Planning,Operations,Maintenance,Reporting","Bathymetry,Sediment",Frequency Analysis,"Flood risk,Maintenance,Operations",Gravel,"Erosion,Dredging",Not Applicable,Not Applicable,Not Applicable,Not Applicable,Flood,Volcanos,Washington,deposition control,Urban,Alluvial fans,White River,5.6843418860808e-14,5.6843418860808e-14
L0134,A Guide for Pre- and Postfire Modeling and Application In the Western United States.,2013,"Kinoshita, AM, Hogue, TS, Napper, C",https://nfsl.contentdm.oclc.org/digital/api/collection/p17053coll2/id/7274/download,Government Report,Analysis,Hydraulics,"Hydraulic Modeling,Frequency Analysis","Flood risk,Watershed planning",Not Applicable,Not Applicable,Not Applicable,Not Applicable,Not Applicable,Yes,Flood,Wildfire,Western USA,Not Applicable,Not Applicable,Mountain torrents,"Andrews Creek,Arroyo Seco,Devil Canyon,Frye Creek,Bull #3,Rock Creek,Fridley,Hayman",5.6843418860808e-14,5.6843418860808e-14
L0135,"Total nutrient and sediment loads, trends, yields, and nontidal water-quality indicators for selected nontidal station, Chesapeake Bay Watershed, 1985-2011",2013,"Langland, MJ, Blomquist, JD, Moyer, DL, Hyer, KE, Chanat, JG",https://doi.org/10.3133/ofr20131052,Government Report,Reporting,"Water Quality,Sediment",Frequency Analysis,Watershed planning,Suspended,Suspended,Not Applicable,Not Applicable,Not Applicable,Not Applicable,Not Applicable,Not Applicable,Eastern USA,Sediment release,Multi-use,Not Applicable,Chesapeake Bay Watershed,5.6843418860808e-14,5.6843418860808e-14
L0136,"Climatic water balance and regional fire years in the Pacific Northwest, USA: linking regional climate and fire at landscape scales",2011,"Littell, JS, Gwozdz, R",https://doi.org/10.1007/978-94-007-0301-8_5,Book,"Planning,Analysis",Hydraulics,"Frequency Analysis,Regression",Watershed planning,Not Applicable,Not Applicable,Not Applicable,Not Applicable,Not Applicable,Yes,Drought,Wildfire,Northwest USA,Land Management,Forestry,Not Applicable,"Washington,Oregon,Idaho,Western Montana",5.6843418860808e-14,5.6843418860808e-14
L0137,Climate and wildfire area burned in western U.S. ecoprovinces (1916-2003),2009,"Littell JS, McKenzie, D, Peterson, DL, Westerling, AL",https://doi.org/10.1890/07-1183.1,Journal Article,"Planning,Analysis",Hydraulics,"Frequency Analysis,Regression",Watershed planning,Not Applicable,Not Applicable,Not Applicable,Not Applicable,Not Applicable,Yes,Drought,Wildfire,Western USA,Land Management,Multi-use,Not Applicable,"Washington,Oregon,Idaho,Montana,Wyoming,Colorado,Nevada,Utah,Arizona,New Mexico,California",5.6843418860808e-14,5.6843418860808e-14
L0138,"Sediment transport and channel characteristics of a sand-bed portion of the Green River below Flaming Gorge Dam, Utah USA",1992,"Lyons, JK, Pucherelli, MJ, Clark, RC",https://doi.org/10.1002/rrr.3450070302,Journal Article,Analysis,"Sediment,Hydraulics","Frequency Analysis,Regression",Not Applicable,"Suspended,Bedload,Sand",Reservoir pool,Not Applicable,Not Applicable,Not Applicable,Not Applicable,Not Applicable,Not Applicable,Utah,Dam Removal,Not Applicable,"Alluvial fans,Regulated rivers",Flaming Gorge Dam,5.6843418860808e-14,5.6843418860808e-14
L0139,"Sediment Impact Assessment for Navigation Channel Maintenance, Alabama River, Alabama, and Apalachicola River, Florida",1996,"McComas, DN, Copeland, RR",https://hdl.handle.net/11681/10806,ERDC TN,Analysis,"Sediment,Hydraulics","Frequency Analysis,Regression","Maintenance,Operations","Gravel,Sand,Silt,Suspended,Bedload","Suspended,Dredging",Not Applicable,Not Applicable,Not Applicable,Not Applicable,Not Applicable,Not Applicable,"Alabama,Florida",Deposition control,"Forestry,Agriculture,Wetlands",Meandering rivers,"Clairborne Lock and Dam,Jim Woodruff Lock and Dam",5.6843418860808e-14,5.6843418860808e-14
L0140,"Lower Susquehanna River Watershed Assessment, Maryland and Pennsylvania",2015,USACE,https://dnr.maryland.gov/waters/bay/documents/lsrwa/reports/lsrwafinalmain20160307.pdf,Government Report,"Planning,Operations,Maintenance,Reporting,Analysis","Water Quality,Sediment,Hydraulics","Hydraulic Modeling,Sediment Transport Modeling","Watershed planning,Maintenance,Operations","Suspended,Bedload","Suspended,Erosion",Not Applicable,Not Applicable,Not Applicable,Yes,Not Applicable,Not Applicable,"Pennsylvania,Maryland","Land Management,beneficial use of dredged material,deposition control",Multi-use,Regulated rivers,"Safe Harbor Dam,Holtwood Dam,Conowingo Dam",5.6843418860808e-14,5.6843418860808e-14
L0141,"Optimization of Reach-Scale Gravel Nourishment on the Green River below Howard Hanson Dam, King County, Washington",2022,"Corum, Z, Cheng, E, Gibson, S, Dahl, T",https://dx.doi.org/10.21079/11681/43887,ERDC TN,"Planning,Construction,Operations,Analysis","Bathymetry,Sediment,Hydraulics","Sediment Transport Modeling,Frequency Analysis","Maintenance,Operations","Suspended,Bedload","Suspended,Erosion",Yes,Yes,Yes,Yes,Not Applicable,Not Applicable,Washington,"Sediment release,Deposition control",Forestry,Not Applicable,Howard A. Hanson Dam,5.6843418860808e-14,5.6843418860808e-14
L0142,"Hydrology, Hydraulics, and Sediment Studies for the Matilija Dam Ecosystem Restoration Project, Ventura, CA",2006,US Bureau of Reclamation (USBR),http://www.matilijadam.org/documents/Matilija%20H&H%20Design%20v2.pdf,Government Report,"Planning,Construction,Reporting,Analysis","Bathymetry,Water Quality,Sediment,Ecological,Hydraulics","Hydraulic Modeling,Frequency Analysis,Regression",Watershed planning,"Gravel,Sand,Suspended,Rock,Silt","Reservoir pool,Debris",Yes,Yes,Yes,Yes,Not Applicable,Not Applicable,Southern California,Dam Removal,Not Applicable,Not Applicable,"Matilija Dam,Casitas Dam",5.6843418860808e-14,5.6843418860808e-14
L0143,Precipitation-frequency atlas of the western United States,1973,"Miller, JF, Frederick, RH, Tracey, RJ",https://repository.library.noaa.gov/view/noaa/28188,Government Report,"Planning,Reporting,Analysis",Hydraulics,"Frequency Analysis,Regression","Flood risk,watershed planning",Not Applicable,Not Applicable,Not Applicable,Not Applicable,Not Applicable,Not Applicable,"Flood,drought",Ice,Western USA,Land Management,Multi-use,Not Applicable,"Washington,Oregon,Idaho,Montana,Wyoming,Colorado,Nevada,Utah,Arizona,New Mexico,California",5.6843418860808e-14,5.6843418860808e-14
L0144,"Trends in Wildfire Severity: 1984 to 2010 in the Sierra Nevada, Modoc Plateau, and Southern Cascades, California, USA",2012,"Miller, JD, Safford, HD",https://doi.org/10.4996/fireecology.0803041,Journal Article,"Reporting,Analysis",Ecological,Frequency Analysis,Watershed planning,Not Applicable,Not Applicable,Yes,Yes,Yes,Not Applicable,Not Applicable,wildfire,California,Land Management,Forestry,Not Applicable,"Eldorado National Forest,Inyo National Forest,Lassen National Forest,Modoc National Forest,Plumas National Forest,Sequoia National Forest,Sierra National Forest,Stanislaus National Forest,Tahoe National Forest,Lake Tahoe Basin Management Unit",5.6843418860808e-14,5.6843418860808e-14
L0145,"Multi-season Climate Synchronized Forest Fires Throughout the 20th Century, Northern Rockies, USA",2008,"Morgan, P, Heyerdahl, EK, Gibson, CE",https://www.fs.usda.gov/treesearch/pubs/30689,Journal Article,"Reporting,Analysis",Not Applicable,Frequency Analysis,Watershed planning,Not Applicable,Not Applicable,Not Applicable,Not Applicable,Not Applicable,Yes,drought,"wildfire,Ice","MontaNot Applicable,Idaho",Land Management,Forestry,Not Applicable,"Montana (west of continental divide),Idaho",5.6843418860808e-14,5.6843418860808e-14
L0146,A study of bankfull discharges of rivers in England and Wales,1959,"Nixon, M",https://doi.org/10.1680/iicep.1959.12123,Journal Article,"Reporting,Analysis","Water Quality,Hydraulics","Hydraulic Equations,Frequency Analysis,Regression",Watershed planning,Suspended,Suspended,Not Applicable,Not Applicable,Not Applicable,Not Applicable,Flood,Not Applicable,"England,Wales",Not Applicable,Multi-use,Not Applicable,"River Thames,River Severn,River Avon,River Mersey,River Wye,River Weaver,River Tyne,River Wallington,River Trent,River Great Ouse,River Dee",5.6843418860808e-14,5.6843418860808e-14
L0147,Bankfull discharge and sediment transport in northwestern California,1987,"Nolan, KM, Lisle, TE, Kelsy, HM",https://www.fs.usda.gov/treesearch/pubs/7887,Conference Paper,"Reporting,Analysis","Bathymetry,Sediment,Hydraulics",Frequency Analysis,Watershed planning,"Suspended,Bedload",Erosion,Not Applicable,Not Applicable,Not Applicable,Not Applicable,Flood,Not Applicable,Northern California,Deposition Control,Forestry,Deltas,"Black Butte River,Eel River,Van Duzen River,Redwood Creek,Trinity River",5.6843418860808e-14,5.6843418860808e-14
L0148,Spatial variability in wildfire probability across the western United States,2012,"Parisien, MA, Snetsinger, S, Greenberg, JA, Nelson, CR, Schoennagel, T, Dobrowski, SZ, Moritz, MA",https://doi.org/10.1071/WF11044,Journal Article,"Reporting,Analysis","Ecological,Hydraulics",Frequency Analysis,Watershed planning,Not Applicable,Not Applicable,Yes,Yes,Yes,Yes,Not Applicable,wildfire,Western USA,Land Management,"Urban,forestry",Not Applicable,"Washington,Oregon,Idaho,Montana,Wyoming,Colorado,Nevada,Utah,Arizona,New Mexico,California",5.6843418860808e-14,5.6843418860808e-14
L0149,Chapter 18: Midwest. Climate Change Impacts in the United States: The Third National Climate Assessment,2014,"Pryor, SC, Scavia, D, Downer, C, Gaden, M, Iverson, L, Nordstrom, R, Patz, J, Robertson, GP",https://doi.org/10.7930/J0J1012N,Government Report,Reporting,"Water Quality,Ecological,Hydraulics","Frequency Analysis,Regression","Flood risk,economics,watershed planning",Suspended,Erosion,Yes,Yes,Yes,Yes,"Flood,drought",Ice,"Midwest USA,Great Lakes USA","Sediment release,Land Management","Forestry,Beach,Agriculture",Not Applicable,"Minnesota,Iowa,Missouri,Wisconsin,Illinois,Indiana,Michigan,Ohio",5.6843418860808e-14,5.6843418860808e-14
L0150,"Hydrology of Hungry Horse Reservoir, Northwestern Montana",1971,"Simons, WD, Rorabaugh, MI",https://doi.org/10.3133/pp682,Government Report,"Operations,Reporting,Analysis",Hydraulics,"Hydraulic Equations,Hydraulic Modeling,Frequency Analysis,Regression",Operations,Not Applicable,Not Applicable,Not Applicable,Not Applicable,Not Applicable,Yes,"Flood,drought",Not Applicable,MontaNot Applicable,"Flood diversion,Land Management",Not Applicable,Regulated Rivers,Hungry Horse Dam,5.6843418860808e-14,5.6843418860808e-14
L0151,The magnitude and frequency characteristics of fluvial transport in the Devon drainage basin and some geomorphological implications,1982,"Webb, BW, Walling, DE",https://doi.org/10.1016/S0341-8162(82)80002-7,Journal Article,"Reporting,Analysis","Water Quality,Sediment,Hydraulics","Frequency Analysis,Regression",Watershed planning,Suspended,Suspended,Not Applicable,Not Applicable,Not Applicable,Not Applicable,Not Applicable,Not Applicable,England,Sediment release,Agriculture,Not Applicable,River Creedy,5.6843418860808e-14,5.6843418860808e-14
L0152,"Potential for debris flow and debris flood along the Wasatch Front between Salt Lake City and Willard, Utah, and measures for their mitigation",1983,"Wieczorek, GF, Ellen, S, Lips, WW, Cannon, SH, Short, DN",https://doi.org/10.3133/ofr83635,Government Report,"Design,Reporting","Sediment,Hydraulics",Regression,Flood risk,"Suspended,Bedload","Bank erosion,erosion",Not Applicable,Not Applicable,Not Applicable,Yes,Flood,"Debris flow,landslide,Ice",Utah,"Sediment release,Land Management,Flood diversion",Urban,"Mountain torrents,Alluvial fans","City Creek,Mill Creek,Kenney Creek,Holbrook Canyon",5.6843418860808e-14,5.6843418860808e-14
L0153,"The natural channel of Brandywine Creek, Pennsylvania, U.S",1955,"Wolman, MG",https://pubs.usgs.gov/pp/0271/report.pdf,Government Report,"Reporting,Analysis","Bathymetry,Water Quality,Sediment,Hydraulics","Hydraulic Equations,Regression",Watershed planning,"Gravel,Suspended,Silt",Suspended,Not Applicable,Not Applicable,Not Applicable,Not Applicable,Not Applicable,Not Applicable,"Pennsylvania,Delaware","Sediment release,Deposition control",Not Applicable,Not Applicable,Brandywine Creek,5.6843418860808e-14,5.6843418860808e-14
L0154,Variation in suspended sediment yield across the UK - A failure of the concept and interpretation of the sediment delivery ratio,2014,"Worrall, F, Burt, TF,  Howden, NJK, Hancock, GR",https://doi.org/10.1016/j.jhydrol.2014.09.066,Journal Article,"Reporting,Analysis","Bathymetry,Water Quality,Sediment,Hydraulics",Regression,Watershed planning,"Suspended,Bedload","Bank erosion,Suspended,Erosion",Not Applicable,Not Applicable,Not Applicable,Not Applicable,Not Applicable,Not Applicable,United Kingdom,"Sediment Release,Land Management,Deposition Control",Multi-use,Not Applicable,United Kingdom watersheds,5.6843418860808e-14,5.6843418860808e-14
L0155,"Shoreline Erosion Process, Lake Sakakaea",1991,"Dorough, WG, Ried, JR",https://babel.hathitrust.org/cgi/pt?id=umn.31951d00521601d&seq=459,Conference Paper,"Reporting,Analysis","Bathymetry,Sediment","Frequency Analysis,Regression",Not Applicable,Gravel,Bank erosion,Not Applicable,Not Applicable,Not Applicable,Not Applicable,Not Applicable,Ice,North Dakota,"Sediment Release,Land Management","Upland,Beach",Not Applicable,Garrison Dam,5.6843418860808e-14,5.6843418860808e-14
L0156,Erodibility Study of Passaic River Sediments Using USACE SEDflume,2006,"Borrowman, TD, Smith, ER, Gailani, JZ, Caviness, L",https://hdl.handle.net/11681/8498,ERDC TN,"Reporting,Analysis",Sediment,Laboratory Analysis,Not Applicable,Cohesive,Erosion,Not Applicable,Not Applicable,Not Applicable,Not Applicable,Not Applicable,Not Applicable,New Jersey,Sediment Release,"Urban,Wetlands",Not Applicable,Passaic River,5.6843418860808e-14,5.6843418860808e-14
L0157,Process-based model linking pocket gopher (Thomomys bottae) activity to sediment transport and soil thickness,2005,"Yoo, K, Amundson, R,  Meimsath, AM, Dietrich, WE",https://doi.org/10.1130/G21831.1,Journal Article,Analysis,"Sediment,Ecological","Ecological Modeling,Sediment Transport Modeling,Regression",Watershed planning,Not Applicable,"Bank erosion,Erosion",Yes,Yes,Yes,Not Applicable,Not Applicable,Not Applicable,California,"Sediment Release,Land Management",Not Applicable,Not Applicable,California hillslopes,5.6843418860808e-14,5.6843418860808e-14
L0158,Alluvial Fan Flooding,1996,NRC,https://doi.org/10.17226/5364,Book,"Planning,Reporting","Bathymetry,Sediment,Hydraulics",Not Applicable,"Flood risk,economics",Not Applicable,"Debris,Erosion",Not Applicable,Not Applicable,Not Applicable,Not Applicable,Flood,"Debris flow,Landslide","ArizoNot Applicable,California,Utah","Sediment Release,Land Management,Deposition Control",Not Applicable,Alluvial fans,"Henderson Canyon,Thousand Palms Wash,Lytle Creek,Tortolita Mountains,Carefree, Arizona,Rudd Creek,Hat Creek,Davis Creek,Nelson Run,Tijuana River",5.6843418860808e-14,5.6843418860808e-14
L0159,Hydrologic Analyses of Post-Wildfire Conditions,2016,NRCS,https://www.nrcs.usda.gov/sites/default/files/2024-10/Hydrology%20210-04%2C%20Hydologic%20Analyses%20of%20Post-Wildfire%20Conditions.pdf,Government Report,"Planning,Reporting,Analysis","Sediment,Hydraulics","Hydraulic Equations,Hydraulic Modeling,Sediment Transport Modeling,Frequency Analysis","Flood risk,Watershed planning","Sand,Silt,Clay","Bank erosion,Erosion,Debris",Not Applicable,Not Applicable,Not Applicable,Yes,Flood,"Debris flow,wildfire",Western USA,"Sediment Release,Land Management,Deposition Control",Forestry,Mountain Torrents,"High Park Fire,Bitterroot National Forest,West Fork Complex,Whitewater Creek,Saratoga Springs",5.6843418860808e-14,5.6843418860808e-14
L0160,Approaches for Assessing Riverine Scour,2021,"Howard, A, Pak, J, May, D, Gibson, S, Haring, C, Alberto, B, Snyder, M",https://dx.doi.org/10.21079/11681/40702,ERDC TN,"Operations,Analysis","Bathymetry,Sediment,Hydraulics",Sediment Transport Modeling,Flood risk,"Gravel,Sand",Erosion,Not Applicable,Not Applicable,Not Applicable,Not Applicable,Structure failure,Not Applicable,California,Sediment Release,Urban,"Modified streams,Regulated rivers",Lower American River,5.6843418860808e-14,5.6843418860808e-14
L0161,Flow Regulation for Controlled River Ice Formation,1993,"Jain, SC, Ettema, R, Park, I",https://hdl.handle.net/11681/9155,ERDC TN,"Planning,Operations",Hydraulics,"Hydraulic Equations,Regression",Operations,Not Applicable,Not Applicable,Not Applicable,Not Applicable,Not Applicable,Not Applicable,Structure failure,Ice,Pennsylvania,Not Applicable,Multi-use,"Modified streams,Regulated rivers",Hannibal Locks and Dam,5.6843418860808e-14,5.6843418860808e-14
L0162,"A sediment budget for an urbanizing watershed, 1951-1996, Montgomery County, Maryland, U.S.A.",2007,"Allmendinger, NE, Pizzuto, JE, Moglen, GE, Lewicki, M",https://doi.org/10.1111/j.1752-1688.2007.00122.x,Journal Article,"Reporting,Analysis","Bathymetry,Sediment","Frequency Analysis,Regression",Watershed Planning,"Gravel,Sand,Silt,Clay","Bank erosion,erosion",Not Applicable,Not Applicable,Not Applicable,Not Applicable,Flood,Not Applicable,Maryland,Land Management,"Urban,Upland",Not Applicable,Good Hope Tributary,5.6843418860808e-14,5.6843418860808e-14
L0163,"Sediment accumulation rates and sediment dynamics using five different methods in a well-constrained impoundment: Case study from Union Lake, MI",2015,"Baskaran, M, Miller, C, Kumar, A, Andersen, E, Hui, J, Selegean, JP, Creech, C, Barkach, J",https://doi.org/10.1016/j.jglr.2015.03.013,Journal Article,"Reporting,Analysis","Bathymetry,Sediment","Frequency Analysis,Regression",Watershed Planning,"Gravel,Sand,Silt,Clay",Suspended,Not Applicable,Not Applicable,Not Applicable,Not Applicable,Not Applicable,Not Applicable,Michigan,Deposition Control,"Urban,Forestry,Wetlands",Meandering rivers,Riley Dam,5.6843418860808e-14,5.6843418860808e-14
L0164,Demonstration Erosion Control Project Monitoring Program,2000,"Biedenharn, DS, Raphelt, NK, Watson, CC",https://hdl.handle.net/11681/26535,ERDC TN,Reporting,Bathymetry,"Frequency Analysis,Regression",Watershed Planning,"Silt,Clay","Bank erosion,headcut,erosion",Not Applicable,Not Applicable,Not Applicable,Not Applicable,Flood,Not Applicable,Mississippi,"Sediment release,Land Management","Forestry,Wetlands,Agriculture",Not Applicable,Yazoo River watersheds,5.6843418860808e-14,5.6843418860808e-14
L0165,Flow Depth in Sand-Bed Channels,1983,"Brownlie, WR",https://doi.org/10.1061/(ASCE)0733-9429(1983)109:7(959),Journal Article,Analysis,Hydraulics,"Hydraulic Equations,Regression",Not Applicable,Sand,Not Applicable,Not Applicable,Not Applicable,Not Applicable,Not Applicable,Not Applicable,Not Applicable,Not Applicable,Not Applicable,Not Applicable,Not Applicable,"Rio Grande Conveyance Channel,Mississippi River,Atchafalaya River,Colorado River,Missouri River,Hii River,Middle Loup River,Republican River,Rio Grande,Pigeon Roost Creek,Sacramento River",5.6843418860808e-14,5.6843418860808e-14
L0166,Field comparisons of six pressure difference bedload samplers in high-energy flow,1999,"Childers, D",https://doi.org/10.3133/wri924068,Government Report,"Planning,Design,Analysis",Sediment,Frequency Analysis,Not Applicable,"Gravel,Sand,Rock,Bedload",Suspended,Not Applicable,Not Applicable,Not Applicable,Not Applicable,Not Applicable,Volcanos,Washington,"Sediment release,Deposition control",Forestry,Mountain torrents,Toutle River at Coal Bank bridge,5.6843418860808e-14,5.6843418860808e-14
L0167,Operator bias characterizing stream substrates using Wolman pebble counts with a standard measurement template,2010,"Daniels, MD, McCusker, MH",https://doi.org/10.1016/j.geomorph.2009.09.038,Journal Article,"Reporting,Analysis",Sediment,Not Applicable,Not Applicable,"Sand,Gravel,Rock",Not Applicable,Not Applicable,Not Applicable,Not Applicable,Not Applicable,Not Applicable,Not Applicable,Connecticut,"Sediment release,Deposition control",Upland,Not Applicable,Schoolhouse Brook and Fenton River,5.6843418860808e-14,5.6843418860808e-14
L0168,"Hydraulic Sediment Response Modeling, Replication Accuracy to the River",2011,"Davinroy, RD, Gaines, RA, Gordon, DC, Hopkins, LL, Barretta, DP, Brown, JL, Rodgers, MT, Brauer, E, Cox, AN, Lauth, T, Krischel, BJ",https://www.mvs-wc.usace.army.mil/arec/Documents/Publications/M53_Hydraulic_Sediment_Response_Modeling_Replication_Accuracy.pdf,USACE Report,Analysis,"Bathymetry,Sediment,Hydraulics","Laboratory Analysis,Frequency Analysis","Maintenance,Operations",Bedload,"Bank erosion,Suspended,Erosion",Not Applicable,Not Applicable,Not Applicable,Not Applicable,Not Applicable,Not Applicable,"Missouri,Illinois","Sediment release,Deposition control",Urban,Regulated rivers,"Missouri River at St. Charles, MO,Mississippi River at Grand Lake Towhead",5.6843418860808e-14,5.6843418860808e-14
L0169,"River Diversions: Principles, Processes, Challenges and Opportunities, A Guidance Document",2012,"Dean, RG., Wells, JT, Fernando, J, Goodwin, P",https://www.mvd.usace.army.mil/Portals/52/docs/SandT/LCA/Dean%20and%20Wells%20Final%20Guidance%20Document.pdf,Government Report,"Design,Operations","Bathymetry,Sediment,Hydraulics","Hydraulic Equations,Sediment Transport Analysis,Frequency Analysis","Flood risk,Operations","Sand,Silt,Clay,Suspended","Emergency Spillway,Reservoir release",Not Applicable,Not Applicable,Not Applicable,Yes,Flood,Not Applicable,"LouisiaNot Applicable,Mississippi","Land Management,Flood diversion","Urban,Wetlands","Deltas,Regulated rivers","West Bay Sediment Diversion (WBSD),Bayou Lamoque Diversion,White Ditch Diversion,Myrtle Grove Diversion,Caernarvon Diversion,Davis Pond Diversion,Bonnet Carré Spillway",5.6843418860808e-14,5.6843418860808e-14
L0170,Framework for control of dynamic ice breakup by river regulation,1989,"Ferrick, MG, Mulherin, ND",https://hdl.handle.net/11681/9058,ERDC TN,"Planning,Operations,Analysis",Hydraulics,Hydraulic Modeling,"Flood risk,Operations",Not Applicable,Not Applicable,Not Applicable,Not Applicable,Not Applicable,Not Applicable,Structure failure,Ice,"Vermont,New Hampshire",Flood diversion,Not Applicable,Regulated rivers,"Wilder Dam,Connecticut River at Sugar River",5.6843418860808e-14,5.6843418860808e-14
L0171,"A synthesis of post-fire road treatments for BAER teams: methods, treatment effectiveness, and decision-making tools for rehabilitation",2009,"Foltz, RB, Robichaud, PR, Rhee, H",https://doi.org/10.2737/RMRS-GTR-228,Government Report,"Planning,Design,Operations,Maintenance","Sediment,Hydraulics","Hydraulic Modeling,Regression","Flood risk,Maintenance,Operations","Suspended,Bedload","Debris,Erosion",Not Applicable,Not Applicable,Not Applicable,Yes,"Flood,Structure failure","Debris flow,wildfire",MontaNot Applicable,"Land Management,Deposition control",Forestry,Mountain torrents,"Medicine Tree Creek, Bitterroot National Forest,Doran Creek, Bitterroot National Forest,Laird Creek, Bitterroot National Forest,Reimel Creek, Bitterroot National Forest,Cameron Creek, Bitterroot National Forest,Warm Spring Creek",5.6843418860808e-14,5.6843418860808e-14
L0172,Enhanced Sediment Delivery to large basins in a Changing Climate: Implications for management and habitat,2011,"Goode, JR, Luce, C, Buffington, JM",https://doi.org/10.1016/j.geomorph.2011.06.021,Journal Article,Analysis,"Sediment,Hydraulics","Ecological modeling,Regression",Watershed planning,"Gravel,Sand,Rock,Silt,Clay","Debris,Erosion",Yes,Yes,Yes,Yes,"Flood,drought,Structure failure","Debris flow,Wildfire",Idaho,"Sediment release,Land Management",Forestry,"Mountain torrents,Regulated Rivers","Snake River Watershed,Middle Fork Salmon River,South Fork Salmon River",5.6843418860808e-14,5.6843418860808e-14
L0173,Estimating sediment discharge,2008,"Gray, JR, Simões, JM",https://doi.org/10.1061/9780784408148.apd,Design Manual,"Design,Reporting,Analysis","Water Quality,Sediment,Hydraulics","Hydraulic Equations,Frequency Analysis,Regression",Operations,"Gravel,Sand,Suspended,Bedload,Silt,Clay","Suspended,Erosion",Not Applicable,Not Applicable,Not Applicable,Not Applicable,Not Applicable,Not Applicable,USA,Sediment release,Not Applicable,Not Applicable,"Mississippi River at Thebes, IL,Missouri River at Hermann, Missouri,Mississippi River below Grafton, IL,Colorado River near Grand Canyon, AZ,Eel River at Scotia, CA,Colorado River near Supai, AZ",5.6843418860808e-14,5.6843418860808e-14
L0174,Formation of a Coarse Surface Layer as the Response to Gravel Mobility,1987,"Andrews, ED, Parker, G",https://erdclibrary.on.worldcat.org/oclc/13946572,Book,Analysis,"Sediment,Hydraulics","Hydraulic Equations,Laboratory,Regression",Not Applicable,"Gravel,Bedload",Erosion,Not Applicable,Not Applicable,Not Applicable,Not Applicable,Not Applicable,Not Applicable,Worldwide,Sediment release,"Urban,forestry",Not Applicable,"Elbow River, Sagehen Creek, Oak Creek, Turkey Brook, Ōhau River (Ohau River), Savage River Reservoir (Savage River Dam)",5.6843418860808e-14,5.6843418860808e-14
L0175,Using HEC-WAT and HEC-RAS Sediment to Evaluate the Effect of Hydrologic Uncertainty on Bed Evolution,2019,"Gibson, S, Lehman, W, Koohafkan, M, Pridal, D",https://www.sedhyd.org/past/SEDHYD_Proceedings_2019_Volume2r.pdf,Conference Paper,"Reporting,Analysis","Bathymetry,Sediment,Hydraulics","Sediment Transport Modeling,Frequency Analysis",Flood risk,"Suspended,Bedload","Reservoir pool,Reservoir release,Suspended,Erosion",Not Applicable,Not Applicable,Not Applicable,Yes,"Flood,Structure Failure",Not Applicable,South Dakota,"Sediment Release,Flood diversion,Deposition Control",Not Applicable,Regulated rivers,"Gavins Point Dam,Fort Randall Dam",5.6843418860808e-14,5.6843418860808e-14
L0176,Verification of Bedload Transport Formula at the Sub-Cross-Section Scale,2016,"Abraham, D, Shelley, J, McAlpin, T, May, D, Adenihun, J",https://www.worldcat.org/title/river-flow-2016-proceedings-of-the-international-conference-on-fluvial-hydralics-river-flow-2016-st-louis-usa-11-14-july-2016/oclc/1003204237,Conference Paper,"Reporting,Analysis","Bathymetry,Sediment,Hydraulics","Hydraulic Modeling,Sediment Transport Modeling,Regression",Operations,"Sand,Bedload,Suspended","Suspended,Erosion",Not Applicable,Not Applicable,Not Applicable,Not Applicable,Not Applicable,Not Applicable,"Iowa,Nebraska,Missouri,Kansas","Sediment release,Deposition control",Urban,Regulated rivers,"Missouri River at Sioux City, Iowa,Missouri River at Omaha, Nebraska,Missouri River at Nebraska City, Nebraska,Missouri River at St. Joseph, Missouri,Missouri River at Kansas City, Kansas,Missouri River at Waverly",5.6843418860808e-14,5.6843418860808e-14
L0177,Specific Gage Analyses of Stage Trends on the Middle Mississippi River,2010,"Watson, CC, Biedenharn, DS",https://primo.lib.umn.edu/permalink/01UMN_INST/ijl1rs/alma9958341260001701,Conference Paper,"Reporting,Analysis",Hydraulics,"Frequency Analysis,Regression",Flood risk,Not Applicable,Not Applicable,Not Applicable,Not Applicable,Not Applicable,Not Applicable,"Flood,drought",Not Applicable,Missouri,Flood diversion,Urban,Regulated rivers,"Mississippi River at St. Louis, MO gage",5.6843418860808e-14,5.6843418860808e-14
L0178,Modeling Long Term Alternatives for Sustainable Sediment Management Using Operational Sediment Transport Rules,2014,"Gibson, S, Boyd, P",https://doi.org/10.1201/b17397,Book,"Operations,Analysis","Bathymetry,Sediment,Hydraulics","Hydraulic Modeling,Sediment Transport Modeling,Frequency Analysis",Operations,"Sand,Suspended,Bedload","Reservoir pool,Reservoir release",Not Applicable,Not Applicable,Not Applicable,Not Applicable,Not Applicable,Not Applicable,"Kansas,South Dakota","Sediment release,Flood diversion,Deposition control",Agriculture,Regulated Rivers,"Tuttle Creek Dam,Gavins Point Dam",5.6843418860808e-14,5.6843418860808e-14
L0179,Water in environmental planning,1978,"Dunne, T, Leopold, LB",https://www.worldcat.org/title/611295026,Book,Planning,"Bathymetry,Water Quality,Sediment,Ecological,Public Participation,Hydraulics",Not Applicable,"Flood risk,economics,watershed planning,Maintenance,Operations",Not Applicable,Not Applicable,Yes,Yes,Yes,Yes,"Flood,drought,Structure failure,Adaptive MaNot Applicablegement","Debris flow,Ice,Landslide",Worldwide,Not Applicable,"Urban,forestry,multi-use,Upland,Island,Wetlands,Beach,Lowland,Agriculture","Mountain torrents,Alluvial fans,Braided rivers,Meandering rivers,Modified streams,Regulated rivers,Deltas","Amboseli National Park,Venice,Snohomish River Valley,Alki Point, Seattle,Yakima River,Brandywine Creek",5.6843418860808e-14,5.6843418860808e-14
L0180,Sedimentation in reservoirs: Investigating reservoir preservation options and the possibility of implementing water injection dredging in reservoirs,2013,"Bronsvoort, K",https://repository.tudelft.nl/record/uuid:191323c1-b2ec-4d3e-9e28-2958c1ee287c,Thesis,Analysis,"Bathymetry,Sediment","Hydraulic Equations,Regression","Economics,Operations",Silt,"Reservoir pool,Reservoir release",Not Applicable,Not Applicable,Not Applicable,Not Applicable,Not Applicable,Not Applicable,Midelevation Desert,Sediment Release,Agricultural,Not Applicable,Millsite Reservoir,5.6843418860808e-14,5.6843418860808e-14
L0181,Sedimentation in reservoirs: Investigating reservoir preservation options and the possibility of implementing water injection dredging in reservoirs,2013,"Bronsvoort, K",https://repository.tudelft.nl/record/uuid:191323c1-b2ec-4d3e-9e28-2958c1ee287c,Thesis,Analysis,"Bathymetry,Sediment","Hydraulic Equations,Regression","Economics,Operations","Cohesive,Gravel,Sand,Silt,Clay","Reservoir pool,Reservoir release",Not Applicable,Not Applicable,Not Applicable,Not Applicable,Not Applicable,Not Applicable,,Sediment Release,Agricultural,Not Applicable,Mrica Reservoir,5.6843418860808e-14,5.6843418860808e-14
L0182,Numerical Modeling of Sediment Migration during Dam Removal,2000,"Greimann, B, Klumpp, C",https://doi.org/10.1061/40517(2000)259,Conference Paper,"Reporting,Analysis","Bathymetry,Water Quality,Ecological,Hydraulics","Hydraulic Equations,Ecological Modeling,Sediment Transport Modeling,Regression","Flood risk,watershed planning","Gravel,Sand,Bedload","Reservoir pool,Reservoir release",Yes,Yes,Yes,Not Applicable,Flood,Not Applicable,California,Dam Removal,Not Applicable,Not Applicable,"Matilija Dam,Battle Creek",5.6843418860808e-14,5.6843418860808e-14
L0183,Channel Assessment Tools for Rapid Watershed Assessment,2021,"Haring, CH, Biedenharn, DW",https://dx.doi.org/10.21079/11681/40379,ERDC TN,"Design,Operations,Analysis","Bathymetry,Hydraulics","Frequency Analysis,Regression",Watershed planning,Clay,Erosion,Not Applicable,Not Applicable,Not Applicable,Not Applicable,Flood,Not Applicable,Mississippi,"Sediment release,Land Management",Not Applicable,Modified streams,Campbell Creek,5.6843418860808e-14,5.6843418860808e-14
L0184,Rapid Watershed Assessment Planning Tools Based on High-Resolution Terrain Analysis,2020,"Haring, CH, Theiling, CH, Dougherty, MP",https://dx.doi.org/10.21079/11681/36714,ERDC TN,"Planning,Reporting,Analysis","Bathymetry,Hydraulics",Not Applicable,Watershed planning,Not Applicable,"Bank erosion,Erosion",Not Applicable,Not Applicable,Not Applicable,Yes,Flood,Not Applicable,Illinois,Land Management,multi-use,Regulated rivers,Illinois River,5.6843418860808e-14,5.6843418860808e-14
L0185,"Comparison of Linear and Nonlinear Models for Cohesive Sediment Detachment: Rill Erosion, Hole Erosion Test, and Streambank Erosion Studies",2015,"Khanal, A, Klavaon, KR, Fox, GA, Daly, ER",https://doi.org/10.1061/(ASCE)HY.1943-7900.0001147,Journal Article,"Reporting,Analysis","Sediment,Hydraulics","Laboratory Analysis,Frequency Analysis,Regression",Not Applicable,"Cohesive,Sand,Silt,Clay",Bank erosion,Not Applicable,Not Applicable,Not Applicable,Not Applicable,Structure failure,Not Applicable,Oklahoma,sediment release,Not Applicable,Cohesive channels,Barren Fork Creek,5.6843418860808e-14,5.6843418860808e-14
L0186,Sediment acoustic index method for computing continuous suspended-sediment concentrations,2016,"Landers, MN, Straub, TD, Wood, MS, Domanski, MM",http://dx.doi.org/10.3133/tm3C5,Government Report,"Design,Reporting,Analysis","Water Quality,Sediment","Frequency Analysis,Regression",Not Applicable,Suspended,Suspended,Not Applicable,Not Applicable,Not Applicable,Not Applicable,Not Applicable,Not Applicable,"Illinois,Idaho,Texas,New York",sediment release,agriculture,Not Applicable,"Kickapoo Creek,Clearwater River,West Fork Double Bayou,Spoon River,Hudson River",5.6843418860808e-14,5.6843418860808e-14
L0187,Sediment Management at the Watershed Level,2012,"Leech, JR, Biedenharn, DS",https://hdl.handle.net/11681/2025,ERDC TN,"Planning,Reporting","Bathymetry,Sediment,Hydraulics",Not Applicable,watershed planning,"Suspended,Bedload,Silt,Clay","Bank erosion,Suspended,Erosion",Not Applicable,Not Applicable,Not Applicable,Not Applicable,Flood,Not Applicable,Mississippi,"Sediment release,Land Management,Deposition Control",Not Applicable,Meandering rivers,Yazoo River watersheds,5.6843418860808e-14,5.6843418860808e-14
L0188,River diversions and shoaling,2008,"Letter, JV, Pinkard Jr., CF, Raphelt, NA",https://hdl.handle.net/11681/2036,ERDC TN,"Planning,Operations,Analysis","Bathymetry,Sediment,Hydraulics","Hydraulic Equations,Sediment Transport Modeling","Flood risk,Operations","Suspended,Bedload","Suspended,Emergency spillway,Dredging",Not Applicable,Not Applicable,Not Applicable,Yes,"Flood,Structure failure",Not Applicable,LouisiaNot Applicable,"Sediment release,Land Management,Flood diversion,Deposition control",Wetlands,Deltas,"West Bay Sediment Diversion (WBSD),Benny’s Bay Diversion,Cubits Gap,Head of Passes,Mississippi River at Tarbert Landing, LA,Bonnet Carré Spillway,Davis Pond Diversion,Fort Jackson Diversion",5.6843418860808e-14,5.6843418860808e-14
L0189,Measurements of erosion of undisturbed bottom sediments with depth,1996,"McNeil, J, Taylor, C, Lick, W",https://doi.org/10.1061/(ASCE)0733-9429(1996)122:6(316),Journal Article,Analysis,"Water Quality,Sediment,Hydraulics",Laboratory analysis,Flood risk,"Cohesive,Silt,Clay",Erosion,Not Applicable,Not Applicable,Not Applicable,Not Applicable,Flood,Not Applicable,"Michigan,Wisconsin",Sediment release,Urban,Cohesive channels,"Trenton Channel/Detroit River,Lower Fox River",5.6843418860808e-14,5.6843418860808e-14
L0190,Fine-Grained Sediment Transport,2013,"Mehta, AJ, McAnally, WH",https://doi.org/10.1061/9780784408148.ch04,Book,"Design,Reporting,Analysis","Bathymetry,Sediment,Hydraulics","Hydraulic Equations,Laboratory Analysis,Sediment Transport Modeling,Frequency Analysis,Regression",Operations,"Cohesive,Silt,Clay,Flocculation","Suspended,Erosion",Not Applicable,Not Applicable,Not Applicable,Yes,"Flood,Structure failure",Not Applicable,Worldwide,"Sediment release,Deposition control",Beach,Not Applicable,"Indian River Inlet,Union Lake Dam,Beach at Grimsby,Shoreline at Awoye",5.6843418860808e-14,5.6843418860808e-14
L0191,"Channel classification, prediction of channel response, and assessment of channel condition",1993,"Montgomery, DR, Buffington, JM",https://www.dnr.wa.gov/publications/fp_tfw_sh10_93_002.pdf,Government Report,"Planning,Reporting","Bathymetry,Sediment,Ecological,Hydraulics",Hydraulic Equations,Watershed planning,Bedload,Erosion,Yes,Yes,Yes,Not Applicable,Not Applicable,Earthquake,"Northwest USA,CaNot Applicableda","Sediment release,Land Management,Deposition Control",Not Applicable,Not Applicable,"William River,Big Beef Creek,Middle Fork Willamette River,South Fork Salmon River,Salmon Creek",5.6843418860808e-14,5.6843418860808e-14
L0192,Dams and Public Safety,1983,"Jansen, RB",https://www.usbr.gov/tsc/techreferences/mands/mands-pdfs/AZ1130.pdf,Government Report,"Design,Construction,Reporting","Bathymetry,Public Participation",Not Applicable,"Maintenance,Operations",Not Applicable,Not Applicable,Not Applicable,Not Applicable,Not Applicable,Not Applicable,Structure failure,Earthquake,Worldwide,"Dam Removal,Dam Raise",Not Applicable,Not Applicable,"Alla Sella Zerbino Dam,Sadd el-Kafara Dam,Atheim/Adheim/Adhaim Dam,Marib Dam,Alcantarilla Dam,Proserpina Dam,Cornalvo Dam,Çavdarhisar Dam,Al-Harbaqa Dam,Lake Homs (Qattinah) Dam",5.6843418860808e-14,5.6843418860808e-14
L0193,Sustainable sediment management in reservoirs and regulated rivers: experiences from five continents,2014,"Kondolf, GM, Gao, Y, Annandale, GW, Morris, GL, Jiang, E, Hotchkiss, R, Carling, P, Wu, B, Zhang, J, Peteuil, C, Wang, HW, Yongtao, C, Fu, K, Guo, Q, Sumi, T, Wang, Z, Wei, Z, Wu, C, Yang, CT",https://doi.org/10.1002/2013EF000184,Journal Article,"Planning,Operations,Maintenance,Reporting","Sediment,Public Participation",Not Applicable,"Maintenance,Operations","Gravel,Sand,Suspended,Rock,Bedload,Silt,Clay","Reservoir pool,Reservoir release",Not Applicable,Not Applicable,Not Applicable,Yes,"Flood,drought,Structure failure,Adaptive MaNot Applicablegement",Not Applicable,Worldwide,"Sediment release,Flood diversion,Deposition control,Silt dams",Not Applicable,Not Applicable,"Nunobiki Dam,Asahi Dam,Miwa Dam,Matsukawa Dam,Egshi (Egschi) Dam-Bridge,Palagnedra Dam,Pffaffensprung Dam,Rempen Dam,Runcahez Dam,Solis Dam,Central Hidroeléctrica San José 1 (San José hydroelectric project)",5.6843418860808e-14,5.6843418860808e-14
L0194,Sedimentation Dynamics of Reservoirs,2016,"Morris, GL",http://www.chesapeake.org/stac/presentations/249_Morris%20Conowingo.pdf,Conference Paper,"Planning,Design,Construction,Operations, Maintenance,Reporting,Analysis","Bathymetry,Sediment,Hydraulics","Frequency Analysis,Regression","Flood risk,watershed planning,Maintenance,Operations","Cohesive,Gravel,Sand,Suspended,Rock,Bedload,Silt,Clay","Bank erosion,Reservoir pool,Reservoir release,Suspended,Debris,Erosion",Not Applicable,Not Applicable,Not Applicable,Not Applicable,"Flood,Structure failure","Debris flow,Landslide",Worldwide,"Sediment release,Land Management,Flood diversion,Silt dams,Deposition control",Not Applicable,Not Applicable,Conowingo Dam,5.6843418860808e-14,5.6843418860808e-14
L0195,Tests of selected sediment-transport formulas,1990,"Nakato, T",https://doi.org/10.1061/(ASCE)0733-9429(1990)116:3(362,Journal Article,Analysis,"Sediment,Hydraulics","Hydraulic Equations,Regression",Not Applicable,"Sand,Gravel",Suspended,Not Applicable,Not Applicable,Not Applicable,Not Applicable,Not Applicable,Not Applicable,California,Sediment release,Not Applicable,Not Applicable,"Sacramento River at Butte City Station,Sacramento River at Colusa Station",5.6843418860808e-14,5.6843418860808e-14
L0196,Hyperconcentrated flow - transitional process between water flow and debris flow,2005,"Pierson, TC",https://doi.org/10.1007/3-540-27129-5_8,Book,Analysis,"Water Quality,Sediment,Hydraulics","Hydraulic Equations,Frequency Analysis,Regression",Flood risk,"Sand,Suspended,Bedload","Suspended,Debris",Not Applicable,Not Applicable,Not Applicable,Not Applicable,Flood,"Debris flow,Volcanos",Worldwide,"Sediment release,Deposition control",Not Applicable,Mountain Torrents,"Toutle River at Mt. St. Helens,Sacobia River, Mt. Pinatubo,Ruapehu volcano",5.6843418860808e-14,5.6843418860808e-14
L0197,Gully and Streambank Erosion,1975,"Piest, RF, Bowie, AJ",https://www.ars.usda.gov/ARSUserFiles/50701000/cswq-t6428-piest.pdf,Conference Paper,Analysis,"Bathymetry,Hydraulics",Frequency Analysis,Watershed planning,"Cohesive,Suspended,Bedload","Bank erosion,Headcut,Erosion",Not Applicable,Not Applicable,Not Applicable,Not Applicable,Not Applicable,Not Applicable,"Iowa,Mississippi","Sediment release,Land Management,Deposition Control",Not Applicable,"Modified streams,Cohesive channels","Gullys near Treynor, Iowa,Pigeon Roost Creek",5.6843418860808e-14,5.6843418860808e-14
L0198,USACE Reservoir Sedimentation in the Context of Climate Change,2016,"Pinson, A, Baker, B, Boyd, P, Grandpre, R, White, KD, Jonas, M",https://usace.contentdm.oclc.org/digital/collection/p266001coll1/id/5202,USACE Report,"Operations,Maintenance","Bathymetry,Sediment,Hydraulics,Public Participation",Not Applicable,"Flood risk,watershed planning,Maintenance,Operations",Not Applicable,Reservoir pool,Not Applicable,Not Applicable,Not Applicable,Yes,"Flood,drought",Debris flow,USA,Deposition Control,Not Applicable,Regulated rivers,"Cedar Canyon Dam (Red Dale Gulch),Oahe Dam (Lake Oahe),Gavins Point Dam (Lewis and Clark Lake),Olive Creek dam and reservoir,Conestoga Dam-Site 12 Dam (Conestoga reservoir),Pipestem Dam (Pipestem Lake)",5.6843418860808e-14,5.6843418860808e-14
L0199,Manual for Computing Bed Load Transport Using BAGS (Bedload Assessment for Gravel-bed Streams) Software,2009,"Pitlick, J, Cui, Y, Wilcock, P",https://doi.org/10.2737/RMRS-GTR-223,Government Report,"Planning,Reporting,Analysis","Bathymetry,Sediment,Hydraulics",Sediment Transport Modeling,"Flood risk,watershed planning,Maintenance,Operations","Gravel,Bedload",Erosion,Not Applicable,Not Applicable,Not Applicable,Yes,Flood,Not Applicable,Idaho,Sediment release,Forestry,Mountain torrents,"Selway River,Rapid River,South Fork Salmon River,Trapper Creek",5.6843418860808e-14,5.6843418860808e-14
L0200,Reservoir Sedimentation and Storage Capacity in the United States: Management Needs for the 21st Century,2015,"Podolak, CJP, Doyle, MW",https://doi.org/10.1061/(ASCE)HY.1943-7900.0000999,Journal Article,"Planning,Reporting,Analysis","Bathymetry,Sediment","Frequency Analysis,Regression",Watershed Planning,Not Applicable,Reservoir pool,Not Applicable,Not Applicable,Not Applicable,Yes,"Flood,drought",Not Applicable,USA,Deposition Control,Not Applicable,Not Applicable,"John Redmond Dam,B. Everett Jordan Dam (Jordan Dam)",5.6843418860808e-14,5.6843418860808e-14
L0201,Development of methodology for predicting fate of dredged material placed on riverbanks,2001,"Raphelt, KN, Tingle, S, Heath, RE, Chu, Y",https://hdl.handle.net/11681/8647,ERDC TN,"Planning,Design,Operations,Maintenance,Analysis","Bathymetry,Sediment,Hydraulics",Sediment Transport Modeling,"Maintenance,Operations","Sand,Suspended,Silt,Clay","Bank erosion,erosion",Not Applicable,Not Applicable,Not Applicable,Yes,Flood,Not Applicable,"Florida,Alabama,Georgia",Beneficial use of dredged material,"Forestry,Wetlands",Not Applicable,"Apalachicola River near Blountstown,Apalachicola River near Chipola Cutoff,Apalachicola River near Corley Slough",5.6843418860808e-14,5.6843418860808e-14
L0202,A Practical Method of Computing Streambank Erosion Rate,2001,"Rosgen, DL",https://semspub.epa.gov/work/01/554370.pdf,Conference Paper,"Planning,Reporting,Analysis","Bathymetry,Water quality,Sediment","Sediment Transport Modeling,Regression",Watershed planning,Bedload,Bank erosion,Not Applicable,Not Applicable,Not Applicable,Yes,Not Applicable,Not Applicable,"MontaNot Applicable,Colorado","Sediment release,Land Management",Forestry,"Braided rivers,Meandering rivers","Lamar Basin of Yellowstone National Park,Front Range of Colorado (Arapaho and Roosevelt National Forests),Front Range of Colorado (Pike-San Isabel National Forest)",5.6843418860808e-14,5.6843418860808e-14
L0203,Engineering Geomorphology,2008,"Schumm, SA, Harvey, MD",https://doi.org/10.1061/9780784408148.ch18,Book,"Planning,Reporting,Analysis","Bathymetry,Sediment,Hydraulics","Frequency Analysis,Regression",Watershed planning,"Cohesive,Gravel","Bank Erosion,Headcut,Erosion",Not Applicable,Not Applicable,Not Applicable,Yes,Flood,Not Applicable,Worldwide,"Sediment release,Land Management","Forestry,Urban,Agriculture","Alluvial fans,Braided rivers,Meandering rivers,Deltas","Cimarron River,Piceance Creek Basin,Hickahala Creek,Batupan Bogue Creek,Hotopha Creek",5.6843418860808e-14,5.6843418860808e-14
L0204,Will Busting Dams boost Salmon?,2011,"Service, RF",https://doi.org/10.1126/science.334.6058.888,Journal Article,"Maintenance,Reporting,Analysis",Ecological,Frequency Analysis,Watershed planning,Not Applicable,Reservoir pool,Yes,Yes,Yes,Yes,Not Applicable,Not Applicable,Washington,Dam removal,Forestry,"Alluvial fans,Deltas","Old Elwha Dam Site,Glines Canyon Dam",5.6843418860808e-14,5.6843418860808e-14
L0205,A model of channel response in disturbed alluvial channels,1989,"Simon, A",https://doi.org/10.1002/esp.3290140103,Journal Article,"Planning,Design,Maintenance,Reporting,Analysis",Bathymetry,"Frequency Analysis,Regression","Watershed planning,Maintenance","Cohesive,Bedload","Bank erosion,erosion,Dredging",Not Applicable,Not Applicable,Not Applicable,Yes,Structure failure,Not Applicable,West Tennessee,"Sediment release,Land Management",Not Applicable,Meandering rivers,"Hatchie River,Obion and Forked Deer Rivers",5.6843418860808e-14,5.6843418860808e-14
L0206,Size and settling velocities of cohesive flocs and suspended sediment aggregates in a trailing suction hopper dredge plume,2011,"Smith, SJ, Friedrichs, CT",https://doi.org/10.1016/j.csr.2010.04.002,Journal Article,Analysis,"Bathymetry,Sediment",Regression,Operations,"Suspended,Flocculation",Dredging,Not Applicable,Not Applicable,Not Applicable,Not Applicable,Not Applicable,Not Applicable,California,"Sediment release,Deposition control","Urban,Wetlands",Not Applicable,Richmond Long Wharf,5.6843418860808e-14,5.6843418860808e-14
L0207,Three-dimensional numerical simulation of mobile-bed hydrodynamics,1994,"Spasojevic, M, Holly, FM",http://hdl.handle.net/11681/6159,ERDC TN,Analysis,"Bathymetry,Sediment,Hydraulics",Sediment Transport Modeling,Not Applicable,"Suspended,Bedload","Suspended,Erosion",Not Applicable,Not Applicable,Not Applicable,Yes,Not Applicable,Not Applicable,LouisiaNot Applicable,"Sediment release,Deposition control",Wetlands,Deltas,Old River Control Complex (ORCC),5.6843418860808e-14,5.6843418860808e-14
L0208,Two- and Three-Dimensional Numerical Simulation of Mobile-Bed Hydrodynamics and Sedimentation,2008,"Spasojevic, M, Holly, FM",https://doi.org/10.1061/9780784408148.ch15,Book,Analysis,"Bathymetry,Sediment,Hydraulics",Sediment Transport Modeling,Not Applicable,"Suspended,Bedload","Suspended,Erosion",Not Applicable,Not Applicable,Not Applicable,Yes,Not Applicable,Not Applicable,"LouisiaNot Applicable,Kansas,Iowa","Sediment release,Deposition control",Not Applicable,"Deltas,Regulated rivers","Old River Control Complex (ORCC),Leavenworth Bend, Missouri River,Coralville Dam (Coralville Lake),Saylorville Dam (Saylorville Reservoir),Red Rock Dam (Lake Red Rock)",5.6843418860808e-14,5.6843418860808e-14
L0209,Summary and use of selected fluvial sediment-discharge formulas,1989,"Stevens, HH, Yang, CT",https://doi.org/10.3133/wri894026,Government Report,Analysis,"Bathymetry,Sediment,Hydraulics",Sediment Transport Modeling,Not Applicable,"Suspended,Bedload","Suspended,Erosion",Not Applicable,Not Applicable,Not Applicable,Not Applicable,Not Applicable,Not Applicable,Nebraska,"Sediment release,Deposition control",Upland,Regulated rivers,Niobrara River,5.6843418860808e-14,5.6843418860808e-14
L0210,Downstream Channel Gradation in the Regulated Peace River,2015,"Ayles, CP, Church, M",https://onlinelibrary.wiley.com/doi/book/10.1002/9781118906170,Book,Analysis,"Sediment,Elevation,Channel Geometry,Channel Migration","Sediment Transport Modeling,Regression",Not Applicable,"Gravel,Sand","Bedload,Suspended,Erosion",Not Applicable,Not Applicable,Not Applicable,Yes,Not Applicable,Not Applicable,"semiarid Rocky Mountains,subhumid Alberta Plateau",Not Applicable,Not Applicable,Regulated rivers,Peace River,5.6843418860808e-14,5.6843418860808e-14
L0211,"Large-scale Geomorphic Change in the Mississippi River from St Louis, MO, to Donaldsonville, LA, as Revealed by Specific Gage Records",2017,"Biedenharn, DS, Allison, MA, Little, CD, Thorne, CR, Watson, CC",https://usace.contentdm.oclc.org/digital/collection/p266001coll1/id/4309/,USACE Report,Analysis,"Bathymetry,Hydraulics",Not Applicable,Not Applicable,Not Applicable,Not Applicable,Not Applicable,Not Applicable,Not Applicable,Not Applicable,Not Applicable,Not Applicable,Mississippi River,Not Applicable,Not Applicable,"Meandering rivers,Modified streams","Mississippi River, St. Louis, MO to Donaldsonville, LA",5.6843418860808e-14,5.6843418860808e-14
L0212,"Case Histories in Soil and Rock Erosion: Woodrow Wilson Bridge, Brazos River Meander, Normandy Cliffs, and New Orleans Levees",2008,"Briaud, J-L",https://ascelibrary.org/doi/10.1061/%28ASCE%291090-0241%282008%29134%3A10%281425%29,Journal Article,Analysis,Sediment,Sediment Transport Modeling,Not Applicable,Clay,Erosion,Not Applicable,Not Applicable,Not Applicable,Yes,Structure Failure,Not Applicable,Potomac River,Not Applicable,Not Applicable,Not Applicable,Woodrow Wilson Bridge,5.6843418860808e-14,5.6843418860808e-14
L0213,"Case Histories in Soil and Rock Erosion: Woodrow Wilson Bridge, Brazos River Meander, Normandy Cliffs, and New Orleans Levees",2008,"Briaud, J-L",https://ascelibrary.org/doi/10.1061/%28ASCE%291090-0241%282008%29134%3A10%281425%29,Journal Article,Analysis,"Bathymetry,Sediment",Sediment Transport Modeling,Not Applicable,"Sand,Clay",Erosion,Not Applicable,Not Applicable,Not Applicable,Yes,Structure Failure,Not Applicable,Brazos River,Not Applicable,Not Applicable,Meandering Rivers,Brazos River,5.6843418860808e-14,5.6843418860808e-14
L0214,"Case Histories in Soil and Rock Erosion: Woodrow Wilson Bridge, Brazos River Meander, Normandy Cliffs, and New Orleans Levees",2008,"Briaud, J-L",https://ascelibrary.org/doi/10.1061/%28ASCE%291090-0241%282008%29134%3A10%281425%29,Journal Article,Analysis,Sediment,Sediment Transport Modeling,Not Applicable,,Erosion,Not Applicable,Not Applicable,Not Applicable,Not Applicable,"Structure Failure,Adaptive maNot Applicablegement",Not Applicable,English Channel,Not Applicable,Not Applicable,Not Applicable,La Pointe du Hoc Cliffs,5.6843418860808e-14,5.6843418860808e-14
L0215,"Case Histories in Soil and Rock Erosion: Woodrow Wilson Bridge, Brazos River Meander, Normandy Cliffs, and New Orleans Levees",2008,"Briaud, J-L",https://ascelibrary.org/doi/10.1061/%28ASCE%291090-0241%282008%29134%3A10%281425%29,Journal Article,Analysis,Sediment,Sediment Transport Modeling,Not Applicable,"Cohesive,Sand,Clay",Erosion,Not Applicable,Not Applicable,Not Applicable,Not Applicable,"Flood,Structure Failure",Not Applicable,,Not Applicable,Urban,Not Applicable,New Orleans levees,5.6843418860808e-14,5.6843418860808e-14
L0216,"$ Sediment deposition in Jennings Randolph Reservoir, Maryland and West Virginia",1996,"Burns, M, MacArthur, R",https://acwi.gov/sos/pubs/6thFISC/6Fisc-V2/6Fsc2-10.PDF,Conference Paper,Analysis,Sediment,"Frequency Analysis,Regression",Not Applicable,Not Applicable,Not Applicable,Not Applicable,Not Applicable,Not Applicable,Not Applicable,Not Applicable,Not Applicable,Appalachian highlands,Not Applicable,"forestry,Mining",Not Applicable,Jennings Randolph Reservoir,5.6843418860808e-14,5.6843418860808e-14
L0217,$ Storm rainfall conditions for floods and debris flows from recently burned areas in southwestern Colorado and southern California,2008,"Cannon, SH, Gartner, JE, Wilson, RC, Laber, JL",https://www.sciencedirect.com/science/article/pii/S0169555X07001778,Journal Article,"Planning,Analysis","Rainfall,Debris",Frequency Analysis,Flood risk,Debris,Debris,Not Applicable,Not Applicable,Not Applicable,Not Applicable,Flood,"Debris flow,wildfire",Western Mountains,Not Applicable,Not Applicable,Not Applicable,California and Colorado burned basins,5.6843418860808e-14,5.6843418860808e-14
L0218,Sabo check dams: Mountain protection systems in Japan,2004,"Chanson, H",https://www.tandfonline.com/doi/abs/10.1080/15715124.2004.9635240,Journal Article,Design,Not Applicable,Not Applicable,Not Applicable,"Woody Particles,Rock",Debris,Not Applicable,Not Applicable,Not Applicable,Not Applicable,Structure failure,"Debris flow,Earthquake,Volcanos","Steep unstable topography,Mountain",Land Management,Not Applicable,Not Applicable,Japan check dams,5.6843418860808e-14,5.6843418860808e-14
L0219,Clark County Regional Flood Control District Hydrologic Criteria and Drainage Design Manual,1999,Clark County,http://gustfront.ccrfcd.org/pdf_arch1/hcddm/current%20manual%20(complete)/hcddm.pdf,Design Manual,Design,Hydraulics,"Hydraulic Equations,Hydraulic Modeling,Sediment Transport Modeling,Frequecy Analysis,Regression",Flood risk,"Gravel,Sand,Suspended,Debris","Bank erosion,Headcut,Suspended,Debris,Erosion",Not Applicable,Not Applicable,Not Applicable,Not Applicable,Not Applicable,Alluvial Fans,"Desert, Mountainous",Not Applicable,Not Applicable,Not Applicable,"Clark County, Nevada",5.6843418860808e-14,5.6843418860808e-14
L0220,San Lorenzo River Sedimentation Study: Numerical Model Investigation,1986,"Copeland, RR",https://usace.contentdm.oclc.org/digital/collection/p266001coll1/id/6953/rec/2,ERDC TN,"Maintenance,Analysis","Bathymetry,Sediment,Hydraulics",Sediment Transport Modeling,"Flood risk,Maintenance","Gravel,Sand",Erosion,Not Applicable,Not Applicable,Not Applicable,Yes,Flood,Not Applicable,,Not Applicable,Not Applicable,Modified streams,San Lorenzo River,5.6843418860808e-14,5.6843418860808e-14
L0221,"Corte Madera Creek, Marin County, California, Modified Unit 4Sedimentation Study",2000,"Copeland, RR",https://erdc-library.erdc.dren.mil/jspui/handle/11681/7463,ERDC TN,"Planning,Analysis","Bathymetry,Sediment,Hydraulics",Sediment Transport Modeling,Flood risk,"Gravel,Sand",Suspended,Not Applicable,Not Applicable,Not Applicable,Not Applicable,Flood,Not Applicable,,Not Applicable,Not Applicable,Modified streams,Corte Madera Creek,5.6843418860808e-14,5.6843418860808e-14
L0222,Annual dam drawdowns evoke mixed reactions from those impacted,2025,"Wright, K",https://kval.com/news/local/annual-dam-drawdowns-evoke-mixed-reactions-from-those-impacted-turbidity-water-treatment-animal-conservation-salmon-migration-boat-ramps,News Article,Reporting,Not Applicable,Not Applicable,"Flood risk,Operations",Not Applicable,Not Applicable,Not Applicable,Yes,Yes,Not Applicable,Flood,Not Applicable,,Not Applicable,Not Applicable,Not Applicable,Western Oregon Reservoirs,5.6843418860808e-14,5.6843418860808e-14
L0223,Army Corps moving forward with Drawdowns in several Willamette Valley Resvoirs,2025,"Salinas, C",https://www.kezi.com/news/local/army-corps-moving-forward-with-drawdowns-in-several-willamette-valley-resvoirs/article_8658a649-0367-4e6f-9c23-1c362654610a.html,News Article,Reporting,Not Applicable,Not Applicable,"Flood risk,Operations",Not Applicable,Not Applicable,Not Applicable,Not Applicable,Yes,Not Applicable,Flood,Not Applicable,,Not Applicable,Not Applicable,Not Applicable,Western Oregon Reservoirs,5.6843418860808e-14,5.6843418860808e-14
L0224,Assessing Options for Managing Sediment during Design of Sambor Dam,2014,"Annandale, GW, Kaini, P, Patterson, J",https://www.renewableenergyworld.com/energy-storage/assessing-options-for-managing-sediment-during-design-of-sambor-dam/,News Article,Design,Not Applicable,Sediment Transport Modeling,Economics,Not Applicable,Reservoir Release,Not Applicable,Not Applicable,Not Applicable,Not Applicable,Not Applicable,Not Applicable,,Sediment Release,Not Applicable,Not Applicable,Sambor Dam (proposed),5.6843418860808e-14,5.6843418860808e-14
L0225,The Movement of Sediment in Rivers,1977,"Yang, CT",https://doi.org/10.1007/BF01449182,Journal Article,Analysis,"Water Quality,Sediment,Hydraulics","Hydraulic Equations,Laboratory Analysis,Sediment Transport Modeling,Regression",Not Applicable,"Suspended,Bedload","Suspended,Erosion",Not Applicable,Not Applicable,Not Applicable,Not Applicable,Not Applicable,Not Applicable,"Nebraska,South CaroliNot Applicable,Missouri",Sediment release,Not Applicable,"Braided rivers,Meandering rivers,Regulated rivers","Niobrara River,Mountain Creek,Middle Loup River,Mississippi River",5.6843418860808e-14,5.6843418860808e-14
L0226,Depth-Averaged Two-Dimensional Numerical Modeling of Unsteady Flow and Nonuniform Sediment Transport in Open Channels,2004,"Wu, W",https://doi.org/10.1061/(ASCE)0733-9429(2004)130:10(1013),Journal Article,Analysis,"Bathymetry,Sediment,Hydraulics","Hydraulic Equations,Sediment Transport Modeling,Laboratory Analysis,Regression",Not Applicable,"Suspended,Bedload","Suspended,Erosion",Not Applicable,Not Applicable,Not Applicable,Not Applicable,Not Applicable,Not Applicable,Wyoming,"Sediment release,Deposition control",Not Applicable,Not Applicable,East Fork River,5.6843418860808e-14,5.6843418860808e-14
L0227,Bankfull frequency in rivers,1968,"Woodyer, KD",https://doi.org/10.1016/0022-1694(68)90155-8,Journal Article,"Planning,Reporting,Analysis",Hydraulics,Frequency Analysis,"Flood risk,Operations",Not Applicable,Not Applicable,Not Applicable,Not Applicable,Not Applicable,Not Applicable,Flood,Not Applicable,Australia,"Flood diversion,Deposition control",Wetlands,Not Applicable,Rivers of New South Wales,5.6843418860808e-14,5.6843418860808e-14
L0228,A method for sampling coarse river-bed material,1954,"Wolman, MG",https://doi.org/10.1029/TR035i006p00951,Journal Article,Analysis,Sediment,Regression,Not Applicable,"Gravel,Rock",Not Applicable,Not Applicable,Not Applicable,Not Applicable,Not Applicable,Not Applicable,Not Applicable,"Wyoming,Pennsylvania,Maryland",Not Applicable,"Urban,Forestry",Not Applicable,"Green River at Warren Bridge,Wind River,Seneca Creek,Brandywine Creek,Watts Branch",5.6843418860808e-14,5.6843418860808e-14
L0229,Sediment-yield prediction with universal equation using runoff energy factor,1975,"Williams, JR",https://upload.wikimedia.org/wikipedia/commons/e/e1/FEDLINK_-_United_States_Federal_Collection_%28IA_presentprospecti40sedi%29.pdf,Conference Paper,"Planning,Analysis","Sediment,Hydraulics",Regression,Watershed planning,Suspended,Suspended,Not Applicable,Not Applicable,Not Applicable,Not Applicable,Not Applicable,Not Applicable,Texas,Sediment release,Agriculture,Not Applicable,"Watersheds near Riesel, TX",5.6843418860808e-14,5.6843418860808e-14
L0230,Measured total sediment loads (suspended loads and bedloads) for 93 United States streams,1989,"Williams, GP, Rosgen, DL",https://pubs.usgs.gov/of/1989/0067/report.pdf,Government Report,Reporting,"Water Quality,Sediment,Hydraulics",Frequency Analysis,Not Applicable,"Suspended,Bedload","Suspended,Erosion",Not Applicable,Not Applicable,Not Applicable,Not Applicable,Not Applicable,Not Applicable,United States,Sediment release,Not Applicable,Not Applicable,"Susitna River,Chulitna River,Yentna River,Tanana River,Snake River,Toutle River at Tower Rd.,North Fork Toutle River,Oak Creek,San Antonio River,Chamise Creek,Redwood Creek,Sacramento River above Bend Bridge",5.6843418860808e-14,5.6843418860808e-14
L0231,Bankfull discharge of rivers,1978,"Williams, GP",https://doi.org/10.1029/WR014i006p01141,Journal Article,"Reporting,Analysis",Hydraulics,"Hydraulic Equations,Frequency Analysis,Regression",Flood risk,Not Applicable,Not Applicable,Not Applicable,Not Applicable,Not Applicable,Not Applicable,Flood,Not Applicable,United States,Not Applicable,Not Applicable,Not Applicable,"Cache La Poudre River,Elk River,Rock Creek,Keystone Gulch,East River,Lake Fork,Tomiche Creek,Muddy Creek,White River,Pine Creek,San Francisco River,Gila River,Jemez River,Embulo Creek,Rio Chiquito,Rio Grande del Rancho",5.6843418860808e-14,5.6843418860808e-14
L0232,Evaluation of the jet test method for determining the erosional properties of cohesive soils: a numerical approach,2012,"Weidner, KL",https://vtechworks.lib.vt.edu/bitstream/handle/10919/72983/etd-05022012-161317_Weidner_KL_T_2012.pdf?sequence=1,Thesis,"Reporting,Analysis","Sediment,Hydraulics",Sediment Transport Modeling,Flood risk,"Cohesive,Clay","Bank Erosion,Erosion",Not Applicable,Not Applicable,Not Applicable,Not Applicable,Flood,Not Applicable,North CaroliNot Applicable,Sediment release,Forestry,Not Applicable,Roanoke River,5.6843418860808e-14,5.6843418860808e-14
L0233,Risk Assessment of Rock Surface Spillway Erosion Using Parametric Studies,2008,"Villanueva, E, Wibowo, JL",https://hdl.handle.net/11681/10416,ERDC TN,"Planning,Design,Analysis","Bathymetry,Sediment,Hydraulics","Hydraulic Equations,Sediment Transport Modeling,Regression","Flood risk,Operations",Rock,"Emergency Spillway,Erosion",Not Applicable,Not Applicable,Not Applicable,Not Applicable,"Flood,Structure failure",Not Applicable,"Texas,Kansas",Not Applicable,Not Applicable,Not Applicable,"Canyon Lake Spillway,Tuttle Creek Spillway",5.6843418860808e-14,5.6843418860808e-14
L0234,Fifty Years of Sedimentation,1984,"Vanoni, VA",https://doi.org/10.1061/(ASCE)0733-9429(1984)110:8(1021),Journal Article,Analysis,"Bathymetry,Sediment,Hydraulics","Hydraulic Equations,Laboratory Analysis,Sediment Transport Modeling,Regression",Not Applicable,"Suspended,Bedload","Suspended,Erosion",Not Applicable,Not Applicable,Not Applicable,Yes,Not Applicable,Not Applicable,"South Dakota,Mississippi,Nebraska,Iowa,California","Sediment release,Deposition control",Not Applicable,"Meandering rivers,Modified streams,Regulated rivers","Fort Randall Dam,Pigeon Roost Creek,Missouri River,Elkhorn River,Big Sioux River,Platte River,Niobrara River,Salinas River,Nacimiento River",5.6843418860808e-14,5.6843418860808e-14
L0235,"Some contributions to the problem of velocity formula and roughness coefficient for rivers, canals, and closed conduits",1923,"Strickler, A",https://files.core.ac.uk/download/216155850.pdf,Government Report,"Design,Analysis",Hydraulics,"Hydraulic Equations,Laboratory Analysis,Regression",Not Applicable,Not Applicable,Not Applicable,Not Applicable,Not Applicable,Not Applicable,Not Applicable,Not Applicable,Not Applicable,"Europe,Mississippi",Not Applicable,Not Applicable,"Modified streams,Regulated rivers,Underfit streams","Rhein River,Aare River,Rhone River,Mississippi River,Donau River,Reuss River",5.6843418860808e-14,5.6843418860808e-14
L0236,Fluvial Geomorphology: Historical Perspective and Fluvial Geomorphology: Channel Adjustment and River Metamorphosis,1971,"Shen, HW",https://www.worldcat.org/title/river-mechanics/oclc/238313,Book,"Reporting,Analysis","Bathymetry,Sediment,Hydraulics",Regression,Watershed planning,Bedload,"Erosion,Suspended",Not Applicable,Not Applicable,Not Applicable,Yes,Not Applicable,Not Applicable,Worldwide,Land Management,"Wetlands,Agriculture","Deltas,Alluvial fans,Regulated Rivers","Mississippi River,Lake Kyoga region,Indus River,Ganges River,Missouri River,North Platte River,South Platte River,Murrumbidgee River",5.6843418860808e-14,5.6843418860808e-14
L0237,The Schoklitsch bed-load formula,1935,"Shulitis, S",https://public.ucrlib.aspace.cdlib.org/repositories/5/archival_objects/579823,Journal Article,Analysis,"Sediment,Hydraulics","Laboratory Analysis,Regression",Not Applicable,"Bedload,sand","Erosion,Suspended",Not Applicable,Not Applicable,Not Applicable,Not Applicable,Not Applicable,Not Applicable,Europe,"Sediment release,Deposition control",Not Applicable,Not Applicable,"Terek River,Mur River,Danube River",5.6843418860808e-14,5.6843418860808e-14
L0238,The shape of alluvial channels in relation to sediment type,1960,"Schumm, SA",https://pubs.usgs.gov/pp/0352b/report.pdf,Government Report,"Reporting,Analysis","Bathymetry,Sediment,Hydraulics",Regression,Not Applicable,"Bedload,silt,clay","Erosion,Suspended",Not Applicable,Not Applicable,Not Applicable,Not Applicable,Not Applicable,Not Applicable,"Kansas,Colorado,Nebraska,New Mexico,South Dakota,Wyoming,MontaNot Applicable","Sediment release,Deposition control",Not Applicable,Not Applicable,"Sage Creek,Sand Creek,Arroyo Calabasas,Bayou Gulch,Medano Creek,Saline River,Paradise Creek,North Fork Salmon River,Salmon River,Praire Dog Creek,Sappa Creek,Beaver Creek,Frenchman Creek,Blackwood Creek",5.6843418860808e-14,5.6843418860808e-14
L0239,The statistical review of three papers on specific gage analysis,2009,"Samaranayake, VA",https://www.mvs-wc.usace.army.mil/arec/Documents/Physical_Effects/The_Statistical_Review_of_Three_Paperson_Specific_Gage_Analysis.pdf,Government Report,Analysis,Hydraulics,Frequency Analysis,Not Applicable,Not Applicable,Not Applicable,Not Applicable,Not Applicable,Not Applicable,Not Applicable,Not Applicable,Not Applicable,Missouri,Not Applicable,Not Applicable,Regulated Rivers,Mississippi River,5.6843418860808e-14,5.6843418860808e-14
L0240,Evaluating the Effectiveness of Postfire Rehabilitation Treatments,2000,"Robichaud, PR, Beyers, JL, Neary, DG",https://www.fs.usda.gov/research/treesearch/23617,Government Report,"Maintenance,Reporting","Water Quality,Sediment,Ecological",Regression,Flood risk,"Suspended,Bedload,Gravel,Sand,Silt,Clay,Woody Particles",Erosion,Yes,Yes,Yes,Not Applicable,Flood,"Debris flow,wildfire",Western USA,"Sediment Release,Land Management,Deposition Control","Urban,forestry","Mountain torrents,Alluvial fans",US Forest Service Regions 1 through 6,5.6843418860808e-14,5.6843418860808e-14
L0241,Climate and Hydrology Datasets for Use in the River Management Joint Operating Committee (RMJOC) Agencies' Longer-Term Planning Studies Part IV - Summary,2011,RMJOC,https://www.usbr.gov/pn/climate/planning/reports/index.html,Government Report,"Planning,Operations,Reporting","Water Quality,Public Participation,Hydraulics","Hydraulic Modeling,Frequency Analysis","Flood risk,watershed planning,Operations",Not Applicable,Not Applicable,Not Applicable,Not Applicable,Not Applicable,Yes,Flood,Not Applicable,Northwest USA,Land Management,Not Applicable,Regulated Rivers,"Chief Joseph Dam,Kotenay River,The Dalles,North Fork Clearwater River,Ice Harbor Lock and Dam (Ice Harbor on Snake River),Flathead River,Willamette River,Yakima River",5.6843418860808e-14,5.6843418860808e-14
L0242,Characterization of Sedimentation Pattern in Reservoirs,2012,"Rahmanian, MR, Banihashemi, MA",https://doi.org/10.1139/l2012-079,Journal Article,"Planning,Analysis","Bathymetry,Sediment",Frequency Analysis,Not Applicable,"Silt,Clay",Reservoir pool,Not Applicable,Not Applicable,Not Applicable,Not Applicable,Not Applicable,Not Applicable,Iran,deposition control,Not Applicable,Not Applicable,"Dez Dam,Sefidrud Dam (Manjil Dam),Dorudzan Dam (Doroodzan Dam),Minab Dam,Karaj Dam (Amir Kabir Dam),Sadd-e Barun Dam (Makoo Dam),Latyan Dam (Latian Dam),Karkheh Dam (Kardeh Dam)",5.6843418860808e-14,5.6843418860808e-14
L0243,Streambank Erosion and River Width Adjustment,2008,"Pizzuto, JE",https://sp360.asce.org/PersonifyEbusiness/Merchandise/Product-Details/productId/232121132,Book,"Planning,Analysis","Bathymetry,Sediment,Hydraulics","Sediment Transport Modeling,Frequency Analysis,Regression",Not Applicable,"Suspended,Bedload",Bank erosion,Not Applicable,Not Applicable,Not Applicable,Not Applicable,Not Applicable,Not Applicable,USA,sediment release,Not Applicable,Not Applicable,"Powder River,Oaklimeter Creek,Brandywine Creek",5.6843418860808e-14,5.6843418860808e-14
L0244,Effects of hydrologic regime on magnitude and frequency of dominant discharge,1976,"Pickup, G, Warner, RF",https://doi.org/10.1016/0022-1694(76)90005-6,Journal Article,Analysis,"Sediment,Hydraulics","Hydraulic Modeling,Frequency Analysis,Regression",Flood,"Sand,Bedload",Bank erosion,Not Applicable,Not Applicable,Not Applicable,Not Applicable,Flood,Not Applicable,Australia,sediment release,Lowland,Not Applicable,Cumberland Plain (Cumberland Basin),5.6843418860808e-14,5.6843418860808e-14
L0245,Modeling Erosion of an Unlined Spillway Chute Cut in Rock,2010,"Perlea, V, Mathews, D, Walberg, F",https://hdl.handle.net/20.500.11970/100271,Conference Paper,"Planning,Analysis","Bathymetry,Sediment,Hydraulics","Sediment Transport Modeling,Hydraulic Modeling,Frequency Analysis","Flood risk,Operations",Rock,"Headcut,Bank erosion,Emergency spillway",Not Applicable,Not Applicable,Not Applicable,Yes,Flood,Not Applicable,Kansas,flood diversion,Not Applicable,Regulated Rivers,Tuttle Creek Spillway,5.6843418860808e-14,5.6843418860808e-14
L0246,Einstein's Bed Load Function Applied to Channel Design and Degradation,1972,"Pemberton, EL",https://books.google.com/books/about/Sedimentation_Symposium_to_Honor_Profess.html?id=bSZAAAAAIAAJ,Conference Paper,"Reporting,Analysis","Bathymetry,Sediment,Hydraulics","Sediment Transport Modeling,Regression",Not Applicable,"Gravel,Sand,Bedload",Erosion,Not Applicable,Not Applicable,Not Applicable,Not Applicable,Not Applicable,Not Applicable,"New Mexico,Nebraska","Sediment release,Deposition control",Not Applicable,Regulated Rivers,"Rio Grande,Middle Loup River,Niobrara River",5.6843418860808e-14,5.6843418860808e-14
L0247,Self-accelerating turbidity currents,1986,"Parker, G, Fukushima, Y, Pantin, HM",https://doi.org/10.1017/S0022112086001404,Journal Article,Analysis,"Sediment,Hydraulics","Hydraulic Equations,Sediment Transport Modeling",Not Applicable,Suspended,Suspended,Not Applicable,Not Applicable,Not Applicable,Not Applicable,Not Applicable,Not Applicable,California,"Sediment release,Deposition control",Not Applicable,Not Applicable,Scripps Submarine Canyon,5.6843418860808e-14,5.6843418860808e-14
L0248,Surface-based bedload transport relation for gravel rivers,1990,"Parker, G",https://doi.org/10.1080/00221689009499058,Journal Article,Analysis,"Sediment,Hydraulics","Hydraulic Equations,Sediment Transport Modeling,Regression",Not Applicable,"Bedload,Gravel",Erosion,Not Applicable,Not Applicable,Not Applicable,Not Applicable,Not Applicable,Not Applicable,"CaNot Applicableda,Oregon","Sediment release,Deposition control",Not Applicable,Not Applicable,"Elbow River,Oak Creek",5.6843418860808e-14,5.6843418860808e-14
L0249,Measurement and Analysis of Suspended Sediment Loads in Streams,1951,"Nelson, ME, Benedict, PC",https://doi.org/10.1061/TACEAT.0006548,Journal Article,"Reporting,Analysis","Water Quality,Sediment,Hydraulics","Laboratory Analysis,Regression",Not Applicable,Suspended,Suspended,Not Applicable,Not Applicable,Not Applicable,Not Applicable,Not Applicable,Not Applicable,USA,Sediment release,Not Applicable,Not Applicable,Rio Grande,5.6843418860808e-14,5.6843418860808e-14
L0250,Soil and water assessment tool theoretical documentation version 2009,2012,"Nelson, JM, McDonald, RR, Kinzel, PJ, Shimizu, Y",https://pubs.er.usgs.gov/publication/70189363,Conference Paper,Analysis,"Bathymetry,Sediment,Hydraulics","Hydraulic Modeling,Sediment Transport Modeling",Not Applicable,Sand,Erosion,Not Applicable,Not Applicable,Not Applicable,Yes,Not Applicable,Not Applicable,Colorado,"Sediment release,Deposition control",Not Applicable,Regulated Rivers,Colorado River at Blue River,5.6843418860808e-14,5.6843418860808e-14
L0251,Hydraulic Design of Reservoir Outlet Works,1980,USACE,EM 1110-2-1602,USACE EM,Design,Not Applicable,Hydraulic Equations,Not Applicable,Not Applicable,Not Applicable,Not Applicable,Not Applicable,Not Applicable,Not Applicable,Not Applicable,Not Applicable,Not Applicable,Not Applicable,Not Applicable,,,5.6843418860808e-14,5.6843418860808e-14
L0252,Ice Engineering,2006,USACE,EM 1110-2-1612,USACE EM,"Planning,Design,Construction,Operations,Maintenance",Not Applicable,"Hydraulic Modeling,Hydraulic Equations,Frequency Analysis",Flood risk,Not Applicable,Not Applicable,Not Applicable,Not Applicable,Not Applicable,Not Applicable,Not Applicable,Ice,Not Applicable,Not Applicable,Not Applicable,,,5.6843418860808e-14,5.6843418860808e-14
L0253,Dredging and Dredged Material Management,2015,USACE,EM 1110-2-5025,USACE EM,"Planning,Operations,Maintenance,Analysis",Sediment,Laboratory Analysis,"Maintenance,Watershed planning",Not Applicable,Reservoir Pool,Not Applicable,Not Applicable,Yes,Not Applicable,Not Applicable,Not Applicable,Not Applicable,Beneficial use of dredged materials,"Forestry,Multi-use,Upland,Island,Wetlands,Beach",,,5.6843418860808e-14,5.6843418860808e-14
L0254,"Reservoir Roadmap, Presented to the 2010 Kansas Legislature by the Kansas Water Authority, Volume I-III",2010,Kansas Water Authority,,Government Report,Planning,"Bathymetry,Water Quality,Sediment,Ecological,Storage,Rainfall,Water Usage","Groundwater Modeling,","Flood risk,Economics,Maintenance,Operations",Not Applicable,Not Applicable,Not Applicable,Not Applicable,Not Applicable,Yes,"Flood,drought",Not Applicable,Kansas,Land Management,Not Applicable,Not Applicable,,5.6843418860808e-14,5.6843418860808e-14
L0255,"Design Manual, Debris Dams and Basins",1979,Los Angeles County Flood Control District,https://dpw.lacounty.gov/ldd/lib/fp/Storm%20Drain/LA%20County%20Flood%20Control%20Debris%20Dams%20and%20Basins%20Design%20Manual.pdf,Design Manual,"Design,Analysis",Sediment,Regression,"Maintenance,Watershed planning",Not Applicable,Debris,Not Applicable,Not Applicable,Not Applicable,Not Applicable,Adaptive MaNot Applicablegement,Not Applicable,Los Angeles,Not Applicable,Urban,,,5.6843418860808e-14,5.6843418860808e-14
L0256,Sedimentation Manual,2006,Los Angeles County Department of Public Works,https://dpw.lacounty.gov/wrd/publication/engineering/2006_sedimentation_manual/Sedimentation%20Manual-Second%20Edition.pdf,Design Manual,"Design,Analysis",Sediment,Hydraulic Equations,Watershed planning,Not Applicable,"Debris,Suspended",Not Applicable,Not Applicable,Not Applicable,Not Applicable,Not Applicable,Not Applicable,Los Angeles,Not Applicable,Urban,,,5.6843418860808e-14,5.6843418860808e-14
L0257,Entrainment of Gravel from Naturally Sorted Riverbed Material,1983,"Andrews, ED",https://pubs.geoscienceworld.org/gsa/gsabulletin/article/94/10/1225/202820/Entrainment-of-gravel-from-naturally-sorted,Journal Article,Analysis,Not Applicable,"Hydraulic Equations,Sediment Transport Modeling,Regression",Not Applicable,"Gravel,Sand,Suspended",Erosion,Not Applicable,Not Applicable,Not Applicable,Not Applicable,Not Applicable,Not Applicable,"Colorado,NW",Not Applicable,Not Applicable,,,5.6843418860808e-14,5.6843418860808e-14
L0258,Reservoir Sedimentation,1987,"Annandale, GW",https://www.elsevier.com/books/reservoir-sedimentation/annandale/978-0-444-42729-8,Book,"Planning,Design,Construction,Operations,Maintenance,Analysis",Not Applicable,"Hydraulic Equations,Hydraulic Modeling,Sediment Transport Modeling,Regression","Flood risk,Economics,Watershed Planning,Maintenance,Operations","Cohesive,Gravel,Sand,Suspended","Bank erosion,reservoir pool,Reservoir release,Suspended",Not Applicable,Not Applicable,Not Applicable,Not Applicable,"Flood,drought,Adaptive MaNot Applicablegement",Not Applicable,Not Applicable,"Sediment release,Flood diversion,Silt dams,Deposition control",Not Applicable,,,5.6843418860808e-14,5.6843418860808e-14
L0259,Erodibility,1995,"Annandale, GW",https://doi.org/10.1080/00221689509498656,Journal Article,Analysis,"Sediment,Hydraulics","Hydraulic Equations,Sediment Transport Modeling,Regression",Not Applicable,"Cohesive,Gravel,Sand,Suspended,Rock","Headcut,Erosion,Emergency Spillway,Plunge Pool",Not Applicable,Not Applicable,Not Applicable,Not Applicable,Not Applicable,Not Applicable,"Kansas,Arkansas,Bartlett Dam, ArizoNot Applicable,South Africa",Not Applicable,Not Applicable,,,5.6843418860808e-14,5.6843418860808e-14
L0260,"Rheologic, geomorphic, and sedimentologic differentiation of water floods, hyperconcentrated flows, and debris flows",1988,"Costa, JE",https://www.google.com/books/edition/Flood_Geomorphology/gl7nwAEACAAJ?hl=en,Book,Analysis,"Water Quality,Sediment,Hydraulics",Hydraulic Equations,Not Applicable,Not Applicable,"Suspended,Debris,Erosion",Not Applicable,Not Applicable,Not Applicable,Not Applicable,Not Applicable,Debris flow,USA,Not Applicable,Not Applicable,,,5.6843418860808e-14,5.6843418860808e-14
L0261,A Guide to the Proper Selection and Use of Federally Approved Sediment and Water-Quality Samplers,2005,"Davis, BE",https://pubs.usgs.gov/of/2005/1087/pdf/OFR_2005-1087.pdf,USGS Report,Analysis,Water Quality,Not Applicable,Not Applicable,Suspended,Suspended,Not Applicable,Not Applicable,Not Applicable,Not Applicable,Not Applicable,Not Applicable,Not Applicable,Not Applicable,Not Applicable,,,5.6843418860808e-14,5.6843418860808e-14
L0262,Sediment Fingerprinting: Review of the Method and Future Improvements for Allocating Nonpoint Source Pollution,2009,"Davis, CM, Fox, JF",https://doi.org/10.1061/(ASCE)0733-9372(2009)135:7(490),Journal Article,Analysis,"Water Quality,Sediment",Not Applicable,Not Applicable,Suspended,"Suspended,Erosion",Not Applicable,Not Applicable,Not Applicable,Not Applicable,Not Applicable,Not Applicable,Not Applicable,Not Applicable,Not Applicable,,,5.6843418860808e-14,5.6843418860808e-14
L0263,Impact of turbidity currents on reservoir sedimentation,2001,"De Cesare, G, Schleiss, A, Herman, F",https://doi.org/10.1061/(ASCE)0733-9429(2001)127:1(6),Journal Article,Analysis,"Water Quality,Sediment,Hydraulics","Hydraulic Equations,Hydraulic Modeling,Laboratory Analysis,Sediment Transport Modeling,Regression",Operations,Suspended,Suspended,Not Applicable,Not Applicable,Not Applicable,Not Applicable,Not Applicable,Not Applicable,Swiss Alps,"Sediment Release,Deposition Control",Not Applicable,,,5.6843418860808e-14,5.6843418860808e-14
L0264,Sediment trap efficiency of small reservoirs,1974,"Dendy, FE",https://doi.org/10.13031/2013.36994,Journal Article,Design,"Bathymetry,Hydraulics",Regression,Watershed Planning,Not Applicable,Suspended,Not Applicable,Not Applicable,Not Applicable,Not Applicable,Not Applicable,Not Applicable,USA,Deposition control,Not Applicable,,,5.6843418860808e-14,5.6843418860808e-14
L0265,Sediment yield-runoff-drainage area relationships in the United States,1976,"Dendy, FE, Bolton, GC",https://people.wou.edu/~taylors/andrews_forest/refs/dendy_bolton_1976.pdf,Journal Article,Analysis,"Bathymetry, Hydraulics","Hydraulic Equations,Regression",Watershed Planning,Suspended,"Suspended,Erosion",Not Applicable,Not Applicable,Not Applicable,Not Applicable,Not Applicable,Not Applicable,USA,"Land Management,Depostion Control",Not Applicable,,,5.6843418860808e-14,5.6843418860808e-14
L0266,The Bed-Load Function for Sediment Transportation in Open Channel Flows,1950,"Einstein, HA",https://ageconsearch.umn.edu/record/156389/files/tb1026.pdf,USDA Technical Bulletin,Analysis,Not Applicable,"Hydraulic Equations,Regression",Watershed Planning,"Cohesive,Gravel,Sand,Suspended","Suspended,Erosion",Not Applicable,Not Applicable,Not Applicable,Not Applicable,Not Applicable,Not Applicable,Mississippi,"Sediment Release,Land Management,Deposition Control",Not Applicable,,,5.6843418860808e-14,5.6843418860808e-14
L0267,"A physical, movable-bed model for non-uniform sediment transport, fluvial erosion and bank failure in rivers",2014,"El Kadi Abderrezzak, K, Moran, AD, Mosselman, E, Bouchard, J-P, Habersack, H, Aelbrecht, D",https://doi.org/10.1016/j.jher.2013.09.004,Journal Article,Analysis,Not Applicable,"Hydraulic Equations,Laboratory Analysis",Maintenance,"Cohesive,Gravel,Sand,Bedload","Bank erosion, Suspended",Not Applicable,Not Applicable,Not Applicable,Not Applicable,Not Applicable,Not Applicable,France,Sediment release,Not Applicable,,,5.6843418860808e-14,5.6843418860808e-14
L0268,Influence of Stratification and Shoreline Erosion on Reservoir Sedimentation Patterns,2007,"Elçi, S, Work, PA, Hayter, EJ",https://doi.org/10.1061/(ASCE)0733-9429(2007)133:3(255),Journal Article,Analysis,"Bathymetry,Hydraulics","Hydraulic Modeling,Sediment Transport Modeling",Maintenance,"Cohesive,Suspended",Bank erosion,Not Applicable,Not Applicable,Not Applicable,Not Applicable,Not Applicable,Not Applicable,"Georgia,South CaroliNot Applicable","Sediment release,Deposition Control",Not Applicable,,,5.6843418860808e-14,5.6843418860808e-14
L0269,A monograph on sediment transport in alluvial streams,1967,"Engelund, F, Hansen, E",https://repository.tudelft.nl/record/uuid:81101b08-04b5-4082-9121-861949c336c9,Book,Analysis,Not Applicable,"Hydraulic Equations,Regression",Not Applicable,"Cohesive,Gravel,Sand,Suspended","Suspended,Erosion",Not Applicable,Not Applicable,Not Applicable,Not Applicable,Not Applicable,Not Applicable,Not Applicable,Sediment release,Not Applicable,,,5.6843418860808e-14,5.6843418860808e-14
L0270,Sediment Transport Under Ice,2004,"Ettema, R, Daly, SF",https://hdl.handle.net/11681/5380,ERDC TN,NA,Not Applicable,Not Applicable,Not Applicable,"Cohesive,Gravel,Sand,Suspended","Bank erosion,Erosion",Not Applicable,Not Applicable,Not Applicable,Not Applicable,Not Applicable,Ice,Cold Regions,Sediment release,Not Applicable,,,5.6843418860808e-14,5.6843418860808e-14
L0271,Field evidence for rapid downstream fining of river gravels through selective transport,1996,"Ferguson, R, Hoey, T, Wathen, S, Werritty, A",https://doi.org/10.1130/0091-7613(1996)024%3C0179:FEFRDF%3E2.3.CO;2,Journal Article,Analysis,"Bathymetry,Sediment,Hydraulics","Hydraulic Modeling,Sediment Transport Modeling",Not Applicable,Gravel,"Suspended,Erosion",Not Applicable,Not Applicable,Not Applicable,Not Applicable,Not Applicable,Not Applicable,Scotland,Not Applicable,Not Applicable,,,5.6843418860808e-14,5.6843418860808e-14
L0272,Impacts of Stabilization Measures,2001,"Fischenich, JC",https://hdl.handle.net/11681/3937,ERDC TN,"Planning,Design,Construction,Operations,Maintenance",Not Applicable,Not Applicable,"Watershed Planning,Maintenance,Operations","Cohesive,Gravel,Sand,Suspended",Bank erosion,Not Applicable,Not Applicable,Not Applicable,Not Applicable,Not Applicable,Not Applicable,Not Applicable,Sediment release,Not Applicable,,,5.6843418860808e-14,5.6843418860808e-14
L0273,Environmental Considerations for Vegetation in Flood Control Channels,2001,"Fischenich, JC, Copeland, RR",https://hdl.handle.net/11681/8536,ERDC TN,"Design,Maintenance",Not Applicable,Not Applicable,"Flood risk,Watershed Planning,Maintenance,Operations",Not Applicable,Bank erosion,Yes,Yes,Yes,Not Applicable,Flood,Not Applicable,Not Applicable,Not Applicable,"Forestry,Upland,Wetland",,,5.6843418860808e-14,5.6843418860808e-14
L0274,Evaluation of Flow-Resistance Equations for Vegetated Channels and Floodplains,1998,"Flippin-Dudley SJ, Abt SR, Bonham CD, Watson CC, Fischenich JC",https://hdl.handle.net/11681/7233,ERDC TN,"Design,Analysis","Bathymetry,Hydraulics",Hydraulic Equations,Not Applicable,Not Applicable,Not Applicable,Yes,Yes,Yes,Not Applicable,Not Applicable,Not Applicable,"Oklahoma, Mississippi,Alabama",Not Applicable,Forestry,,,5.6843418860808e-14,5.6843418860808e-14
L0275,Flocculation and Settling Velocity Estimates for Reservoir Sedimentation Analysis,2016,"Floyd, IE, Smith, SJ, Scott, SH, Brown, GL",https://hdl.handle.net/11681/21569,ERDC TN,Design,Not Applicable,Hydraulic Equations,Not Applicable,Suspended,Suspended,Not Applicable,Not Applicable,Yes,Not Applicable,Not Applicable,Not Applicable,Not Applicable,Deposition control,Not Applicable,,,5.6843418860808e-14,5.6843418860808e-14
L0276,"Guidelines for the design, adjustment and operation of models for the study of river sedimentation problems, Appendix C: Checklist for Model Design and Operation",1978,"Franco, JJ",https://hdl.handle.net/11681/2950,USACE EM,Design,Not Applicable,Sediment Transport Modeling,Not Applicable,Not Applicable,Suspended,Not Applicable,Not Applicable,Not Applicable,Not Applicable,Not Applicable,Not Applicable,Not Applicable,Deposition control,Not Applicable,,,5.6843418860808e-14,5.6843418860808e-14
L0277,Downstream fining in sand-bed rivers,2010,"Frings RM, Ottevanger, W, Sloff, CJ",https://core.ac.uk/download/pdf/326241487.pdf,Conference Paper,Analysis,"Bathymetry, Sediment",Sediment Transport Modeling,Not Applicable,Sand,"Bank erosion,Erosion,Suspended",Not Applicable,Not Applicable,Not Applicable,Yes,Not Applicable,Not Applicable,The Netherlands,Deposition control,Lowland,,,5.6843418860808e-14,5.6843418860808e-14
L0278,Hazard Zone Delineation for Urbanized Alluvial Fans,2004,"García, R, Rodríguez, JJ, O’Brien, JS",https://doi.org/10.1061/40737(2004)11,Conference Paper,Planning,"Bathymetry,Hydraulics","Hydraulic Modeling,Frequency Analysis",Flood Risk,Not Applicable,Debris,Not Applicable,Not Applicable,Not Applicable,Yes,Flood,Debris flow,"Venezuela,Latin America",Deposition control,Urban,,,5.6843418860808e-14,5.6843418860808e-14
L0279,Designing Reservoir Sediment Management Alternatives with Automated Concentration Constraints in a 1D Sediment Model,2016,"Gibson, S, Boyd, P",https://doi.org/10.1201/9781315623207,Book,Operations,"Water Quality,Sediment,Hydraulics",Sediment Transport Modeling,Operations,"Cohesive,Sand",Reservoir release,Not Applicable,Not Applicable,Not Applicable,Not Applicable,Not Applicable,Not Applicable,"Nebraska,South Dakota","Sediment Release,Deposition Control",Not Applicable,,,5.6843418860808e-14,5.6843418860808e-14
L0280,Flow Dependence of Suspended Sediment Gradations,2017,"Gibson, S.A., Cai, C.",https://doi.org/10. 1002/2016WR020135,Journal Article,Analysis,Sediment,Not Applicable,Not Applicable,Suspended,,Not Applicable,Not Applicable,Not Applicable,Not Applicable,Not Applicable,Not Applicable,,Not Applicable,Not Applicable,,,5.6843418860808e-14,5.6843418860808e-14
L0281,"Flood disturbance, recovery, and inter-flood incision on a large sandbed river",2016,"Gibson, S., Nelson, A.",DOI:10.1201/9781315644479-210,Conference Paper,Analysis,Hydraulics,"Hydraulic Equations,Hydraulic Modeling,Sediment Transport Modeling",,"Suspended,Bedload","Suspended,Erosion",Not Applicable,Not Applicable,Not Applicable,Not Applicable,Not Applicable,Not Applicable,Not Applicable,Not Applicable,Not Applicable,,,5.6843418860808e-14,5.6843418860808e-14
L0282,Incorporating sediment non-stationarity into ice-affected flood-risk projections,2020,"Gibson, S., Vuyovich, C., Weide, M.",https://doi.org/10.1002/rra.3714,Journal Article,Analysis,"Bathymetry,Sediment,Hydraulics","Hydraulic Equations,Sediment Transport Modeling,Regression",Not Applicable,Cohesive,Suspended,Not Applicable,Not Applicable,Not Applicable,Yes,"Flood,Structure failure",Ice,Michigan,Deposition control,Lowland,,,5.6843418860808e-14,5.6843418860808e-14
L0283,Downstream Hydrologic and Geomorphic Effects of Large Dams on American Rivers,2006,"Graf, W.L.",doi: 10.1016/j.geomorph.2006.06.0,Journal Article,Analysis,"Bathymetry,Sediment,Hydraulics","Hydraulic Equations,Frequency Analysis,Regression","Flood risk,Economics,Watershed Planning,Operations","Gravel,Sand,Suspended,Rock,Bedload","Bank erosion,Erosion,Suspended,Reservoir Pool,Reservoir release",Yes,Yes,Yes,Not Applicable,Not Applicable,Not Applicable,,"Sediment Release,Deposition Control",Not Applicable,,,5.6843418860808e-14,5.6843418860808e-14
L0284,Effects of bulk density on sediment erosion rates,1997,"Jepsen, RA, Roberts, JD, Lick, W",https://doi.org/10.1007/BF02406841,Journal Article,Analysis,Not Applicable,Laboratory Analysis,Not Applicable,"Cohesive,Silt,Clay",Erosion,Not Applicable,Not Applicable,Not Applicable,Not Applicable,Not Applicable,Not Applicable,"Michigan,Wisconsin,Southern California",Sediment release,Not Applicable,Not Applicable,,5.6843418860808e-14,5.6843418860808e-14
L0285,Controlling spatial oscillations in bed level update schemes,2002,"Johnson, HK, Zyserman, JA",https://doi.org/10.1016/S0378-3839(02)00054-6,Journal Article,Analysis,"Bathymetry,Hydraulics","Hydraulic Modeling,Sediment Transport Modeling",Not Applicable,Sand,Erosion,Not Applicable,Not Applicable,Not Applicable,Yes,Not Applicable,Not Applicable,Coastal,Deposition control,Beach,Not Applicable,,5.6843418860808e-14,5.6843418860808e-14
L0286,Influence of geometry shape factor on trapping and flushing efficiencies,2014,"Kantoush, SA, Schleiss, AJ",https://doi.org/10.1201/b17397,Book,"Design,Analysis","Sediment,Hydraulics",Laboratory Analysis,Not Applicable,Sand,"Reservoir release,Erosion",Not Applicable,Not Applicable,Not Applicable,Not Applicable,Not Applicable,Not Applicable,Not Applicable,Sediment release,Not Applicable,Not Applicable,,5.6843418860808e-14,5.6843418860808e-14
L0287,"Mountain erosion over 10 yr, 10 k.y., and 10 m.y. time scales",2001,"Kirchner, JW, Finkel, RC, Riebe, C, Granger, DE, Clayton, JL, King, JG, Megahan, WF",https://doi.org/10.1130/0091-7613(2001)029%3C0591:MEOYKY%3E2.0.CO;2,Journal Article,"Planning,Analysis",Sediment,"Hydraulic Modeling,Frequency Analysis",Watershed planning,Suspended,"Suspended,Debris,Erosion",Not Applicable,Not Applicable,Not Applicable,Yes,Flood,Debris flow,Central Idaho,Deposition control,Forestry,"Mountain torrents,Alluvial fans",,5.6843418860808e-14,5.6843418860808e-14
L0288,A Classification System for Excavation in Natural Materials,1982,"Kirsten, HAD",https://hdl.handle.net/10520/AJA10212019_15379,Journal Article,Construction,Sediment,Regression,Maintenance,"Gravel,Sand,Rock,Silt,Clay",Reservoir,Not Applicable,Not Applicable,Not Applicable,Not Applicable,Not Applicable,Not Applicable,Not Applicable,Land Management,Not Applicable,Not Applicable,,5.6843418860808e-14,5.6843418860808e-14
L0289,Hungry Water: Effects of Dams and Gravel Mining on River Channels,1997,"Kondolf, GM",https://doi.org/10.1007/s002679900048,Journal Article,"Planning,Analysis",Bathymetry,Not Applicable,Watershed planning,"Gravel,Sand","Bank erosion,erosion",Not Applicable,Not Applicable,Not Applicable,Yes,Structure failure,Not Applicable,"California,Germany,France,Oregon","Sediment release,Deposition Control","Upland,Beach","Mountain torrents,Alluvial fans,Deltas",,5.6843418860808e-14,5.6843418860808e-14
L0290,Progradational sand-mud deltas in lakes and reservoirs. Part I: Theory and Numerical Model,2003,"Kostic, S, Parker, G",https://doi.org/10.1080/00221680309499956,Journal Article,Analysis,"Bathymetry,Sediment,Hydraulics","Hydraulic Modeling,Sediment Transport Modeling",Not Applicable,"Sand,Suspended,Silt,Clay","Suspended,Plunge Pool",Not Applicable,Not Applicable,Not Applicable,Not Applicable,Not Applicable,Not Applicable,Not Applicable,Deposition control,Not Applicable,Deltas,,5.6843418860808e-14,5.6843418860808e-14
L0291,Progradational sand-mud deltas in lakes and reservoirs. Part 2: Experiment and Numerical Simulation,2003,"Kostic, S, Parker, G",https://doi.org/10.1080/00221680309499957,Journal Article,Analysis,"Bathymetry,Sediment,Hydraulics","Hydraulic Modeling,Laboratory Analysis,Sediment Transport Modeling",Not Applicable,"Sand,Suspended,Silt,Clay","Suspended,Plunge Pool",Not Applicable,Not Applicable,Not Applicable,Not Applicable,Not Applicable,Not Applicable,"Lake Mead,ArizoNot Applicable,Nevada",Deposition control,Not Applicable,Deltas,,5.6843418860808e-14,5.6843418860808e-14
L0292,Size Frequency Distribution of Sediments,1934,"Krumbein, WC",https://doi.org/10.1306/D4268EB9-2B26-11D7-8648000102C1865D,Journal Article,"Analysis,Reporting",Sediment,"Laboratory Analysis,Frequency Analysis",Not Applicable,"Gravel,Sand,Silt,Clay",Not Applicable,Not Applicable,Not Applicable,Not Applicable,Not Applicable,Not Applicable,Not Applicable,Not Applicable,Not Applicable,Not Applicable,Not Applicable,,5.6843418860808e-14,5.6843418860808e-14
L0293,"Density of Sediments Deposited in Reservoirs, Report No. 9 of A Study of Methods Used in Measurement and Analysis of Sediment Loads in Streams",1943,"Lane, EW, Koelzer, VA",https://water.usgs.gov/fisp/docs/Report_9.pdf,Government Report,"Design,Reporting",Sediment,Frequency Analysis,Not Applicable,"Cohesive,Sand,Silt,Clay",Reservoir pool,Not Applicable,Not Applicable,Not Applicable,Yes,Not Applicable,Not Applicable,"ArizoNot Applicable,California,Texas,Kansas",Deposition control,Not Applicable,Not Applicable,,5.6843418860808e-14,5.6843418860808e-14
L0294,Yield of Sediment in Relation to Mean Annual Precipitation,1958,"Langbein, WB, Schumm, SA",https://doi.org/10.1029/TR039i006p01076,Journal Article,Analysis,"Water Quality,Sediment,Ecological,Hydraulics",Regression,Watershed planning,Suspended,"Suspended,Erosion",Yes,Not Applicable,Yes,Yes,Not Applicable,Not Applicable,"Washington,Oregon,California",Land Management,Not Applicable,Not Applicable,,5.6843418860808e-14,5.6843418860808e-14
L0295,The hydraulic geometry of stream channels and some physiographic implications,1953,"Leopold, LB, Maddock, T",https://doi.org/10.3133/pp252,Government Report,Analysis,"Water Quality,Hydraulics","Hydraulic Equations,Regression",Not Applicable,Suspended,Suspended,Not Applicable,Not Applicable,Not Applicable,Not Applicable,Not Applicable,Not Applicable,Not Applicable,Not Applicable,Not Applicable,Not Applicable,,5.6843418860808e-14,5.6843418860808e-14
L0296,Particle size variations between bedload and bed material in natural gravel bed channels,1995,"Lisle, T",https://doi.org/10.1029/94WR02526,Journal Article,Analysis,"Bathymetry,Sediment,Hydraulics","Hydraulic Equations,Frequency Analysis,Regression",Not Applicable,"Gravel,Bedload",Erosion,Not Applicable,Not Applicable,Not Applicable,Not Applicable,Not Applicable,Not Applicable,"Alaska,England,Wyoming,Mississippi,California,New Zealand",Deposition control,Not Applicable,"Alluvial fans,Braided rivers,Meandering rivers",,5.6843418860808e-14,5.6843418860808e-14
L0297,A Survey of Reservoir Shoreline Erosion Problems at Bureau of Reclamation Reservoirs,1996,"Lyons, JK",https://erdclibrary.on.worldcat.org/oclc/35963735,Conference Paper,Reporting,Public Participation,Frequency Analysis,Not Applicable,Not Applicable,Bank erosion,Not Applicable,Not Applicable,Not Applicable,Not Applicable,Not Applicable,Not Applicable,Western USA,Not Applicable,Not Applicable,Not Applicable,,5.6843418860808e-14,5.6843418860808e-14
L0298,Sediment in rivers of the United States,1985,"Meade, RH, Parker, RS",https://doi.org/10.3133/wsp2275,Government Report,Reporting,"Water Quality,Hydraulics",Frequency Analysis,Watershed planning,Suspended,Suspended,Not Applicable,Not Applicable,Not Applicable,Not Applicable,Not Applicable,Not Applicable,USA,Sediment release,Not Applicable,Not Applicable,,5.6843418860808e-14,5.6843418860808e-14
L0299,SIAM for Evaluating Sediment Causes and Effects,2006,"Mooney, DM",https://pubs.usgs.gov/misc/FISC_1947-2006/pdf/1st-7thFISCs-CD/8thFISC/Session%206B-2_Mooney.pdf,Conference Paper,Analysis,"Water Quality,Sediment,Hydraulics","Hydraulic Equations,Regression",Watershed planning,"Suspended,Bedload","Suspended,Erosion",Not Applicable,Not Applicable,Not Applicable,Not Applicable,Not Applicable,Not Applicable,Mississippi,"Sediment release,Deposition Control",Not Applicable,Not Applicable,,5.6843418860808e-14,5.6843418860808e-14
L0300,Flume Studies of the Transport of Sediment in Estuarial Shoaling Processes,1962,"Krone, RB",http://www.worldcat.org/oclc/8967084,,Analysis,"Bathymetry,Water Quality,Sediment,Hydraulics",Laboratory Analysis,Maintenance,"Cohesive,Suspended,Flocculation,Silt,Clay","Suspended,Erosion",Not Applicable,Not Applicable,Not Applicable,Not Applicable,Not Applicable,Not Applicable,San Francisco Bay,"Sediment release,Deposition Control",Not Applicable,Not Applicable,,5.6843418860808e-14,5.6843418860808e-14
L0301,Determination of the Unit Weight of Sediment for Use in Sediment Volume Computations,1953,"Miller, CR",https://babel.hathitrust.org/cgi/pt?id=uiug.30112113044884&view=1up&seq=1,Government Report,Analysis,Not Applicable,Not Applicable,Not Applicable,"Cohesive,Sand,Silt,Clay",Reservoir pool,Not Applicable,Not Applicable,Not Applicable,Yes,Not Applicable,Not Applicable,Not Applicable,Deposition control,Not Applicable,Not Applicable,,5.6843418860808e-14,5.6843418860808e-14
L0302,Headcut Advance Threshold in Earth Spillways,1994,"Moore, JS, Temple, DM, Kirsten, HAD",https://pubs.geoscienceworld.org/aeg/eeg/article/xxxi/2/263/137541/Technical-Notes,Journal Article,"Planning,Analysis","Sediment,Hydraulics","Hydraulic Equations,Regression",Operations,"Sand,Rock","Headcut,Emergency Spillway",Not Applicable,Not Applicable,Not Applicable,Not Applicable,Flood,Not Applicable,Not Applicable,Flood diversion,Not Applicable,Not Applicable,,5.6843418860808e-14,5.6843418860808e-14
L0303,"Reservoir Sedimentation Handbook: Design and Management of Dams, Reservoirs and Watersheds for Sustainable Use",2010,"Morris, GL, Fan, J",https://reservoirsedimentation.com/Res_Sedimentation_Handbook_1.05.pdf,Book,"Design,Operations","Bathymetry,Water Quality,Sediment,Hydraulics","Hydraulic Equations,Sediment Transport Modeling,Regression","Watershed Planning,Maintenance,Operations","Cohesive,Gravel,Sand,Suspended,Rock,Bedload,Flocculation,Woody Particles,Silt,Clay","Bank erosion,Headcut,Reservoir pool,Reservoir release,Suspended,Debris,Erosion,Emergency Spillway,Plunge Pool",Yes,Yes,Yes,Yes,"Flood,drought","Debris flow,wildfire",Not Applicable,"Sediment release,dam removal,Land Management, beneficial use of dredged materials,Flood diversion,Silt dams,Deposition control","Urban,forestry,multi-use,Island,Wetlands",Not Applicable,,5.6843418860808e-14,5.6843418860808e-14
L0304,Reservoir Sedimentation,2013,"Morris, GL, Annandale, G, Hotchkiss, R",https://doi.org/10.1061/9780784408148.ch12,Book,"Planning,Design,Operations,Maintenance","Bathymetry,Sediment,Hydraulics","Frequency Analysis,Regression","Watershed Planning,Maintenance,Operations","Gravel,Sand,Silt,Clay","Reservoir pool,Reservoir release",Not Applicable,Not Applicable,Not Applicable,Yes,Not Applicable,Not Applicable,Not Applicable,"Sediment release,dam removal,Deposition control",Not Applicable,Deltas,,5.6843418860808e-14,5.6843418860808e-14
L0305,A Reexamination of the Beginning of Movement for Coarse Granular Bed Materials,1968,"Neill, CR",https://static.ags.aer.ca/files/document/OFR/OFR_1968_09.pdf,Government Report,Analysis,"Sediment,Hydraulics","Laboratory Analysis,Sediment Transport Modeling,Regression",Not Applicable,"Gravel,Bedload",Erosion,Not Applicable,Not Applicable,Not Applicable,Not Applicable,Not Applicable,Not Applicable,Not Applicable,Not Applicable,Not Applicable,Not Applicable,,5.6843418860808e-14,5.6843418860808e-14
L0306,Economic considerations of a continental sediment-monitoring program,1998,"Osterkamp, WR, Heilman, P, Lane, LJ",https://www.tucson.ars.ag.gov/unit/Publications/PDFfiles/1010.pdf,Journal Article,"Planning,Reporting,Analysis","Water Quality,Sediment,Ecological,Hydraulics",Not Applicable,"Economics,Watershed planning",Suspended,"Suspended,Erosion",Not Applicable,Yes,Yes,Not Applicable,Not Applicable,Not Applicable,North America,Land Management,"Urban,Forestry,Multi-use,Lowland",Deltas,,5.6843418860808e-14,5.6843418860808e-14
L0307,Causes and Mechanisms of Cohesive Soil Erosion: The State of the Art,1973,"Paaswell, RE",https://onlinepubs.trb.org/Onlinepubs/sr/sr135/sr135-006.pdf,Government Report,Analysis,"Sediment,Hydraulics","Laboratory Analysis,Sediment Transport Modeling",Not Applicable,"Cohesive,Clay",Erosion,Not Applicable,Not Applicable,Not Applicable,Not Applicable,Not Applicable,Not Applicable,Not Applicable,Sediment release,Not Applicable,Cohesive channels,,5.6843418860808e-14,5.6843418860808e-14
L0308,Concept of Critical Shear Stress in Loose Boundary Open Channels,1971,"Paintal, AS",https://doi.org/10.1080/00221687109500339,Journal Article,Analysis,"Sediment,Hydraulics","Laboratory Analysis,Sediment Transport Modeling,Regression",Not Applicable,"Sand,Bedload",Erosion,Not Applicable,Not Applicable,Not Applicable,Not Applicable,Not Applicable,Not Applicable,Not Applicable,Sediment release,Not Applicable,Not Applicable,,5.6843418860808e-14,5.6843418860808e-14
L0309,Downstream fining by selective deposition in a laboratory flume,1992,"Paola, C, Parker, G, Seal, R, Sinha, SK, Southard, JB, Wilcock, PR",https://doi.org/10.1126/science.258.5089.1757,Journal Article,Analysis,"Bathymetry,Sediment,Hydraulics",Laboratory Analysis,Not Applicable,"Gravel,Sand",Reservoir pool,Not Applicable,Not Applicable,Not Applicable,Not Applicable,Not Applicable,Not Applicable,Not Applicable,Deposition control,Not Applicable,Not Applicable,,5.6843418860808e-14,5.6843418860808e-14
L0310,1D Sediment Transport Morphodynamics with Applications to Rivers and Turbidity Currents,2006,"Parker, G",http://hydrolab.illinois.edu/people/parkerg/morphodynamics_e-book.htm,Book,"Planning,Analysis","Bathymetry,Water Quality,Sediment,Hydraulics","Hydraulic Equations,Sediment Transport Modeling",Watershed Planning,"Cohesive,Gravel,Sand,Suspended,Rock,Bedload,Flocculation,Woody Particles,Silt,Clay","Suspended,Erosion",Not Applicable,Not Applicable,Not Applicable,Yes,Not Applicable,Not Applicable,Not Applicable,"Land Management,Deposition control",Not Applicable,"Alluvial fans,Deltas",,5.6843418860808e-14,5.6843418860808e-14
L0311,Erosion and deposition of cohesive soils,1965,"Partheniades, E",https://doi.org/10.1061/JYCEAJ.0001165,Journal Article,Analysis,"Water Quality,Sediment,Hydraulics","Sediment Transport Modeling,Regression",Not Applicable,"Cohesive,Sand,Flocculation,Silt,Clay","Suspended,Erosion",Not Applicable,Not Applicable,Not Applicable,Not Applicable,Not Applicable,Not Applicable,"San Francisco Bay, California","Sediment release,Deposition Control",Not Applicable,Not Applicable,,5.6843418860808e-14,5.6843418860808e-14
L0312,Computing Degradation and Local Scour,1984,"Pemberton, EL, Lara, JM",https://www.usbr.gov/tsc/techreferences/reservoir/ComputingDegradtion01_1984.pdf,Government Report,"Design,Analysis","Sediment,Hydraulics","Hydraulic Equations,Sediment Transport Modeling,Regression",Flood risk,"Gravel,Sand,Bedload",Erosion,Not Applicable,Not Applicable,Not Applicable,Not Applicable,Flood,Not Applicable,"ArizoNot Applicable,Colorado",Sediment release,Not Applicable,"Modified streams,Underfit streams",,5.6843418860808e-14,5.6843418860808e-14
L0313,"Physical factors that influence muddy bed aggregate production, size, and durability",2020,"Perkey, DW, Fall, KA, Smith, SJ",https://dx.doi.org/10.21079/11681/38257,ERDC TN,Analysis,"Sediment,Hydraulics","Laboratory Analysis,Regression",Not Applicable,"Cohesive,Sand,Suspended,Bedload,Silt,Clay",Erosion,Not Applicable,Not Applicable,Not Applicable,Not Applicable,Not Applicable,Not Applicable,"North America,East of Rocky Mountains",Sediment release,Not Applicable,Deltas,,5.6843418860808e-14,5.6843418860808e-14
L0314,"Impacts of Muddy Bed Aggregates on Sediment Transport and Management in the Tidal James River, VA",2020,"Perkey, DW, Smith, SJ, Fall, KA, Massey, GM, Friedrichs, CT, Hicks, EM",https://doi.org/10.1061/(ASCE)WW.1943-5460.0000578,Journal Article,Analysis,"Sediment,Hydraulics","Laboratory Analysis,Regression",Not Applicable,"Cohesive,Sand,Suspended,Bedload,Silt,Clay",Erosion,Not Applicable,Not Applicable,Not Applicable,Not Applicable,Not Applicable,Not Applicable,Virginia,Sediment release,Not Applicable,Deltas,,5.6843418860808e-14,5.6843418860808e-14
L0315,Erosion thresholds and rates for sand-mud mixtures,2020,"Perkey, DW, Smith, SJ, Priestas, AM",https://dx.doi.org/10.21079/11681/37495,ERDC TN,Analysis,"Sediment,Hydraulics",Laboratory Analysis,Not Applicable,"Cohesive,Sand,Suspended,Silt,Clay",Erosion,Not Applicable,Not Applicable,Not Applicable,Not Applicable,Not Applicable,Not Applicable,Not Applicable,Sediment release,Not Applicable,Not Applicable,,5.6843418860808e-14,5.6843418860808e-14
L0316,Design Considerations for Confining and Guiding Levees On Alluvial Fans,2008,"Philips, BM, Williams, DT",https://doi.org/10.1061/40976(316)203,Conference Paper,"Design,Operations",Not Applicable,Hydraulic Equations,"Flood risk,Operations",Not Applicable,Suspended,Not Applicable,Not Applicable,Not Applicable,Not Applicable,"Flood,drought",Not Applicable,Southwest USA,Flood diversion,Not Applicable,"Alluvial fans,Braided rivers,Arroyos",,5.6843418860808e-14,5.6843418860808e-14
L0317,Distinguishing between debris flows and floods from field evidence in small watersheds,2005,"Pierson, TC",https://web.archive.org/web/20190427044222id_/https://pubs.usgs.gov/fs/2004/3142/pdf/fs2004-3142.pdf,Government Report,"Reporting,Analysis","Bathymetry,Water Quality,Sediment,Ecological,Hydraulics",Not Applicable,Flood risk,"Cohesive,Gravel,Sand,Suspended,Rock,Bedload,Flocculation,Woody Particles,Silt,Clay","Suspended,Debris,Erosion",Not Applicable,Yes,Not Applicable,Not Applicable,Flood,"Debris flow,Volcano",Not Applicable,"Land Management,Deposition control",Forestry,Mountain torrents,,5.6843418860808e-14,5.6843418860808e-14
L0318,A rheologic classification of subaerial sediment-water flows,1987,"Pierson, TC, Costa, JE",https://doi.org/10.1130/REG7-p1,Book,"Reporting,Analysis","Water Quality,Sediment,Hydraulics","Hydraulic Equations,Sediment Transport Modeling",Flood risk,Suspended,"Suspended,Debris",Not Applicable,Not Applicable,Not Applicable,Not Applicable,Flood,"Debris flow,Landslide",Not Applicable,Deposition control,Not Applicable,"Mountain torrents,Alluvial fans",,5.6843418860808e-14,5.6843418860808e-14
L0319,Environmental and economic costs of soil erosion and conservation benefits,1995,"Pimentel, D, Harvey, C, Resosudarmo, P, Sinclair, K, Kurz, D, McNair, M, Crist, S, Shpritz, L, Fitton, L, Saffouri, R, Blair, R",https://doi.org/10.1126/science.267.5201.1117,Journal Article,"Reporting,Analysis","Water Quality,Sediment",Not Applicable,"Economics,Watershed planning",Not Applicable,Erosion,Not Applicable,Not Applicable,Yes,Not Applicable,Not Applicable,Not Applicable,Not Applicable,Land Management,Agriculture,Not Applicable,,5.6843418860808e-14,5.6843418860808e-14
L0320,Erosion of Cohesive Soils,1984,"Raudkm, AJ, Tan, SK",https://doi.org/10.1080/00221688409499380,Journal Article,Analysis,"Water Quality,Sediment",Laboratory Analysis,Not Applicable,"Cohesive,Clay",Erosion,Not Applicable,Not Applicable,Not Applicable,Not Applicable,Not Applicable,Not Applicable,Not Applicable,Sediment release,Not Applicable,Not Applicable,,5.6843418860808e-14,5.6843418860808e-14
L0321,Predicting soil erosion by water: A guide to conservation planning with the Revised Universal Soil Loss Equation (RUSLE),1997,"Renard, KG, Foster, GR, Weesies, GA, McCool, DK, Yoder, DC",https://www.researchgate.net/profile/Pablo-Alvarez-48/post/soil_erosion/attachment/59d6460279197b80779a110f/AS%3A455706810818560%401485660378747/download/Renard_1997_+Predicting+soil+erosion+by+water_a+guide+to+conservation+planing+with+RUSLE.pdf,Government Report,"Planning,Analysis","Bathymetry,Sediment,Hydraulics","Hydraulic Equations,Sediment Transport Modeling",Watershed planning,Not Applicable,Erosion,Yes,Yes,Yes,Yes,Not Applicable,Not Applicable,Midwest USA,Land Management,Agriculture,Modified streams,,5.6843418860808e-14,5.6843418860808e-14
L0322,SEDLIB Multiple Grain Sized Mixed Sediment Library: Technical Manual,2014,"Brown, G., C. Trahan, J.N. Tate, and G. Savant",https://erdc-library.erdc.dren.mil/jspui/bitstream/11681/39162/17/SEDLIB_Manual-Version1.2.pdf,ERDC TN,"Planning,Analysis",Not Applicable,Sediment Transport Modeling,watershed planning,"Cohesive,Gravel,Sand,Suspended",Not Applicable,Not Applicable,Not Applicable,Not Applicable,Yes,Not Applicable,Not Applicable,Not Applicable,Not Applicable,Not Applicable,Not Applicable,,5.6843418860808e-14,5.6843418860808e-14
L0323,Trap efficiency of reservoirs,1953,"Brune, G.M.",https://agupubs.onlinelibrary.wiley.com/doi/epdf/10.1029/TR034i003p00407,Journal Article,Operations,Sediment,Regression,Operations,"Sand,Suspended","Erosion,Suspended,Reservoir release",Not Applicable,Not Applicable,Not Applicable,Not Applicable,Not Applicable,Not Applicable,Multiple sites,Not Applicable,Not Applicable,Not Applicable,,5.6843418860808e-14,5.6843418860808e-14
L0324,Overview of Selected Surrogate Technologies for High-Temporal Resolution Suspended-Sediment Monitoring,2010,"Gray, J.R., Gartner, J.W.",10.1002/9781444317114.ch1,Conference Paper,Operations,"Water Quality,Sediment",NA,Operations,"Suspended,Bedload",Suspended,Not Applicable,Not Applicable,Not Applicable,Not Applicable,Not Applicable,Not Applicable,Not Applicable,Not Applicable,Not Applicable,Not Applicable,,5.6843418860808e-14,5.6843418860808e-14
L0325,Two-Dimensional Total Sediment Load Model Equations,2008,"Greimann, B., Lai, Y.",https://doi.org/10.1061/(ASCE)0733-9429(2008)134:8(1142),Journal Article,Analysis,Sediment,Sediment Transport Modeling,Not Applicable,"Suspended,Bedload",Not Applicable,Not Applicable,Not Applicable,Not Applicable,Not Applicable,Not Applicable,Not Applicable,Not Applicable,Not Applicable,Not Applicable,Not Applicable,,5.6843418860808e-14,5.6843418860808e-14
L0326,"A Systematic Analysis of Eight Decades of Incipient Motion Studies, with Special Reference to Gravel Bedded Rivers",1997,"Buffington, J.M., and D.R. Montgomery.",,,,,,,,,,,,,,,,Not Applicable,,,,5.6843418860808e-14,5.6843418860808e-14
L0327,Measurement of Coarse Gravel and Cobble Transport Using Portable Bedload Traps,2004,"Bunte, K., S. Abt, J. Potyondy, and S. Ryan",https://www.fs.usda.gov/treesearch/pubs/22266,Journal Article,Analysis,Sediment,Regression,Not Applicable,"Bedload,Gravel",Sediment,Not Applicable,Not Applicable,Not Applicable,Not Applicable,Not Applicable,Not Applicable,Co./Wy.,Not Applicable,Upland,Not Applicable,,5.6843418860808e-14,5.6843418860808e-14
L0328,Progress on Dam Removal Analysis Guidelines for Sediment,2015,"Randle, TJ, Bountry, JA",https:/www.sedhyd.org/past/Proceedings%20(1).pdf,Conference Paper,"Planning,Construction","Water Quality,Sediment,Ecological,Hydraulics",Hydraulic Equations,"Watershed planning,Operations","Gravel,Sand,Silt,Clay",Reservoir release,Not Applicable,Not Applicable,Not Applicable,Yes,Adaptive MaNot Applicablegement,Not Applicable,"Washington,Oregon,MontaNot Applicable,Michigan",Dam Removal,Not Applicable,Not Applicable,,5.6843418860808e-14,5.6843418860808e-14
L0329,Which tributaries disrupt downstream fining along gravel bed rivers?,1998,"Rice, S",https://doi.org/10.1016/S0169-555X(97)00052-4,Journal Article,Analysis,"Sediment, Hydraulics","Hydraulic Equations,Frequency Analysis,Regression",Not Applicable,Gravel,Suspended,Not Applicable,Not Applicable,Not Applicable,Yes,Not Applicable,Not Applicable,"British Columbia, CaNot Applicableda",Deposition control,Forestry,"Mountain torrents,Alluvial fans",,5.6843418860808e-14,5.6843418860808e-14
L0330,Method for assessing impacts of parameter uncertainty in sediment transport modeling applications,2011,"Ruark, MD, Niemann, JD, Greiman, BP, Arabi, M",https://doi.org/10.1061/(ASCE)HY.1943-7900.0000343,Journal Article,Analysis,"Bathymetry,Sediment,Hydraulics","Laboratory Analysis,Sediment Transport Modeling",Watershed planning,"Gravel,Sand","Suspended,Erosion",Not Applicable,Not Applicable,Not Applicable,Yes,Not Applicable,Not Applicable,Not Applicable,"Sediment release,Deposition Control",Not Applicable,Not Applicable,,5.6843418860808e-14,5.6843418860808e-14
L0331,Quantifying the relative importance of flow regulation and grain size regulation of suspended-sediment transport (?) and tracking changes in grain size on the bed (?),2001,"Rubin, DM, Topping, DJ",https://doi.org/10.1029/2000WR900250,Journal Article,Analysis,"Water Quality,Sediment,Hydraulics","Sediment Transport Modeling,Regression",Flood risk,Not Applicable,"Suspended,Erosion",Not Applicable,Not Applicable,Not Applicable,Not Applicable,Flood,Not Applicable,Grand Canyon,Sediment release,Not Applicable,Alluvial fans,,5.6843418860808e-14,5.6843418860808e-14
L0332,Geomorphic thresholds: the concept and its applications,1979,"Schumm, SA",https://doi.org/10.2307/622211,Journal Article,Analysis,"Bathymetry,Hydraulics","Frequency Analysis,Regression",Watershed planning,Not Applicable,"Suspended,Erosion",Not Applicable,Not Applicable,Not Applicable,Not Applicable,Not Applicable,Not Applicable,"Colorado,New Zealand,Mississippi",Land Management,Not Applicable,"Braided rivers,Meandering rivers",,5.6843418860808e-14,5.6843418860808e-14
L0333,Removing Systemic Bias in Bed-Load Transport Measurements in Large Sand-Bed Rivers,2013,"Shelley, J, Abraham, D, McAlpin, T",http://dx.doi.org/10.1061/(ASCE)HY.1943-7900.0000760,Journal Article,Analysis,"Bathymetry,Sediment,Hydraulics","Laboratory Analysis,Sediment Transport Modeling",Maintenance,Bedload,Erosion,Not Applicable,Not Applicable,Not Applicable,Not Applicable,Not Applicable,Not Applicable,Missouri,"Sediment release,Deposition control",Not Applicable,"Alluvial fans,Regulated rivers",,5.6843418860808e-14,5.6843418860808e-14
L0334,Stream Restoration,2008,"Shields, FD, Copeland, RR, Klingeman, PC, Doyle, MW, Simon, A",https://doi.org/10.1061/9780784408148.ch09,Book,"Planning,Design",Not Applicable,"Hydaulic Equations,Sediment Transport Modeling,Frequency Analysis,Regression","Flood risk,Watershed Planning","Gravel,Sand,Suspended,Rock,Bedload,Silt,Clay","Bank Erosion,Headcut,Suspended,Erosion",Not Applicable,Not Applicable,Not Applicable,Not Applicable,Flood,Landslide,Not Applicable,Land Management,Not Applicable,Modified streams,,5.6843418860808e-14,5.6843418860808e-14
L0335,The Effect of Bed Roughness on Depth-Discharge Relations in Alluvial Channels,1962,"Simons, DB, Richardson, EV",https://doi.org/10.3133/wsp1498E,Government Report,Analysis,"Bathymetry,Water Quality,Sediment,Hydraulics","Hydraulic Equations,Laboratory Analysis,Regression",Flood risk,Sand,"Suspended,Erosion",Not Applicable,Not Applicable,Not Applicable,Not Applicable,Flood,Not Applicable,Not Applicable,Not Applicable,Not Applicable,Alluvial fans,,5.6843418860808e-14,5.6843418860808e-14
L0336,Reservoir sedimentation. Design of Small Dams,1987,"Strand, RI, Pemberton, EL",https://www.usbr.gov/tsc/techreferences/mands/mands-pdfs/SmallDams.pdf,Government Report,"Planning,Design,Construction,Operations,Maintenance,Analysis","Bathymetry,Water Quality,Sediment,Hydraulics","Hydraulic Equations,Regression","Flood risk,economics,watershed planning,Maintenance,Operations",Not Applicable,"Reservoir pool,Reservoir release",Not Applicable,Not Applicable,Not Applicable,Yes,Flood,Not Applicable,Not Applicable,"Sediment release,Silt dams,Deposition Control",Not Applicable,Not Applicable,,5.6843418860808e-14,5.6843418860808e-14
L0337,A Procedure for Computation of the Total River Sand Discharge and Detailed Distribution Bed to Surface,1968,"Toffaleti, FB",https://hdl.handle.net/11681/1822,USACE Report,"Design,Analysis","Bathymetry,Hydraulics","Hydraulic Equations,Laboratory Analysis,Sediment Transport Modeling","Flood risk,Maintenance,Operations",Sand,"Suspended,Dredging",Not Applicable,Not Applicable,Not Applicable,Not Applicable,Flood,Not Applicable,Not Applicable,Deposition control,Not Applicable,Regulated rivers,,5.6843418860808e-14,5.6843418860808e-14
L0338,Role of Ponded Turbidity Currents in ReservoirTrap Efficiency,2007,"Toniolo, H, Parker, G, Voller, V",https://doi.org/10.1061/(ASCE)0733-9429(2007)133:6(579),Journal Article,Analysis,"Bathymetry,Sediment,Hydraulics","Hydraulic Equations,Sediment Transport Modeling,Laboratory Analysis",Not Applicable,"Sand,Silt,Clay","Reservoir pool,Reservoir release,Plunge pool",Not Applicable,Not Applicable,Not Applicable,Not Applicable,Not Applicable,Not Applicable,Not Applicable,Deposition control,Not Applicable,Not Applicable,,5.6843418860808e-14,5.6843418860808e-14
L0339,Headcut advance prediction for earth spillways,1997,"Temple, D, Moore, J",https://doi.org/10.13031/2013.21314,Journal Article,Analysis,"Bathymetry,Hydraulics","Hydraulic Equations,Regression","Flood Risk,Operations","Gravel,Sand,Rock",Headcut,Not Applicable,Not Applicable,Not Applicable,Yes,"Flood,Structure Failure",Not Applicable,Not Applicable,Flood Diversion,Not Applicable,Not Applicable,,5.6843418860808e-14,5.6843418860808e-14
L0340,Bureau of Reclamation Automated Modified Einsten Proceduer (BOREMAP) Program for Computing Totaal Sediment Load,2006,"Raff, D., Holmquist-Johnson, C.L.,",,Conference Paper,Analysis,sediment,Sediment Transport Modeling,Not Applicable,"Sand,Silt,Clay",Suspended,Not Applicable,Not Applicable,Not Applicable,Not Applicable,Not Applicable,Not Applicable,Not Applicable,Not Applicable,Not Applicable,Not Applicable,,5.6843418860808e-14,5.6843418860808e-14
L0341,Equilibrium and time scales in geomorphology: Application to sand-bed alluvial streams,1982,"Howard, A.D.",https://doi.org/10.1002/esp.3290070403,Journal Article,Analysis,Not Applicable,Not Applicable,Not Applicable,Not Applicable,Not Applicable,Not Applicable,Not Applicable,Not Applicable,Not Applicable,Not Applicable,Not Applicable,Not Applicable,Not Applicable,Not Applicable,Not Applicable,,5.6843418860808e-14,5.6843418860808e-14
L0342,"Sampling Surface and Subsurface Particle-Size Distributions in Wadable Gravel- and Cobble-Bed Streams for Analysis in Sediment Transport, Hydraulics, and Streambed Monitoring.",2001,"Bunte, K., and S.R. Abt",www.fs.usda.gov/biology/nsaec/assets/rmrs-gtr-74samplingsurfandsubsufpartszdist.pdf,Government Report,Analysis,Sediment,Regression,Not Applicable,Gravel,Erosion,Not Applicable,Not Applicable,Not Applicable,Not Applicable,Not Applicable,Not Applicable,Not Applicable,Not Applicable,Upland,Not Applicable,,5.6843418860808e-14,5.6843418860808e-14
L0343,Estimating trap efficiency of small reservoirs and ponds: Methods and implications for the assessment of sediment yield,2000,"Verstraeten, G, Poesen, J",https://doi.org/10.1177/030913330002400204,Journal Article,"Planning,Analysis","Water Quality,Sediment,Hydraulics","Hydraulic Equations,Frequency Analysis,Regression","Watershed Planning,Maintenance,Operations",Suspended,"Reservoir release,Suspended",Not Applicable,Not Applicable,Not Applicable,Not Applicable,Not Applicable,Not Applicable,Not Applicable,"Flood diversion,Deposition control",Not Applicable,Not Applicable,,5.6843418860808e-14,5.6843418860808e-14
L0344,"Sediment Yield Prediction and Modelling, Hydrological Processes",2005,"White, S",https://doi.org/10.1002/hyp.6003,Journal Article,"Planning,Analysis","Water Quality,Sediment,Hydraulics",Not Applicable,"Watershed Planning,Maintenance,Operations",Suspended,"Reservoir release,Suspended",Not Applicable,Not Applicable,Not Applicable,Yes,Not Applicable,Not Applicable,Not Applicable,"Sediment release,Flood diversion,Deposition control",Not Applicable,Not Applicable,,5.6843418860808e-14,5.6843418860808e-14
L0345,Reanalysis and Correction of Bed Load Relation of Meyer-Peter and Muller Using Their Own Database,2006,"Wong, M, Parker, G",https://doi.org/10.1061/(ASCE)0733-9429(2006)132:11(1159),Journal Article,Analysis,"Bathymetry,Sediment,Hydraulics","Hydraulic Equations,Regression",Not Applicable,Bedload,Erosion,Not Applicable,Not Applicable,Not Applicable,Not Applicable,Not Applicable,Not Applicable,Not Applicable,Sediment release,Not Applicable,Not Applicable,,5.6843418860808e-14,5.6843418860808e-14
L0346,Nonuniform sediment transport in alluvial rivers,2000,"Wu, W, Wang, SSY, Jia, Y",https://doi.org/10.1080/00221680009498296,Journal Article,Analysis,"Sediment,Hydraulics","Hydraulic Equations,Sediment Transport Modeling,Regression",Not Applicable,"Bedload,Suspended","Suspended,Erosion",Not Applicable,Not Applicable,Not Applicable,Not Applicable,Not Applicable,Not Applicable,Not Applicable,"Sediment release,Deposition Control",Not Applicable,Not Applicable,,5.6843418860808e-14,5.6843418860808e-14
L0347,Critical shear stress for erosion of sand and mud mixtures,2018,"Wu, W, Perera, C, Smith,C, Sanchez, A",https://doi.org/10.1080/00221686.2017.1300195,Journal Article,Analysis,"Sediment,Hydraulics","Sediment Transport Modeling,Regression",Not Applicable,"Sand,Silt,Clay",Erosion,Not Applicable,Not Applicable,Not Applicable,Not Applicable,Not Applicable,Not Applicable,Not Applicable,Sediment release,Not Applicable,Not Applicable,,5.6843418860808e-14,5.6843418860808e-14
L0348,Laboratory Soils Testing,1970,USACE,https://www.publications.usace.army.mil/portals/76/publications/engineermanuals/em_1110-2-1906.pdf,Design Manual,"Design,Reporting,Analysis",Sediment,Not Applicable,Not Applicable,Not Applicable,Not Applicable,Not Applicable,Not Applicable,Not Applicable,Not Applicable,Not Applicable,Not Applicable,Not Applicable,Not Applicable,Not Applicable,Not Applicable,,5.6843418860808e-14,5.6843418860808e-14
L0349,Beneficial Uses of Dredged Material,1987,USACE,https://www.publications.usace.army.mil/Portals/76/Publications/EngineerManuals/EM_1110-2-5026.pdf,Design Manual,"Planning,Design,Reporting","Bathymetry,Water Quality,Sediment,Ecological,Public Participation",Not Applicable,"Economics,Maintenance,Operations","Sand,Silt,Clay",Dredging,Not Applicable,Not Applicable,Not Applicable,Not Applicable,Not Applicable,Not Applicable,Not Applicable,Beneficial use of dredged materials,"Island,Wetlands,Beach",Not Applicable,,5.6843418860808e-14,5.6843418860808e-14
L0350,Unit Stream Power Equation for Gravel,1984,"Yang, CT",https://doi.org/10.1061/(ASCE)0733-9429(1984)110:12(1783),Journal Article,Analysis,"Water Quality,Sediment,Hydraulics","Hydraulic Equations,Regression",Not Applicable,"Gravel,Bedload,Suspended","Suspended,Erosion",Not Applicable,Not Applicable,Not Applicable,Not Applicable,Not Applicable,Not Applicable,Not Applicable,"Sediment release,Deposition Control",Not Applicable,Mountain torrents,,5.6843418860808e-14,5.6843418860808e-14
L0351,Earth and Rock Surface Spillway Erosion Risk Assessment,2005,"Wibowo, JL, Yule, DE, Villanueva, E, Temple, DM",https://onepetro.org/ARMAUSRMS/proceedings-abstract/ARMA05/All-ARMA05/ARMA-05-813/117818,Conference Paper,"Maintenance,Analysis",Hydraulics,"Hydraulic Equations,Regression",Flood risk,Rock,Headcut,Not Applicable,Not Applicable,Not Applicable,Not Applicable,"Flood,Structure Failure",Not Applicable,Not Applicable,Flood diversion,Not Applicable,Not Applicable,,5.6843418860808e-14,5.6843418860808e-14
L0352,"Standard Guide for Core Sampling Submerged, Unconsolidated Sediments",2019,ASTM,https://doi.org/10.1520/D4823-95R19,Standard,"Planning,Design,Operations,Analysis",Sediment,Not Applicable,Not Applicable,Not Applicable,Reservoir pool,Not Applicable,Not Applicable,Not Applicable,Not Applicable,Not Applicable,Not Applicable,Not Applicable,Deposition control,Not Applicable,Not Applicable,,5.6843418860808e-14,5.6843418860808e-14
L0353,Standard Guide for Sampling Fluvial Sediment in Motion,2019,ASTM,https://doi.org/10.1520/D4411-03R19,Standard,"Planning,Design,Operations,Analysis","Sediment,Hydraulics",Not Applicable,Not Applicable,"Suspended,Bedload",Suspended,Not Applicable,Not Applicable,Not Applicable,Not Applicable,Not Applicable,Not Applicable,Not Applicable,Sediment release,Not Applicable,Not Applicable,,5.6843418860808e-14,5.6843418860808e-14
L0354,Standard Guide for Selection of Methods of Particle Size Analysis of Fluvial Sediments (Manual Methods).,2019,ASTM,https://doi.org/10.1520/D4822-88R19,Standard,"Planning,Design,Operations,Analysis",Sediment,Not Applicable,Not Applicable,"Gravel,Rock,Sand,Silt,Clay",Not Applicable,Not Applicable,Not Applicable,Not Applicable,Not Applicable,Not Applicable,Not Applicable,Not Applicable,"Sediment Release,Deposition Control",Not Applicable,Not Applicable,,5.6843418860808e-14,5.6843418860808e-14
L0355,Standard Practice for Classification of Soils for Engineering Purposes (Unified Soil Classification System),2025,ASTM,https://doi.org/10.1520/D2487-17R25,Standard,"Planning,Design,Construction,Operations,Analysis",Sediment,Not Applicable,Not Applicable,Not Applicable,Not Applicable,Not Applicable,Not Applicable,Not Applicable,Not Applicable,Not Applicable,Not Applicable,Not Applicable,Not Applicable,Not Applicable,Not Applicable,,5.6843418860808e-14,5.6843418860808e-14
L0356,Standard Test Method for Particle-Size Distribution (Gradation) of Fine-Grained Soils Using the Sedimentation (Hydrometer) Analysis,2021,ASTM,https://doi.org/10.1520/D7928-21E01,Standard,"Planning,Design,Operations,Analysis",Sediment,Not Applicable,Not Applicable,"Silt,Clay",Not Applicable,Not Applicable,Not Applicable,Not Applicable,Not Applicable,Not Applicable,Not Applicable,Not Applicable,"Sediment Release,Deposition Control",Not Applicable,Not Applicable,,5.6843418860808e-14,5.6843418860808e-14
L0357,Standard Test Methods for Determining Sediment Concentration in Water Samples,2019,ASTM,https://doi.org/10.1520/D3977-97R19,Standard,"Planning,Design,Operations,Analysis","Water Quality,Sediment,Hydraulics",Not Applicable,Not Applicable,"Sand,Silt,Clay",Suspended,Not Applicable,Not Applicable,Not Applicable,Not Applicable,Not Applicable,Not Applicable,Not Applicable,Sediment release,Not Applicable,Not Applicable,,5.6843418860808e-14,5.6843418860808e-14
L0358,Standard Test Methods for Particle-Size Distribution (Gradation) of Soils Using Sieve Analysis,2021,ASTM,https://doi.org/10.1520/D6913_D6913M-17,Standard,"Planning,Design,Operations,Analysis",Sediment,Not Applicable,Not Applicable,"Gravel,Rock,Sand,Silt,Clay",Not Applicable,Not Applicable,Not Applicable,Not Applicable,Not Applicable,Not Applicable,Not Applicable,Not Applicable,"Sediment Release,Deposition Control",Not Applicable,Not Applicable,,5.6843418860808e-14,5.6843418860808e-14
L0359,"Guidelines for Flood Risk Analysis and Mapping, Alluvial Fans",2016,FEMA,https://www.fema.gov/sites/default/files/2020-02/Alluvial_Fans_Guidance_Nov_2016.pdf,Government Report,"Planning,Reporting","Bathymetry,Sediment,Hydraulics",Not Applicable,"Flood risk,economics",Not Applicable,"Debris,Erosion",Not Applicable,Not Applicable,Not Applicable,Not Applicable,Flood,"Debris flow,Landslide",Not Applicable,"Sediment Release,Land Management,Deposition Control",Not Applicable,Alluvial fans,,5.6843418860808e-14,5.6843418860808e-14
L0360,"Bridge scour and stream instability countermeasures experience, selection, and design guidance",2009,FHWA,https://www.fhwa.dot.gov/engineering/hydraulics/pubs/09111/09112.pdf,Government Report,"Design,Construction,Operations,Maintenance","Bathymetry,Hydraulics",Not Applicable,"Maintenance,Operations",Not Applicable,"Bank erosion,erosion",Not Applicable,Not Applicable,Not Applicable,Not Applicable,Structure failure,Not Applicable,USA,Silt dams,Not Applicable,Modified streams,,5.6843418860808e-14,5.6843418860808e-14
L0361,FISP Technical Committee Approval of the Use of Bedload Traps in Wadeable Coarse-Bedded Streams.,2009,FISP,https://water.usgs.gov/fisp/docs/FISP_Tech_Memo_2009-1_Bedload_Traps.pdf,Design Manual,"Design,Reporting",Sediment,Not Applicable,Not Applicable,Bedload,"Suspended,Erosion",Not Applicable,Not Applicable,Not Applicable,Not Applicable,Not Applicable,Not Applicable,Not Applicable,Sediment release,Not Applicable,Not Applicable,,5.6843418860808e-14,5.6843418860808e-14
L0362,"Stream Corridor Restoration: Principles, Processes, and Practices",1998,FISRWG,https://nepis.epa.gov/Exe/ZyPURL.cgi?Dockey=50000Y7R.TXT,Government Report,"Planning,Design,Construction,Operations, Maintenance,Reporting,Analysis","Bathymetry,Water Quality,Sediment,Ecological,Public Participation,Hydraulics","Hydraulic Modeling,Ecological Modeling","Flood risk,economics,watershed planning,Maintenance,Operations",Not Applicable,Not Applicable,Yes,Yes,Yes,Yes,"Flood,drought,Structure failure,Adaptive MaNot Applicablegement","Debris flow,wildfireIIce,Landslide,Earthquake",USA,"Sediment release,dam removal,Land Management, beneficial use of dredged materials,Flood diversion,Silt dams,Deposition control,Dam raise",Multi-use,Not Applicable,,5.6843418860808e-14,5.6843418860808e-14
L0363,A Study of Methods Used in Measurement and Analysis of Sediment Loads in Streams: Report No. 12. Some Fundamentals of Particle Size Analysis.,1957,"Interagency Committee on Water Resources, Subcommittee on Sedimentation",https://water.usgs.gov/fisp/docs/Report_12.pdf,Government Report,"Reporting,Analysis","Water Quality,Sediment",Not Applicable,Not Applicable,Sand,Suspended,Not Applicable,Not Applicable,Not Applicable,Not Applicable,Not Applicable,Not Applicable,USA,Deposition control,Not Applicable,Not Applicable,,5.6843418860808e-14,5.6843418860808e-14
L0364,Environmentally Sensitive Channel and Bank Protection Measures,2004,National Cooperative Highway Research Program (NCHRP),https://doi.org/10.17226/13556,Government Report,"Design,Construction","Bathymetry,Water Quality,Ecological,Hydraulics",Not Applicable,"Flood risk,Maintenance",Not Applicable,"Bank erosion,erosion",Yes,Yes,Yes,Not Applicable,Not Applicable,Not Applicable,USA,"Sediment release,Land Management",Not Applicable,Modified streams,,5.6843418860808e-14,5.6843418860808e-14
L0365,Earth Spillway Erosion Model,1997,USDA,https://directives.nrcs.usda.gov//sites/default/files2/1720458817/Chapter%2051%20-%20Earth%20Spillway%20Erosion%20Model.pdf,Design Manual,"Operations,Maintenance,Analysis","Bathymetry,Sediment,Hydraulics","Hydraulic Modeling,Sediment Transport Modeling","Flood risk,Operations",Not Applicable,"Headcut,Erosion,Emergency Spillway,Plunge Pool",Not Applicable,Not Applicable,Not Applicable,Yes,"Flood,Structure Failure",Not Applicable,USA,Flood diversion,Not Applicable,Not Applicable,,5.6843418860808e-14,5.6843418860808e-14
L0366,Field Procedures Guide for the Headcut Erodibility Index,2001,USDA,https://directives.nrcs.usda.gov//sites/default/files2/1720458844/Chapter%2052%20-%20Field%20Procedures%20Guide%20for%20the%20Headcut%20Erodibility%20Index.pdf,Design Manual,"Design,Operations,Maintenance,Analysis","Bathymetry,Sediment,Hydraulics","Hydraulic Equations,Regression","Flood risk,Operations","Cohesive,Rock","Headcut,Erosion,Emergency Spillway",Not Applicable,Not Applicable,Not Applicable,Not Applicable,"Flood,Structure Failure",Not Applicable,USA,Flood diversion,Not Applicable,Not Applicable,,5.6843418860808e-14,5.6843418860808e-14
L0367,Whole-Process Modeling of Reservoir Turbidity Currents by a Double Layer-Averaged Model,2014,"Cao, Z., J. Li, G. Pender , and Q. Liu",https://ascelibrary.org/doi/10.1061/%28ASCE%29HY.1943-7900.0000951,Journal,Analysis,"Sediment,Hydraulic",Sediment transport,Operations,Suspended,Suspended,Not Applicable,Not Applicable,Not Applicable,Yes,N/A,Not Applicable,ChiNot Applicable,Land MaNot Applicablegment,N/A,"Braided,Meandering,Modified,Delta",,5.6843418860808e-14,5.6843418860808e-14
L0368,Review of Ice-Induced Scour Impacts to Navigation and Structures,2017,"Carr, M., and T. Dahl",https://erdc-library.erdc.dren.mil/jspui/bitstream/11681/22764/1/ERDC%20SR-17-3.pdf,USACE Report,Analysis,Sediment,Not Applicable,Operations,"Sands,Suspended,gravel",Erosion,Not Applicable,Not Applicable,Not Applicable,Yes,Sturcture failure,Not Applicable,"USA,ChiNot Applicable",Not Applicable,Not Applicable,Not Applicable,,5.6843418860808e-14,5.6843418860808e-14
L0369,A Global Survey of Sediment Yield,1988,"Jansson, MB",https://doi.org/10.1080/04353676.1988.11880241,Journal Article,"Reporting,Analysis","Sediment,Hydraulics",Regression,Watershed planning,Suspended,Suspended,Not Applicable,Not Applicable,Not Applicable,Not Applicable,Not Applicable,"Earthquake,Volcanos",Worldwide,"Sediment release,Land Management",Multi-use,Not Applicable,,5.6843418860808e-14,5.6843418860808e-14
L0370,"Identifying, planning, and financing beneficial use projects using dredged material: Beneficial use planning manual",2007,US Environmental Protection Agency (USEPA)/USACE,https://www.epa.gov/sites/production/files/2015-08/documents/identifying_planning_and_financing_beneficial_use_projects.pdf,USACE Report,"Planning,Design,Construction,Operations","Bathymetry,Water Quality,Sediment,Ecological,Public Participation,Hydraulics",Not Applicable,"Flood risk,economics,watershed planning,Maintenance,Operations",Not Applicable,Dredging,Yes,Yes,Yes,Yes,Adaptive MaNot Applicablegement,Not Applicable,USA,Beneficial use of dredged materials,Not Applicable,Not Applicable,,5.6843418860808e-14,5.6843418860808e-14
L0371,Bendway Weir Riprap Sizing Criteria,2016,"Abt, SR, Scurlock, SM, Thornton, CI, Cox, AL, Holste, NJ",https://doi.org/10.1061/(ASCE)HY.1943-7900.0001209,Journal Article,"Design,Construction,Operations,Reporting,Analysis","Bathymetry,Sediment,Hydraulics","Hydraulic Equations,Laboratory Analysis",Operations,Rock,Bank erosion,Not Applicable,Not Applicable,Not Applicable,Not Applicable,"Flood,drought",Not Applicable,New Mexico,Flood diversion,Urban,Not Applicable,,5.6843418860808e-14,5.6843418860808e-14
L0372,"Bioengineering for Streambank Erosion Control, Report 1, Guidelines",1997,"Allen, HH, Leech, JR",https://hdl.handle.net/11681/9983,ERDC TN,"Planning,Design,Construction,Operations, Maintenance,Reporting","Bathymetry,Sediment,Ecological,Hydraulics",Not Applicable,"Flood risk,watershed planning,Operations",Not Applicable,"Bank erosion,erosion",Yes,Yes,Yes,Yes,"Flood,drought",Not Applicable,"USA,Europe","Sediment release,Flood diversion",Multi-use,"Modified streams,Cohesive channels",,5.6843418860808e-14,5.6843418860808e-14
L0373,Extending the Life of Reservoirs: Sustainable Sediment Management for Dams and Run-of-River Hydropower,2016,"Annandale, GW, Morris, GL, Karki, P",http://documents.worldbank.org/curated/en/794841476187802040,Book,"Planning,Design,Construction,Operations, Maintenance,Reporting,Analysis","Bathymetry,Water Quality,Sediment,Ecological,Hydraulics",Not Applicable,"Flood risk,economics,watershed planning,Maintenance,Operations",Not Applicable,"Bank erosion,Headcut,Reservoir pool,Reservoir release,Suspended,Debris,Erosion,Emergency Spillway,Plunge Pool,Dredging",Not Applicable,Not Applicable,Not Applicable,Yes,"Flood,drought,Structure failure,Adaptive MaNot Applicablegement",Not Applicable,Worldwide,"Sediment release,dam removal,Land Management, beneficial use of dredged materials,Flood diversion,Silt dams,Deposition control,Dam raise",Multi-use,Not Applicable,,5.6843418860808e-14,5.6843418860808e-14
L0374,Status and trends of dam removal research in the United States,2017,"Bellmore, JR, Duda, JJ, Craig, LS, Greene, SL, Torgersen, CE, Collins MJ, Vittum, K",https://doi.org/10.1002/wat2.1164,Journal Article,Reporting,"Bathymetry,Water Quality,Sediment,Ecological,Hydraulics",Frequency Analysis,watershed planning,Not Applicable,Reservoir release,Yes,Yes,Yes,Yes,Structure failure,Not Applicable,USA,Dam Removal,Not Applicable,Not Applicable,,5.6843418860808e-14,5.6843418860808e-14
L0375,A Simplified Analytic Investigation of the Riverside Effects of Sediment Diversions,2013,"Brown, GL, Letter, JV, Heath, RE, McAdory, R, Wehmeyer, LL, Gunkel, BL",https://hdl.handle.net/11681/2024,ERDC TN,"Operations,Maintenance,Analysis","Bathymetry,Water Quality,Sediment,Ecological,Hydraulics",Hydraulic Equations,"Flood risk,Watershed Planning,Maintenance,Operations","Sand,Suspended,Bedload,Silt,Clay","Reservoir release,Suspended",Not Applicable,Not Applicable,Not Applicable,Yes,Flood,Not Applicable,LouisiaNot Applicable,"Land Management,Flood diversion",Wetlands,"Regulated rivers,Deltas",,5.6843418860808e-14,5.6843418860808e-14
L0376,Model Similitude - Extended for Active Sediment Transport PAP-450,1983,"Dodge, RA",https://www.usbr.gov/tsc/techreferences/hydraulics_lab/pubs/PAP/PAP-0450.pdf,Government Report,Analysis,"Bathymetry,Sediment,Hydraulics","Hydraulic Equations,Regression",Operations,"Suspended,Bedload","Suspended,Erosion",Not Applicable,Not Applicable,Not Applicable,Yes,Not Applicable,Not Applicable,Not Applicable,Not Applicable,Not Applicable,Not Applicable,,5.6843418860808e-14,5.6843418860808e-14
L0377,Field Methods for Measurement of Fluvial Sediment,1988,"Edwards, TK, Glysson, GD",https://pubs.usgs.gov/of/1986/0531/report.pdf,Government Report,"Design,Reporting,Analysis","Water Quality,Sediment,Hydraulics",Not Applicable,Not Applicable,"Suspended,Bedload","Reservoir pool,Suspended,Erosion",Not Applicable,Not Applicable,Not Applicable,Not Applicable,Not Applicable,Ice,Not Applicable,"Sediment Release,Deposition Control",Not Applicable,Not Applicable,,5.6843418860808e-14,5.6843418860808e-14
L0378,Field Methods for Measurement of Fluvial Sediment,1999,"Edwards, TK, Glysson, GD",https://pubs.usgs.gov/twri/twri3-c2/pdf/TWRI_3-C2.pdf,Government Report,"Design,Reporting,Analysis","Water Quality,Sediment,Hydraulics",Not Applicable,Not Applicable,"Suspended,Bedload","Reservoir pool,Suspended,Erosion",Not Applicable,Not Applicable,Not Applicable,Not Applicable,Not Applicable,Ice,Not Applicable,"Sediment Release,Deposition Control",Not Applicable,Not Applicable,,5.6843418860808e-14,5.6843418860808e-14
L0379,Transport of Sediment Mixtures with Large Ranges of Grain Sizes,1953,"Einstein, HA, Chien, N",https://usace.contentdm.oclc.org/digital/api/collection/p266001coll1/id/7591/download,Government Report,Analysis,"Sediment,Hydraulics","Hydraulic Equations,Sediment Transport Modeling,Regression",Not Applicable,"Gravel,Sand,Suspended,Bedload,Silt,Clay","Suspended,Erosion",Not Applicable,Not Applicable,Not Applicable,Not Applicable,Not Applicable,Not Applicable,Not Applicable,"Sediment Release,Deposition Control",Not Applicable,Regulated rivers,,5.6843418860808e-14,5.6843418860808e-14
L0380,Methods for Estimating Sediment Transport in Ice-Covered Channels,2000,"Ettema, R, Braileanu, F, Muste, M",https://doi.org/10.1061/(ASCE)0887-381X(2000)14:3(130),Journal Article,Analysis,"Sediment,Hydraulics","Hydraulic Equations,Laboratory Analysis,Regression",Operations,"Suspended,Bedload","Suspended,Erosion",Not Applicable,Not Applicable,Not Applicable,Not Applicable,Not Applicable,Ice,Not Applicable,"Sediment Release,Deposition Control",Not Applicable,Not Applicable,,5.6843418860808e-14,5.6843418860808e-14
L0381,Ice Effects on Sediment Transport in Rivers,2008,"Ettema, R",https://doi.org/10.1061/9780784408148.ch13,Book,"Planning,Design,Reporting,Analysis","Bathymetry,Sediment,Hydraulics","Hydraulic Equations,Sediment Transport Modeling,Regression",Operations,"Suspended,Bedload","Suspended,Erosion",Not Applicable,Not Applicable,Not Applicable,Not Applicable,Not Applicable,Ice,Not Applicable,"Sediment Release,Deposition Control",Not Applicable,Not Applicable,,5.6843418860808e-14,5.6843418860808e-14
L0382,Particle Size Analysis: A comparative study of various methods,1995,"Etzler, FM, Sanderson, MS",https://doi.org/10.1002/ppsc.19950120503,Journal Article,"Reporting,Analysis",Sediment,"Laboratory Analysis,Frequency Analysis",Not Applicable,"Silt,Clay",Not Applicable,Not Applicable,Not Applicable,Not Applicable,Not Applicable,Not Applicable,Not Applicable,Not Applicable,Not Applicable,Not Applicable,Not Applicable,,5.6843418860808e-14,5.6843418860808e-14
L0383,Sediment Sampling and Analysis for Stream Restoration Projects,2007,"Fischenich, C, Little, C",https://hdl.handle.net/11681/3972,ERDC TN,"Planning,Design,Construction,Operations, Maintenance,Reporting,Analysis","Bathymetry,Water Quality,Sediment,Ecological,Hydraulics","Hydraulic Equations,Frequency Analysis","Flood risk,watershed planning,Maintenance,Operations","Gravel,Sand,Rock,Silt,Clay","Bank erosion,Suspended,Erosion",Not Applicable,Not Applicable,Not Applicable,Not Applicable,Not Applicable,Not Applicable,USA,"Sediment Release,Deposition Control",Not Applicable,Modified Streams,,5.6843418860808e-14,5.6843418860808e-14
L0384,Sediment Transport and Morphodynamics,2008,"García, MH",https://doi.org/10.1061/9780784408148.ch02,Book,"Planning,Design,Construction,Operations, Maintenance,Reporting,Analysis","Bathymetry,Water Quality,Sediment,Hydraulics","Hydraulic Equations,Sediment Transport Modeling,Regression",Operations,"Cohesive,Gravel,Sand,Suspended,Rock,Bedload,Woody Particles,Silt,Clay","Bank erosion,Reservoir pool,Reservoir release,Suspended,Debris,Erosion",Not Applicable,Not Applicable,Not Applicable,Not Applicable,MA,Debris flow,Worldwide,"Sediment release,Land Management,Deposition control",Not Applicable,"Mountain torrents,Alluvial fans,Deltas",,5.6843418860808e-14,5.6843418860808e-14
L0385,Temporal variation in bedload transport rates associated with the migration of bedforms,2006,"Gomez, B, Naff, RL, Hubbell, DW",https://doi.org/10.1002/esp.3290140205,Journal Article,Analysis,"Bathymetry,Sediment,Hydraulics","Hydraulic Equations,Laboratory Analysis,Sediment Transport Modeling,Frequency Analysis",Not Applicable,"Gravel,Sand,Bedload",Erosion,Not Applicable,Not Applicable,Not Applicable,Not Applicable,Not Applicable,Not Applicable,Not Applicable,"Sediment Release,Deposition Control",Not Applicable,Not Applicable,,5.6843418860808e-14,5.6843418860808e-14
L0386,Economic and Environmental Principles and Guidelines for Water Related Land Resources Implementation Studies,1983,Water Resource Council,https://planning.erdc.dren.mil/toolbox/library/Guidance/Principles_Guidelines.pdf,Government Report,"Planning,Design,Reporting","Ecological,Public Participation",Not Applicable,"Economics,Watershed planning",Not Applicable,Not Applicable,Yes,Yes,Yes,Not Applicable,Not Applicable,Not Applicable,USA,Land Management,"Urban,forestry,Wetlands,Agriculture",Not Applicable,,5.6843418860808e-14,5.6843418860808e-14
L0387,Transport Relationships between Bedload Traps and a 3-inch Helley-Smith Sampler in Coarse Gravel-Bed Streams and Development of Adjustment Functions,2009,"Bunte, K, Abt, SR",https://water.usgs.gov/fisp/docs/091221_Bunte_and_Abt_Trap_HS_comparison_and_adjustment_functions_final.pdf,Government Report,"Planning,Design,Reporting,Analysis","Sediment,Hydraulics","Hydraulic Equations,Regression",Not Applicable,"Gravel,Bedload","Suspended,Erosion",Not Applicable,Not Applicable,Not Applicable,Not Applicable,Not Applicable,Not Applicable,"Northern Rocky Mountains, USA","Sediment Release,Deposition Control",Forestry,Mountain torrents,,5.6843418860808e-14,5.6843418860808e-14
L0388,Discharge of Sands and Mean Velocity Relationships in Sand,1964,"Colby, B.R",https://doi.org/10.3133/pp462A,Government Report,Analysis,Sediment,"Regression,Sediment Transport Modeling",Not Applicable,"Suspended,Sand","Suspended , Erosion",Not Applicable,Not Applicable,Not Applicable,Not Applicable,Not Applicable,Not Applicable,USA,Not Applicable,Not Applicable,Not Applicable,,5.6843418860808e-14,5.6843418860808e-14
L0389,$Analysis and use of reservoir sedimentation data,1948,"Churchill, M.A",https://acwi.gov/sos/pubs/1stFISC/1Fisc-3.pdf,,,,,,,,,,,,,,,Not Applicable,,,,5.6843418860808e-14,5.6843418860808e-14
L0390,"Alluvial Sediments, In Sedimentary Environments and Facies",1978,"Collinson, J.D",https://doi.org/10.1017/S0016756800044113,Book,Analysis,Not Applicable,Not Applicable,Not Applicable,"Gravel,Sand,Bedload , Silt,Clay","Suspended , Erosion",Not Applicable,Not Applicable,Not Applicable,Not Applicable,Not Applicable,Not Applicable,Not Applicable,Not Applicable,Not Applicable,"Fans , braided river , meandering ,deltas",,5.6843418860808e-14,5.6843418860808e-14
L0391,$Physical geomorphology of debris flows.,1984,"Costa, J.E.",https://link.springer.com/chapter/10.1007%2F978-3-642-69759-3_9,,,,,,,,,,,,,,,Not Applicable,,,,5.6843418860808e-14,5.6843418860808e-14
L0392,"Suspended Sediment Samplers and Sampling Methods, Chapter 5.3 in Sedimentation Engineering, Processes, Measurements, Modeling, and Practice. ASCE Manuals and Reports on Engineering Practice No. 110",2008,"Gray, J., D. Glysson, and T. Edwards",https://doi.org/10.1061/9780784408148.ch05,,Methods,Not Applicable,Regression,Not Applicable,"Sand , Suspended,bedloa",Erosion,Not Applicable,Not Applicable,Not Applicable,Not Applicable,Not Applicable,Not Applicable,,Not Applicable,Not Applicable,Not Applicable,,5.6843418860808e-14,5.6843418860808e-14
L0393,Forest roads: A synthesis of scientific information,2001,"Gucinski, H, Furniss, MJ, Ziemer, RR, Brookes, MH",https://www.fs.usda.gov/research/treesearch/7769,Government Report,"Planning,Operations,Maintenance,Analysis","Water Quality,Sediment,Ecological,Public Participation,Hydraulics",Not Applicable,"Economics,Watershed planning,Maintenance,Operations",Woody particles,"Suspended,Debris,Erosion",Yes,Yes,Yes,Not Applicable,Not Applicable,"Debris flow,wildfire,landslide",Northwest USA,Land Management,forestry,Mountain torrents,,5.6843418860808e-14,5.6843418860808e-14
L0394,Laboratory Theory and Methods for Sediment Analysis,1969,"Guy, HP",https://doi.org/10.3133/twri05C1,Government Report,"Reporting,Analysis",Sediment,Not Applicable,Not Applicable,"Suspended,Bedload","Suspended,Erosion",Not Applicable,Not Applicable,Not Applicable,Not Applicable,Not Applicable,Not Applicable,Not Applicable,Not Applicable,Not Applicable,Not Applicable,,5.6843418860808e-14,5.6843418860808e-14
L0395,Surface erodibility of earthen channels at high stresses. Part II-developing an in-situ testing device,1990,"Hanson, GJ",https://doi.org/10.13031/2013.31306,Journal Article,"Design,Analysis","Sediment,Hydraulics",Regression,Not Applicable,Not Applicable,"Headcut,Emergency Spillway,Erosion",Not Applicable,Not Applicable,Not Applicable,Not Applicable,Structure failure,Not Applicable,Not Applicable,Not Applicable,Not Applicable,Not Applicable,,5.6843418860808e-14,5.6843418860808e-14
L0396,Development of a jet index to characterize erosion resistance of soils in earthen spillways,1991,"Hanson, GJ",https://doi.org/10.13031/2013.31831,Journal Article,"Design,Analysis","Sediment,Hydraulics",Regression,Operations,Cohesive,"Headcut,Emergency Spillway,Erosion",Not Applicable,Not Applicable,Not Applicable,Not Applicable,Structure failure,Not Applicable,Not Applicable,Not Applicable,Not Applicable,Not Applicable,,5.6843418860808e-14,5.6843418860808e-14
L0397,Development of excess shear stress parameters for circular jet testing,1997,"Hanson, GJ, Cook, KR",https://www.bae.ksu.edu/watershed/other/jetworkshop/Hanson%20and%20Cook%201997.pdf,Conference Paper,"Design,Analysis","Sediment,Hydraulics",Not Applicable,Operations,Not Applicable,"Headcut,Emergency Spillway,Erosion",Not Applicable,Not Applicable,Not Applicable,Not Applicable,Structure failure,Not Applicable,Not Applicable,Not Applicable,Not Applicable,Not Applicable,,5.6843418860808e-14,5.6843418860808e-14
L0398,Debris flow modeling: A review,1996,"Hutter, K, Svendsen, B, Rickenmann, D",https://doi.org/10.1007/BF01175749,Journal Article,Analysis,"Sediment,Hydraulics",Sediment Transport Modeling,Flood risk,Not Applicable,Debris,Not Applicable,Not Applicable,Not Applicable,Not Applicable,Flood,Debris flow,Not Applicable,"Sediment release,Deposition control",Not Applicable,"Mountain torrents,Alluvial fans",,5.6843418860808e-14,5.6843418860808e-14
L0399,"Quality assurance plan for the collection and processing of sediment data by the U.S. Geological Survey, Water Resources Division",1993,"Knott, JM, Glysson, GD, Malo, BA, Schroeder, LJ",https://doi.org/10.3133/ofr92499,Government Report,Reporting,Sediment,Laboratory analysis,Not Applicable,"Gravel,Sand,Rock,Silt,Clay",Not Applicable,Not Applicable,Not Applicable,Not Applicable,Not Applicable,Not Applicable,Not Applicable,Not Applicable,Not Applicable,Not Applicable,Not Applicable,,5.6843418860808e-14,5.6843418860808e-14
L0400,Bed-Surface Size Changes in Gravel-Bed Channel,1989,"Kuhnle, RA",https://doi.org/10.1061/(ASCE)0733-9429(1989)115:6(731),Journal Article,Analysis,Sediment,"Laboratory analysis,Regression",Not Applicable,"Gravel,Bedload",Erosion,Not Applicable,Not Applicable,Not Applicable,Not Applicable,Not Applicable,Not Applicable,Not Applicable,"Sediment release,Deposition control",Not Applicable,Not Applicable,,5.6843418860808e-14,5.6843418860808e-14
L0401,The accuracy of hydrometer analysis for fine-grained particles,2000,"Lu, N, Ristow, G, Likos, W",https://doi.org/10.1520/GTJ11069J,Journal Article,"Reporting,Analysis",Sediment,Laboratory analysis,Not Applicable,"Suspended,Clay",Suspended,Not Applicable,Not Applicable,Not Applicable,Not Applicable,Not Applicable,Not Applicable,Not Applicable,Not Applicable,Not Applicable,Not Applicable,,5.6843418860808e-14,5.6843418860808e-14
L0402,Physical properties and mechanics of hyperconcentrated sediment flows,1985,"O'Brien, JS, Julien, PY",https://www.engr.colostate.edu/~pierre/ce_old/Projects/Paperspdf/O%27Brien-Julien%20UtahPDF.pdf,Conference Paper,Analysis,"Sediment,Hydraulics","Hydraulic Equations,Regression",Flood risk,"Suspended,Gravel,Sand,Silt","Suspended,Debris",Not Applicable,Not Applicable,Not Applicable,Not Applicable,Flood,Debris flow,"Colorado,Utah",Deposition control,Not Applicable,Mountain torrents,,5.6843418860808e-14,5.6843418860808e-14
L0403,Sediment Transport Technology: Water and Sediment Dynamics,1992,"Simons, DB, Sentürk, F",https://www.wrpllc.com/books/stt.html,Book,"Planning,Design,Operations,Maintenance,Reporting,Analysis","Bathymetry,Sediment,Public Participation,Hydraulics","Hydraulic Equations,Hydraulic Modeling,Laboratory Analysis,Sediment Transport Modeling,Regression","Flood risk,economics,watershed planning,Maintenance,Operations","Cohesive,Gravel,Sand,Suspended,Rock,Bedload,Flocculation,Woody Particles,Silt,Clay","Suspended,Erosion",Not Applicable,Not Applicable,Not Applicable,Not Applicable,"Flood,drought,Adaptive MaNot Applicablegement",Not Applicable,Not Applicable,"Sediment release,Deposition control",Not Applicable,"Mountain torrents,Alluvial fans,Meandering rivers,Modified streams,Regulated rivers,Deltas,Cohesive channels",,5.6843418860808e-14,5.6843418860808e-14
L0404,Separation of bedload and suspended load with modified high shear stress flume,2001,"Roberts, J, Jepsen, R",https://doi.org/10.2172/789249,Government Report,Analysis,"Sediment,Hydraulics",Laboratory Analysis,Not Applicable,"Cohesive,Suspended,Bedload,Silt,Clay","Suspended,Erosion",Not Applicable,Not Applicable,Not Applicable,Not Applicable,Not Applicable,Not Applicable,Not Applicable,Sediment release,Not Applicable,Cohesive channels,,5.6843418860808e-14,5.6843418860808e-14
L0405,Effects of suspended sediment on aquatic organisms. A literature review and database effort,2025,"Krupa, PM, Kennedy, AJ, McQueen, AD, Wilkens, JL",https://erdc-library.erdc.dren.mil/bitstreams/f862fe2e-b28e-4fc9-8cda-11147f3ed848/download,ERDC TN,Analysis,"Water Quality,Sediment,Ecological",Not Applicable,Not Applicable,Suspended,"Suspended,Dredging",Not Applicable,Yes,Yes,Not Applicable,Not Applicable,Not Applicable,Not Applicable,Not Applicable,Not Applicable,Not Applicable,,5.6843418860808e-14,5.6843418860808e-14
L0406,"Next-generation water quality monitoring during dredging operations. Knowns, unknowns and path forward",2024,"Kennedy, AJ, Schultz, MT, Krupa, PM, Moore, D, Melby, N, McQueen, AD, Wilkens, JL, Bonine, N, Davis, RD",https://erdc-library.erdc.dren.mil/items/e3cf6c17-ce41-4bf3-aadf-497811025d31,ERDC TR,"Operations,Analysis","Water Quality,Sediment",Regression,Not Applicable,Suspended,"Suspended,Dredging",Not Applicable,Not Applicable,Not Applicable,Not Applicable,Not Applicable,Not Applicable,Not Applicable,Not Applicable,Not Applicable,Not Applicable,,5.6843418860808e-14,5.6843418860808e-14
L0407,International Water Power Dam Construction,2011,"Annandale, GW",https://www.waterpowermagazine.com/analysis/going-full-circle/,Journal Article,Planning,Not Applicable,Not Applicable,"Watershed planning,Maintenance,Operations",Not Applicable,Not Applicable,Not Applicable,Not Applicable,Not Applicable,Not Applicable,Not Applicable,Not Applicable,Not Applicable,"Sediment release,Land Management,Silt dams",Not Applicable,Not Applicable,,5.6843418860808e-14,5.6843418860808e-14
L0408,Quenching the Thirst: Sustainable Water Supply and Climate Change,2013,"Annandale, GW",https://www.hydropower.org/sediment-management-resources/publication-quenching-the-thirst-sustainable-water-supply-and-climate-change,Book,Planning,Not Applicable,Not Applicable,"Economics,Watershed Planning",Not Applicable,Not Applicable,Not Applicable,Not Applicable,Not Applicable,Not Applicable,"Flood,drought,Adaptive MaNot Applicablegement",Not Applicable,Not Applicable,"Sediment release,Land Management,Flood diversion,Silt dams,Deposition control",Not Applicable,Not Applicable,,5.6843418860808e-14,5.6843418860808e-14
L0409,Erosion rates of cohesive soils,1978,"Ariathurai, CR, Arulanandan, K",https://doi.org/10.1061/JYCEAJ.0004937,Journal Article,Analysis,"Sediment,Hydraulics,Erosion",Laboratory Analysis,Not Applicable,Cohesive,Erosion,Not Applicable,Not Applicable,Not Applicable,Not Applicable,Not Applicable,Not Applicable,Not Applicable,Not Applicable,Not Applicable,Not Applicable,,5.6843418860808e-14,5.6843418860808e-14
L0410,A manifesto for the equifinality thesis,2006,"Beven, K",https://www.sciencedirect.com/science/article/pii/S002216940500332X,Journal Article,Analysis,Not Applicable,Hydraulic Modeling,Not Applicable,Not Applicable,Not Applicable,Not Applicable,Not Applicable,Not Applicable,Not Applicable,Not Applicable,Not Applicable,Not Applicable,Not Applicable,Not Applicable,Not Applicable,,5.6843418860808e-14,5.6843418860808e-14
L0411,"Prophecy, reality and uncertainty in distributed hydrological modeling, Advances in Water Resources",1993,"Beven, K",https://www.sciencedirect.com/science/article/pii/030917089390028E,Journal Article,Analysis,Not Applicable,Hydraulic Modeling,Not Applicable,Not Applicable,Not Applicable,Not Applicable,Not Applicable,Not Applicable,Not Applicable,Not Applicable,Not Applicable,Not Applicable,Not Applicable,Not Applicable,Not Applicable,,5.6843418860808e-14,5.6843418860808e-14
L0412,Hyperconcentrations of suspended sediment,1964,"Beverage, JP, Culbertson, JK",https://ascelibrary.org/doi/abs/10.1061/JYCEAJ.0001128,Journal Article,Analysis,Sediment,Not Applicable,Not Applicable,Suspended,Suspended,Not Applicable,Not Applicable,Not Applicable,Not Applicable,Not Applicable,Not Applicable,Semiarid southwestern US,Not Applicable,Not Applicable,Not Applicable,,5.6843418860808e-14,5.6843418860808e-14
L0413,"Watershed Sediment Yield (Chapter 17 in Sedimentation Engineering, Processes, Measurements, Modeling, and Practice. ASCE Manuals and Reports on Engineering Practice)",2008,"Borah, DK, Krug, EC, Yoder, D",https://ascelibrary.org/doi/epdf/10.1061/9780784408148,Book,Design,Not Applicable,"Hydraulic Equations,Hydraulic Modeling,Sediment Transport Modeling",,Not Applicable,Not Applicable,Not Applicable,Not Applicable,Not Applicable,Not Applicable,Not Applicable,Not Applicable,Not Applicable,Not Applicable,Not Applicable,Not Applicable,,5.6843418860808e-14,5.6843418860808e-14
L0414,"Calculations of Suspended Load Discharge from Velocity, and Concentration Parameters",1963,"Brooks, NH",https://usace.contentdm.oclc.org/digital/collection/p266001coll1/id/10017/,Conference Paper,Analysis,"Sediment,Hydraulics","Hydraulic Equations,Laboratory Analysis,Sediment Transport Modeling",Not Applicable,"Sand,Suspended",Suspended,Not Applicable,Not Applicable,Not Applicable,Not Applicable,Not Applicable,Not Applicable,Not Applicable,Not Applicable,Not Applicable,Not Applicable,,5.6843418860808e-14,5.6843418860808e-14
L0415,A simple Approach to Distinguish Land-use and Climate-change Effects on Watershed Hydrology,2009,"Tomer, MD, Schilling, KE",https://doi.org/10.1016/j.jhydrol.2009.07.029,Journal Article,Analysis,"Hydraulics,Land Use",Hydraulic Equations,Watershed Planning,Not Applicable,Not Applicable,Yes,Not Applicable,Not Applicable,Not Applicable,Not Applicable,Not Applicable,"Midwest,Agricultural",Not Applicable,Agriculture,Not Applicable,,5.6843418860808e-14,5.6843418860808e-14
L0416,Transfer Function for the Deposition of Poorly Sorted Gravel in Response to Streambed Aggradation,1996,"Toro-Escobar, CE, Parker, G, Paola, C",https://doi.org/10.1080/00221689609498763,Journal Article,Analysis,Sediment,"Laboratory Analysis,Sediment Transport Modeling",Not Applicable,"Gravel,Sand",Bedload,Not Applicable,Not Applicable,Not Applicable,Not Applicable,Not Applicable,Not Applicable,Not Applicable,Not Applicable,Not Applicable,Not Applicable,,5.6843418860808e-14,5.6843418860808e-14
L0417,Contribution of stream channel erosion to sediment yield from an urbanizing watershed,1997,"Trimble, SW",https://doi.org/10.1126/science.278.5342.1442,Journal Article,Analysis,Bathymetry,Not Applicable,Not Applicable,Not Applicable,Bank erosion,Not Applicable,Not Applicable,Not Applicable,Not Applicable,Not Applicable,Not Applicable,Not Applicable,Not Applicable,Urban,Not Applicable,,5.6843418860808e-14,5.6843418860808e-14
L0418,Flow Control to Manage River Ice,1999,"Tuthill, AM",https://apps.dtic.mil/sti/pdfs/ADA366402.pdf,ERDC TN,Operations,Ice,Hydraulic Modeling,Operations,Not Applicable,Not Applicable,Yes,Not Applicable,Not Applicable,Not Applicable,"Flood,Structure failure,Adaptive MaNot Applicablegement",Ice,"Northern, ice-affected rivers",Not Applicable,Not Applicable,Regulated rivers,,5.6843418860808e-14,5.6843418860808e-14
L0419,Ice Engineering: Methods to Evaluate Potential for Ice Impacts on Sediment Stability,2005,"Tuthill, AM, White, KD",http://hdl.handle.net/11681/2598,ERDC TN,Planning,Ice,Not Applicable,Not Applicable,Not Applicable,"Bank erosion,Erosion",Not Applicable,Not Applicable,Not Applicable,Not Applicable,"Flood,ContamiNot Applicableted Sediment Transport",Ice,ice-affected rivers,Not Applicable,Not Applicable,Not Applicable,,5.6843418860808e-14,5.6843418860808e-14
L0420,Probability Distributions for Peak Stages on Rivers Affected by Ice Jams,1996,"Tuthill, AM, Wuebben, JL, Daly, SF, White, KD",https://doi.org/10.1061/(ASCE)0887-381X(1996)10:1(36),Journal Article,"Planning,Analysis","Bathymetry,Hydraulics,Ice","Hydraulic Equations,Hydraulic Modeling,Frequency Analysis",Flood risk,Not Applicable,Not Applicable,Not Applicable,Not Applicable,Not Applicable,Not Applicable,Flood,Ice,ice-affected rivers,Not Applicable,Not Applicable,Not Applicable,,5.6843418860808e-14,5.6843418860808e-14
L0421,Hydraulic and Physical Properties Affecting Ice Jams,1999,"White, KD",https://apps.dtic.mil/sti/pdfs/ADA375289.pdf,ERDC TN,Analysis,Ice,"Hydraulic Equations,Hydraulic Modeling,Frequency Analysis",Not Applicable,Not Applicable,Not Applicable,Not Applicable,Not Applicable,Not Applicable,Not Applicable,"Flood,Structure failure",Ice,ice-affected rivers,Not Applicable,Not Applicable,Not Applicable,,5.6843418860808e-14,5.6843418860808e-14
L0422,Impacts of Dam Removal on Riverine Ice Regime,2002,"White, KD, Moore, JN",https://doi.org/10.1061/(ASCE)0887-381X(2002)16:1(2),Journal Article,Planning,Not Applicable,Not Applicable,Flood risk,Not Applicable,"Bank erosion,Suspended,Erosion",Not Applicable,Not Applicable,Not Applicable,Not Applicable,"Flood,ContamiNot Applicableted Sediment Transport",Ice,ice-affected rivers,dam removal,Not Applicable,Not Applicable,,5.6843418860808e-14,5.6843418860808e-14
L0423,Surface-Based Fractional Transport Rates: Mobilization Thresholds and Partial Transport of a Sand-Gravel Sediment,1993,"Wilcock, PR, McArdell, BW",https://doi.org/10.1029/92WR02748,Journal Article,Analysis,"Sediment,Hydraulics","Hydraulic Equations,Laborabory Analysis",Not Applicable,"Gravel,Sand",Bedload,Not Applicable,Not Applicable,Not Applicable,Not Applicable,Not Applicable,Not Applicable,Not Applicable,Not Applicable,Not Applicable,Not Applicable,,5.6843418860808e-14,5.6843418860808e-14
L0424,Examination of Stage-Discharge Relationships of Compound/Composite Channels,1989,"Williams, DT, Julien, PY",https://books.google.com/books/about/Proceedings_of_the_International_Confere.html?id=3H1jSwAACAAJAJ,Conference Paper,"Analysis,Methods",Not Applicable,"Hydraulic Equations,Hydraulic Modeling",Not Applicable,Not Applicable,Not Applicable,Not Applicable,Not Applicable,Not Applicable,Not Applicable,Not Applicable,Not Applicable,Not Applicable,Not Applicable,Not Applicable,Meandering rivers,,5.6843418860808e-14,5.6843418860808e-14
L0425,Downstream Effects of Dams on Alluvial Rivers,1984,"Williams, GP, Wolman, MG",https://pubs.usgs.gov/pp/1286/report.pdf,USGS Report,Analysis,"Sediment,Ecological,Hydraulics,Elevation,Channel Geometry",Regression,Not Applicable,Not Applicable,Not Applicable,Yes,Yes,Not Applicable,Not Applicable,Not Applicable,Not Applicable,Not Applicable,Not Applicable,Not Applicable,Not Applicable,,5.6843418860808e-14,5.6843418860808e-14
L0426,Quantifying Sediment Sources to the Suspended Load of an Agricultural Stream Using Radioisotopes,2014,"Wilson, CG, Papanicolaou, AN, Denn, KD, Abban, B",https://doi.org/10.1061/9780784413548.125,Conference Paper,Analysis,"Sediment,Hydraulics,Elevation",Not Applicable,Watershed Planning,Not Applicable,"Bank erosion,Erosion",Not Applicable,Not Applicable,Not Applicable,Not Applicable,Not Applicable,Not Applicable,"Midwest,Agricultural",Land Management,Agriculture,Not Applicable,,5.6843418860808e-14,5.6843418860808e-14
L0427,Combining historical and process perspectives to infer ranges of geomorphic variability and inform river restoration in a wandering gravel-bed river,2012,"Woelfle-Erskine, C, Wilcox, AC, Moore, JN",https://doi.org/10.1002/esp.3276,Journal Article,Analysis,Channel Migration,Not Applicable,"Flood risk,Maintenance",Not Applicable,Not Applicable,Not Applicable,Not Applicable,Not Applicable,Not Applicable,"Flood,Adaptive MaNot Applicablegement,ContamiNot Applicableted Sediment Transport",Not Applicable,Not Applicable,dam removal,Not Applicable,"Braided rivers,meandering rivers,Modified streams",,5.6843418860808e-14,5.6843418860808e-14
L0428,"Bed material sampling in gravel-bed streams, sediment survey section, environment Canada",1986,"Yuzyk, TR",,Book,"Analysis,Methods",Sediment,Not Applicable,Not Applicable,"Gravel,Sand",Bedload,Not Applicable,Not Applicable,Not Applicable,Not Applicable,Not Applicable,Not Applicable,Not Applicable,Not Applicable,Not Applicable,Not Applicable,,5.6843418860808e-14,5.6843418860808e-14
L0429,"Final Report to Congress: The Streambank Erosion Control Evaluation and Demonstration Act of1974, Section 32, Public Law 93-251.  Main Report",1981,USACE,https://usace.contentdm.oclc.org/digital/collection/p16021coll5/id/1227/,USACE Report,Reporting,"Sediment,Hydraulics,Channel Geometry,Erosion,Economic damage",Laboratory Analysis,"Economics,Maintenance",Not Applicable,"Bank erosion,Headcut,Erosion",Not Applicable,Yes,Not Applicable,Not Applicable,"Structure failure,Adaptive MaNot Applicablegement",Ice,Not Applicable,Not Applicable,Not Applicable,Not Applicable,,5.6843418860808e-14,5.6843418860808e-14
L0430,**Public Law 84-99. Emergency Response to Natural Disasters,2003,USACE,https://www.ecfr.gov/current/title-33/chapter-II/part-203,Regulation,Operations,Not Applicable,Not Applicable,Flood risk,Not Applicable,Not Applicable,Not Applicable,Not Applicable,Not Applicable,Not Applicable,"Flood,Drought",Ice,Not Applicable,Not Applicable,Not Applicable,Not Applicable,,5.6843418860808e-14,5.6843418860808e-14
L0431,Environmental Engineering for Flood Control Channels,1989,USACE,https://www.publications.usace.army.mil/portals/76/publications/engineermanuals/em_1110-2-1205.pdf,USACE EM,"Planning,Design,Construction,Maintenance",Not Applicable,Not Applicable,"Flood risk,Maintenance",Not Applicable,Not Applicable,Not Applicable,Yes,Not Applicable,Not Applicable,Not Applicable,Not Applicable,Not Applicable,Not Applicable,Not Applicable,Modified streams,,5.6843418860808e-14,5.6843418860808e-14
L0432,Hydrologic Engineering Requirements for Flood Damage Reduction Studies. EM 1110-2-1419,1995,USACE,https://www.publications.usace.army.mil/Portals/76/Publications/EngineerManuals/EM_1110-2-1419.pdf?ver=2013-09-04-070800-500,USACE EM,"Planning,Design",Not Applicable,"Hydraulic Modeling,Sediment Transport Modeling,Frequency Analysis","Flood risk,Economics",Not Applicable,Not Applicable,Not Applicable,Not Applicable,Not Applicable,Yes,Flood,Not Applicable,Not Applicable,Flood diversion,Not Applicable,Not Applicable,,5.6843418860808e-14,5.6843418860808e-14
L0433,Sedimentation Investigations of Rivers and Reservoirs. EM 1110-2-4000,1995,USACE,https://publibrary.sec.usace.army.mil/api/download?id=39886fde-17c7-425d-8988-0c3ef365e667&filename=EM_1110-2-4000_FINAL_4Aug2025.pdf&token=&preview=true,USACE EM,Planning,Not Applicable,"Laboratory Analysis,Sediment Transport Modeling,Frequency Analysis,Regression",Not Applicable,Not Applicable,"Bank erosion,Headcut,Suspended,Debris,Erosion,Dredging,Bedload",Not Applicable,Not Applicable,Not Applicable,Yes,"Flood,drought,Structure failure,Adaptive MaNot Applicablegement","Debris flow,wildfire,ice",Not Applicable,"Sediment release,Land Management,dam removal",Not Applicable,"Mountain torrents,Alluvial fans,Braided rivers,Arroyos,Meandering rivers,Modified streams,Regulated rivers,Deltas,Underfit streams,Cohesive channels",,5.6843418860808e-14,5.6843418860808e-14
L0434,**Hydraulic Design for Local Flood Protection Projects.  ER 1110-2-1405,1982,USACE,ER 1110-2-1405,USACE EM,Design,Not Applicable,Not Applicable,Not Applicable,Not Applicable,Not Applicable,Not Applicable,Not Applicable,Not Applicable,Not Applicable,Not Applicable,Not Applicable,Not Applicable,Not Applicable,Not Applicable,Not Applicable,,5.6843418860808e-14,5.6843418860808e-14
L0435,"Engineering and Design, Notes on Sedimentation Activities",1981,USACE,https://www.publications.usace.army.mil/Portals/76/Publications/EngineerRegulations/ER_1110-2-4001.pdf,USACE EM,Reporting,Sediment,Not Applicable,Not Applicable,Not Applicable,Not Applicable,Not Applicable,Not Applicable,Not Applicable,Not Applicable,Not Applicable,Not Applicable,Not Applicable,Not Applicable,Not Applicable,Not Applicable,,5.6843418860808e-14,5.6843418860808e-14
L0436,Additional Guidance for Riprap Channel Protection,1971,USACE,,USACE Report,Design,Not Applicable,Hydraulic Equations,Not Applicable,Rock,Not Applicable,Not Applicable,Not Applicable,Not Applicable,Not Applicable,Not Applicable,Not Applicable,Not Applicable,Not Applicable,Not Applicable,Not Applicable,,5.6843418860808e-14,5.6843418860808e-14
L0437,HEC 6 Scour and Deposition in Rivers and Reservoirs: User Manual,1993,HEC,https://www.hec.usace.army.mil/publications/ComputerProgramDocumentation/HEC-6_UsersManual_(CPD-6).pdf,USACE Report,Analysis,Not Applicable,"Hydraulic Equations,Hydraulic Modeling,Sediment Transport Modeling",Not Applicable,Not Applicable,"Suspended,Bedload",Not Applicable,Not Applicable,Not Applicable,Not Applicable,Not Applicable,Not Applicable,Not Applicable,Not Applicable,Not Applicable,Not Applicable,,5.6843418860808e-14,5.6843418860808e-14
L0438,Soil Conservation Service Low Drop Structure Model Study,1991,"Tate, CH",https://hdl.handle.net/11681/13383,ERDC TN,"Design,Analysis",Hydraulics,"Hydraulic Modeling,Laboratory Analysis",Not Applicable,Rock,Erosion,Not Applicable,Not Applicable,Not Applicable,Not Applicable,Not Applicable,Not Applicable,Not Applicable,Not Applicable,Not Applicable,Modified streams,,5.6843418860808e-14,5.6843418860808e-14
L0439,Application of Methods and Models for Prediction of Land Surface Erosion and Yield,1995,USACE-HEC,https://apps.dtic.mil/sti/pdfs/ADA294130.pdf,USACE Report,"Analysis,Methods",Not Applicable,Sediment Transport Modeling,Not Applicable,Not Applicable,Erosion,Not Applicable,Not Applicable,Not Applicable,Not Applicable,Not Applicable,"wildfire,Alluvial Fans",Not Applicable,Not Applicable,Not Applicable,Not Applicable,,5.6843418860808e-14,5.6843418860808e-14
L0440,Sediment Management at the Watershed Level,2012,"Leech, JR, Biedenharn, D",https://apps.dtic.mil/sti/pdfs/ADA571746.pdf,ERDC TN,"Analysis,Methods",Sediment,Sediment Transport Modeling,Watershed Planning,Not Applicable,"Bank erosion,Headcut,Suspended,Erosion",Not Applicable,Not Applicable,Not Applicable,Not Applicable,Not Applicable,Not Applicable,Mississippi Delta,Land Management,Agriculture,Modified streams,,5.6843418860808e-14,5.6843418860808e-14
L0441,Best Practices in Dam and Levee Safety Risk Analysis. Chapter D-1 in Erosion of Rock and Soil. Version 4.1,2019,USBR/USACE,https://www.usbr.gov/damsafety/risk/BestPractices/Chapters/D1-ErosionOfRockAndSoil.pdf,Government Report,"Design,Analysis,Methods","Sediment,Hydraulics,Erosion","Hydraulic Equations,Laboratory Analysis,Sediment Transport Modeling",Not Applicable,"Cohesive,Gravel,Sand,Rock,Silt,Clay","Headcut,Erosion",Not Applicable,Not Applicable,Not Applicable,Not Applicable,Structure failure,Not Applicable,Not Applicable,Not Applicable,Not Applicable,Not Applicable,,5.6843418860808e-14,5.6843418860808e-14
L0442,$ Standard Specifications for Transportation Materials and Methods of Sampling and Testing. Part 1 – Specifications. Reference AASHTO Method M 145,1998,AASHTO,https://store.transportation.org/Item/PublicationDetail?ID=457,Standard,"Analysis,Methods",,,,,,,,,,,,,Not Applicable,,,,5.6843418860808e-14,5.6843418860808e-14
L0443,Selecting a methodology for delineating mudslide hazard areas for the National Flood Insurance Program,1982,NRC,https://doi.org/10.17226/19560,Government Report,"Analysis,Methods",Not Applicable,Regression,Flood Risk,Not Applicable,"Debris,Erosion",Not Applicable,Not Applicable,Not Applicable,Not Applicable,Flood,"Debris flow,Landslide,Alluvial Fans",Not Applicable,Not Applicable,Not Applicable,"Mountain torrents,Alluvial fans",,5.6843418860808e-14,5.6843418860808e-14
L0444,Collection and Use of Total Suspended Solids Data,2006,USGS,https://water.usgs.gov/water-resources/memos/memo.php?id=723,USGS Report,Methods,Not Applicable,Not Applicable,Not Applicable,Suspended,Suspended,Not Applicable,Not Applicable,Not Applicable,Not Applicable,Not Applicable,Not Applicable,Not Applicable,Not Applicable,Not Applicable,Not Applicable,,5.6843418860808e-14,5.6843418860808e-14
L0445,"River-ice ecology. I: Hydrologic, geomorphic, and water-quality aspects",2001,"Prowse, TD",https://doi.org/10.1061/(ASCE)0887-381X(2001)15:1(1),Journal Article,Analysis,Not Applicable,Not Applicable,Not Applicable,Not Applicable,"Bank erosion,Suspended,Bedload",Yes,Yes,Not Applicable,Not Applicable,Not Applicable,Ice,ice-affected rivers,Not Applicable,Not Applicable,Not Applicable,,5.6843418860808e-14,5.6843418860808e-14
L0446,River-ice ecology. II: Biological aspects,2001,"Prowse, TD",https://doi.org/10.1061/(ASCE)0887-381X(2001)15:1(17),Journal Article,Analysis,Not Applicable,Not Applicable,Not Applicable,Not Applicable,Not Applicable,Yes,Yes,Yes,Not Applicable,Not Applicable,Ice,ice-affected rivers,Not Applicable,Not Applicable,Not Applicable,,5.6843418860808e-14,5.6843418860808e-14
L0447,The ecology of river ice,2021,"Thellman, A, Jankowski, KJ, Hayden, B, Yang, X, Dolan, W, Smits, AP, O'Sullivan, AM",https://doi.org/10.1029/2021JG006275,Journal Article,Analysis,Not Applicable,Not Applicable,Not Applicable,Not Applicable,Not Applicable,Yes,Yes,Not Applicable,Not Applicable,Not Applicable,Ice,ice-affected rivers,Not Applicable,Not Applicable,Not Applicable,,5.6843418860808e-14,5.6843418860808e-14
L0448,"Reservoir Conservation Model RESCON 2 Beta, Economic and Engineering Evaluation of Alternative Sediment Management Strategies",2017,"Efthymiou, NP, Palt, S, Annandale, GW, Karki, P",https://www.engr.colostate.edu/~pierre/ce_old/classes/CE716/RESCON2%20Manual_10-08-17.pdf,Design Manual,"Planning,Analysis",Not Applicable,"Sediment Transport Modeling,Regression",Operations,"Sand,Gravel,Rock,Clay","Suspended,Bedload",Not Applicable,Not Applicable,Not Applicable,Yes,Not Applicable,Not Applicable,Not Applicable,"Sediment release,Land Management,Flood diversion",Not Applicable,Not Applicable,,5.6843418860808e-14,5.6843418860808e-14
L0449,Formulas for Sediment Porosity and Settling Velocity,2006,"Wu, W, Wang, SSY",https://doi.org/10.1061/(ASCE)0733-9429(2006)132:8(858),Journal Article,Analysis,"Sediment,Hydraulics","Hydraulic Equations,Sediment Transport Modeling,Regression",Not Applicable,"Gravel,Sand,Silt,Clay","Erosion,Reservoir pool",Not Applicable,Not Applicable,Not Applicable,Not Applicable,Not Applicable,Not Applicable,Worldwide,"Sediment release,Deposition Control",Not Applicable,Not Applicable,,5.6843418860808e-14,5.6843418860808e-14
L0450,Relative scale of time and effectiveness,1978,"Wolman, MG, Gerson, R",https://doi.org/10.1002/esp.3290030207,Journal Article,"Planning,Analysis","Bathymetry,Hydraulics","Hydraulic Modeling,Frequency Analysis,Regression",Watershed planning,Bedload,"Bank erosion,Erosion",Yes,Not Applicable,Not Applicable,Yes,Flood,Landslide,Worldwide,"Sediment release,Land Management",Multi-use,Not Applicable,,5.6843418860808e-14,5.6843418860808e-14
L0451,A scale of grade and class terms for clastic sediments,1922,"Wentworth, CK",https://www.jstor.org/stable/30063207?seq=1#metadata_info_tab_contents,Journal Article,Reporting,Sediment,Not Applicable,Not Applicable,"Gravel,Rock,Sand,Silt,Clay",Not Applicable,Not Applicable,Not Applicable,Not Applicable,Not Applicable,Not Applicable,Not Applicable,"USA,England",Not Applicable,Not Applicable,Not Applicable,,5.6843418860808e-14,5.6843418860808e-14
L0452,Mechanical composition of clastic sediments,1914,"Udden, JA",https://doi.org/10.1130/GSAB-25-655,Journal Article,Reporting,Sediment,Not Applicable,Not Applicable,"Gravel,Rock,Sand,Silt,Clay",Not Applicable,Not Applicable,Not Applicable,Not Applicable,Not Applicable,Not Applicable,Not Applicable,Worldwide,Not Applicable,Not Applicable,Not Applicable,,5.6843418860808e-14,5.6843418860808e-14
L0453,"Principles, methods, and application of particle size analysis",1991,"Syvitski, J",https://doi.org/10.1017/CBO9780511626142,Book,"Reporting,Analysis",Sediment,Laboratory Analysis,Not Applicable,"Gravel,Sand,Silt,Clay",Not Applicable,Not Applicable,Not Applicable,Not Applicable,Not Applicable,Not Applicable,Not Applicable,Not Applicable,Not Applicable,Not Applicable,Not Applicable,,5.6843418860808e-14,5.6843418860808e-14
L0454,Forms of bed roughness in alluvial channels,1961,"Simons, DB, Richardson, EV",https://doi.org/10.1061/JYCEAJ.0000612,Journal Article,Analysis,"Bathymetry,Sediment,Hydraulics","Laboratory Analysis,Sediment Transport Modeling",Not Applicable,"Sand,Suspended,Bedload","Erosion,Suspended",Not Applicable,Not Applicable,Not Applicable,Not Applicable,Not Applicable,Not Applicable,Not Applicable,"Sediment release,Deposition Control",Not Applicable,Not Applicable,,5.6843418860808e-14,5.6843418860808e-14
L0455,Uniform water conveyance channels in alluvial material,1963,"Simons, DB, Albertson, ML",https://doi.org/10.1061/TACEAT.0008728,Journal Article,Analysis,"Bathymetry,Sediment,Hydraulics","Laboratory Analysis,Sediment Transport Modeling,Regression",Not Applicable,"Cohesive,Gravel,Sand","Erosion,Suspended",Not Applicable,Not Applicable,Not Applicable,Not Applicable,Not Applicable,Not Applicable,"India,Wyoming,Colorado,Nebraska","Sediment release,Deposition Control",Not Applicable,Not Applicable,,5.6843418860808e-14,5.6843418860808e-14
L0456,Theory and design of stable channels in alluvial materials,1957,"Simons, DB",http://hdl.handle.net/10217/68215,Thesis,Analysis,"Bathymetry,Sediment,Hydraulics","Laboratory Analysis,Sediment Transport Modeling,Regression",Not Applicable,"Cohesive,Gravel,Sand","Erosion,Suspended",Not Applicable,Not Applicable,Not Applicable,Not Applicable,Not Applicable,Not Applicable,"India,Wyoming,Colorado,Nebraska","Sediment release,Deposition Control",Not Applicable,Not Applicable,,5.6843418860808e-14,5.6843418860808e-14
L0457,Development and Prediction of Bed Armoring,1983,"Shen, HW, Lu, JY",https://doi.org/10.1061/(ASCE)0733-9429(1983)109:4(611),Journal Article,"Reporting,Analysis","Bathymetry,Sediment,Hydraulics","Laboratory Analysis,Sediment Transport Modeling,Regression",Not Applicable,"Suspended,Bedload","Erosion,Suspended",Not Applicable,Not Applicable,Not Applicable,Not Applicable,Not Applicable,Not Applicable,"Colorado,Nebraska","Sediment release,Deposition Control",Not Applicable,Not Applicable,,5.6843418860808e-14,5.6843418860808e-14
L0458,Experiments on downstream fining of gravel: I. Narrow-channel runs,1997,"Seal, R, Paola, C, Parker, G, Southard, JB, Wilcock, PR",http://dx.doi.org/10.1061/(ASCE)0733-9429(1997)123:10(874),Journal Article,Analysis,"Bathymetry,Sediment,Hydraulics",Laboratory Analysis,Not Applicable,"Gravel,Sand","Erosion,Suspended",Not Applicable,Not Applicable,Not Applicable,Not Applicable,Not Applicable,Not Applicable,Not Applicable,"Sediment release,Deposition Control",Not Applicable,Not Applicable,,5.6843418860808e-14,5.6843418860808e-14
L0459,Experimental Study of Channel Patterns,1972,"Schumm, SA, Khan, HR",https://doi.org/10.1130/0016-7606(1972)83[1755:ESOCP]2.0.CO;2,Journal Article,Analysis,"Bathymetry,Sediment,Hydraulics",Laboratory Analysis,Not Applicable,Clay,"Erosion,Suspended",Not Applicable,Not Applicable,Not Applicable,Not Applicable,Not Applicable,Not Applicable,Not Applicable,"Sediment release,Deposition Control",Not Applicable,"Meandering rivers,Braided rivers",,5.6843418860808e-14,5.6843418860808e-14
L0460,Nationwide summary of U.S. Geological Survey regional regression equations for estimating magnitude and frequency of floods for ungaged sites,1994,USGS,https://doi.org/10.3133/wri944002,USGS Report,"Planning,Design",Rainfall,"Frequency Analysis,Regression",Flood Risk,Not Applicable,Not Applicable,Not Applicable,Not Applicable,Not Applicable,Not Applicable,Flood,Not Applicable,Not Applicable,Not Applicable,Not Applicable,Not Applicable,,5.6843418860808e-14,5.6843418860808e-14
L0461,Downstream coarsening in headwater channels,2003,"Brummer, CJ, Montgomery, DR",https://agupubs.onlinelibrary.wiley.com/doi/10.1029/2003WR001981,Journal Article,Analysis,"Sediment,Elevation,Channel Geometry",Regression,Not Applicable,"Gravel,Bedload,Woody Particles","Bank erosion,Suspended,Debris,Erosion,Bedload",Not Applicable,Not Applicable,Not Applicable,Not Applicable,Not Applicable,Debris flow,Mountain draiNot Applicablege basins,Not Applicable,forestry,Mountain torrents,,5.6843418860808e-14,5.6843418860808e-14
L0462,RUSLE: Revised universal soil loss equation,1991,"Renard, KG, Foster, GR, Weesies, GA, Porter, JP",https://www.jswconline.org/content/46/1/30,Journal Article,"Planning,Design,Reporting","Sediment,Hydraulics",Sediment Transport Modeling,Watershed planning,"Suspended,Bedload",Erosion,Not Applicable,Not Applicable,Not Applicable,Not Applicable,Not Applicable,Not Applicable,Worldwide,Land Management,Agriculture,Not Applicable,,5.6843418860808e-14,5.6843418860808e-14
L0463,Soil and water assessment tool theoretical documentation version 2009,2011,"Neitsch, S, Arnold, J, Kiniry, JR, Williams, J",https://hdl.handle.net/1969.1/128050,Government Report,"Planning,Reporting","Water Quality,Sediment,Ecological,Hydraulics","Hydraulic Modeling,Sediment Transport Modeling",Watershed planning,Suspended,Erosion,Yes,Yes,Yes,Yes,Adaptive MaNot Applicablegement,Not Applicable,United States,Land Management,"Urban,Agriculture",Not Applicable,,5.6843418860808e-14,5.6843418860808e-14
L0464,Tractive force design of vegetated channels,1980,"Temple, DM",https://doi.org/10.13031/2013.34681,Journal Article,"Design,Analysis","Bathymetry,Hydraulics",Hydraulic Equations,"Flood risk,Operations",Not Applicable,Not Applicable,Yes,Yes,Yes,Not Applicable,Not Applicable,Not Applicable,Not Applicable,Not Applicable,Not Applicable,Modified Streams,,5.6843418860808e-14,5.6843418860808e-14
L0465,This is a Test,1111,Jane Doe,,Journal Article,,Bathymetry,Ecological_Modeling,Watershed planning,Clay,Suspended,,,Yes,,Adaptive_Management,Not_Applicable,Narnia,Sediment_release,Multi-use,Mountain_torrents,"Narnia Test 123, (USA) East of the Rocky Mountains",0,0
L0466,"Continuous Reservoir Sedimentation Management: Cost-Effective Hydrosuction DredgingDemonstration at John Redmond Reservoir, Kansas",2026,"Lee, J, Shelley, J, Hansen, C, Chu, S, Hill-Nelson, S, Olson, J",https://ewr.openei.org/submissions/97,Government Report,"Operations,Maintenance,Analysis",Not_Applicable,Not_Applicable,"Economics,Maintenance,Operations",Not_Applicable,"Reservoir_pool,Reservoir_release",Not Applicable,Not Applicable,Not Applicable,Not Applicable,Not_Applicable,Not_Applicable,Kansas,Sediment_release,Not_Applicable,Not_Applicable,John Redmond Dam,0,0
